First Name,Last Name,Title,Email,Phone Number,Corporate Phone,LinkedIn URL,Business Name,State,Country,Website,Vertical,Source,"Source Detail (the specific campaign, form, or calendar link tag)",Company Linkedin Url,Facebook Url,Twitter Url,,Shared with Ed?
Yohannie,Linggasari,"Senior Marketing & Comms Lead, SEA",yohannie.linggasari@bybit.com,+62 812 73459590,,http://www.linkedin.com/in/yohannie-linggasari-89587089,Bybit,,Indonesia,https://bybit.com,Crypto Brand,Apollo,,http://www.linkedin.com/company/bybitexchange,https://facebook.com/Bybit,https://twitter.com/Bybit_Official,,
Renan,Manzelli,Growth Marketing Manager - Latam,renan.manzelli@bitget.com,+55 11 94010-1951,,http://www.linkedin.com/in/renan-de-melo-manzelli-50571a14a,Bitget,State of Sao Paulo,Brazil,https://bitget.com,Crypto Brand,Apollo,,http://www.linkedin.com/company/bitget-global,https://facebook.com/BitgetGlobalOfficial,https://twitter.com/bitgetglobal,,
Michel,Gustavsson,"Business Development, Co-founder Bitrefill",michel@bitrefill.com,+46 733 77 45 05,,http://www.linkedin.com/in/michelgustavsson,Bitrefill,,Sweden,https://bitrefill.com,Crypto Brand,Apollo,,http://www.linkedin.com/company/bitrefill,https://www.facebook.com/bitrefill,https://www.twitter.com/bitrefill,,
Markus,Hofmeister,Senior Strategic Project Manager (CEO Office),markus.hofmeister@okx.com,+49 175 3186479,+1 888-201-8380,http://www.linkedin.com/in/markus-hofmeister,OKX,,Singapore,https://okx.com,Crypto Brand,Apollo,,http://www.linkedin.com/company/okxofficial,https://facebook.com/okxofficial,https://twitter.com/okx,,
Vipin,Sasi,Brand Marketing Manager,vip.sasidharan@bingx.com,+971 56 947 4697,,http://www.linkedin.com/in/vipinsasidharan,BingX,Dubai,United Arab Emirates,https://bingx.com,Crypto Brand,Apollo,,http://www.linkedin.com/company/bingxofficial,https://www.facebook.com/bingx.global.offi,https://twitter.com/BingXOfficial,,
Lina,Wang,Marketing Manager,lina.wang@okg.com,+86 130 8118 1329,+1 888-201-8380,http://www.linkedin.com/in/lina-wang-9006b5110,OKX,,China,https://okx.com,Crypto Brand,Apollo,,http://www.linkedin.com/company/okxofficial,https://facebook.com/okxofficial,https://twitter.com/okx,,
Dariusz,Kachel,CEO & Founder,dariusz@cointracking.info,+49 1512 3426947,+49 42 42289955,http://www.linkedin.com/in/dariusz-kachel,CoinTracking,Bavaria,Germany,https://cointracking.info,Crypto Brand,Apollo,,http://www.linkedin.com/company/cointracking,https://www.facebook.com/CoinTrackingOfficial/,https://twitter.com/CryptoDashboard,,
Pilar,Zhou,Senior Brand and Marketing Specialist | FIAT Brand and Events,pilar.zhouchen@bybit.com,,,http://www.linkedin.com/in/pilar-z-a0a516109,Bybit,Community of Madrid,Spain,https://bybit.com,Crypto Brand,Apollo,,http://www.linkedin.com/company/bybitexchange,https://facebook.com/Bybit,https://twitter.com/Bybit_Official,,
Valentina,Cross,Senior Director of Marketing,vcross@moonpay.com,+49 179 3996793,+1 833-610-0735,http://www.linkedin.com/in/valentinaacross,MoonPay,,Portugal,https://moonpay.com,Crypto Brand,Apollo,,http://www.linkedin.com/company/moonpay,https://facebook.com/officialmoonpay/,https://twitter.com/moonpay,,
Saffi,Lee,Influencer Marketing,saffi.l@bingx.com,,,http://www.linkedin.com/in/saffi-lee-49618b353,BingX,,Macau,https://bingx.com,Crypto Brand,Apollo,,http://www.linkedin.com/company/bingxofficial,https://www.facebook.com/bingx.global.offi,https://twitter.com/BingXOfficial,,
Daniel,Kan,"Head of Lifecycle Marketing, Americas",daniel.kan@okx.com,+1 408-410-2380,+1 888-201-8380,http://www.linkedin.com/in/kandaniel,OKX,California,United States,https://okx.com,Crypto Brand,Apollo,,http://www.linkedin.com/company/okxofficial,https://facebook.com/okxofficial,https://twitter.com/okx,,
Vanida,Englerdchaphat,Senior Marketing Manager - Growth,vanida.englerdchaphat@okx.com,+1 626-315-5503,+1 888-201-8380,http://www.linkedin.com/in/vanida-englerdchaphat-16712873,OKX,California,United States,https://okx.com,Crypto Brand,Apollo,,http://www.linkedin.com/company/okxofficial,https://facebook.com/okxofficial,https://twitter.com/okx,,
Stephen,Pair,CEO,stephen@bitpay.com,+1 678-523-2166,+1 404-907-2055,http://www.linkedin.com/in/stephen-pair-9a332b9,BitPay,,United States,https://bitpay.com,Crypto Brand,Apollo,,http://www.linkedin.com/company/bitpay-inc-,https://www.facebook.com/pages/BitPay/123776377703872,http://twitter.com/bitpay,,
Rebecca,Siow,Product Marketing Manager,rebecca.siow@bitget.com,+86 138 1191 3590,,http://www.linkedin.com/in/becky-siow,Bitget,,Hong Kong,https://bitget.com,Crypto Brand,Apollo,,http://www.linkedin.com/company/bitget-global,https://facebook.com/BitgetGlobalOfficial,https://twitter.com/bitgetglobal,,
Irmantas,Baciulis,Co-Founder & CTO,irmantas@coingate.com,+370 604 65469,+49 50 40040066,http://www.linkedin.com/in/irmantas-baciulis,CoinGate,Vilnius County,Lithuania,https://coingate.com,Crypto Brand,Apollo,,http://www.linkedin.com/company/coingate,https://www.facebook.com/coingatecom/,https://twitter.com/CoinGatecom/,,
Mubashir,Talha,Online Marketing Associate,mubashir.talha@okx.com,,+1 888-201-8380,http://www.linkedin.com/in/mubashir-hussain-talha-106875282,OKX,Gilgit-Baltistan,,https://okx.com,Crypto Brand,Apollo,,http://www.linkedin.com/company/okxofficial,https://facebook.com/okxofficial,https://twitter.com/okx,,
Victoria,Furtuna,Senior Associate B2B Marketing,victoria.furtuna@bitpanda.com,+39 389 161 8611,,http://www.linkedin.com/in/victoria-furtuna-012a02212,Bitpanda,Vienna,Austria,https://bitpanda.com,Crypto Brand,Apollo,,http://www.linkedin.com/company/bitpanda,https://www.facebook.com/Coinimal,https://www.twitter.com/coinimal,,
Muskan,Bhandari,Product Marketing Manager,muskan.bhandari@transak.com,+91 93765 95766,,http://www.linkedin.com/in/muskan-bhandari-980227192,Transak,Maharashtra,India,https://transak.com,Crypto Brand,Apollo,,http://www.linkedin.com/company/transak,,https://twitter.com/intent/follow?screen_name=transak_finance,,
Matej,Zak,Chief Executive Officer,matej.zak@satoshilabs.com,+420 724 142 041,+420 773 774 413,http://www.linkedin.com/in/matejzak,Trezor,Hlavni mesto Praha,Czech Republic,https://trezor.io,Crypto Brand,Apollo,,http://www.linkedin.com/company/trezor,https://www.facebook.com/trezor.io/,https://twitter.com/trezor,,
Kirill,Stepanenko,Marketing Manager,kirill.stepanenko@mexc.com,+84 38 3001 089,,http://www.linkedin.com/in/kirillstepanenko,MEXC,Khanh Hoa Province,Vietnam,https://mexc.com,Crypto Brand,Apollo,,http://www.linkedin.com/company/mexcofficial,https://facebook.com/mexcglobal/,https://twitter.com/MEXC_Global,,
Lara,Curran,Content Marketing,lara@rarible.com,,+1 415-293-8060,http://www.linkedin.com/in/lara-curran-a933111a3,Rarible,,Ireland,https://rarible.com,Crypto Brand,Apollo,,http://www.linkedin.com/company/rarible,https://facebook.com/rarible/,https://twitter.com/rarible,,
Maggie,Tan,Deputy General Manager cum Executive Assistant to Chief Executive Officer,maggietan@mexc.com,+60 4-461 3038,,http://www.linkedin.com/in/maggie-tan-bb250a143,MEXC,,Singapore,https://mexc.com,Crypto Brand,Apollo,,http://www.linkedin.com/company/mexcofficial,https://facebook.com/mexcglobal/,https://twitter.com/MEXC_Global,,
Mael,Gaillard,Marketplace Marketing Analyst,mael.gaillard@ledger.fr,,+1 617-786-7013,http://www.linkedin.com/in/mael-gaillard,Ledger,Ile-de-France,France,https://ledger.com,Crypto Brand,Apollo,,http://www.linkedin.com/company/ledgerhq,http://facebook.com/ledgerhq,http://twitter.com/ledgerhq,,
Antoni,Trenchev,Co-Founder and Managing Partner,antoni@nexo.com,,+1 650-610-5200,http://www.linkedin.com/in/antoni-trenchev,Nexo,,United Arab Emirates,https://nexo.com,Crypto Brand,Apollo,,http://www.linkedin.com/company/nexofinance,https://facebook.com/nexofinance/,https://twitter.com/Nexo,,
Charline,Mura,Lead Marketing Specialist - European Market,charline.mura@bybit.com,,,http://www.linkedin.com/in/charline-mura,Bybit,Shanghai,China,https://bybit.com,Crypto Brand,Apollo,,http://www.linkedin.com/company/bybitexchange,https://facebook.com/Bybit,https://twitter.com/Bybit_Official,,
Rachel,Austin,Chief Executive Officer,rachel.austin@bitget.com,,,http://www.linkedin.com/in/rachel-austin-872769287,Bitget,Iowa,United States,https://bitget.com,Crypto Brand,Apollo,,http://www.linkedin.com/company/bitget-global,https://facebook.com/BitgetGlobalOfficial,https://twitter.com/bitgetglobal,,
Susandra,Soumetho,Senior Executive Assistant to Chief Executive Officer,susandra.soumetho@okx.com,,+1 888-201-8380,http://www.linkedin.com/in/susandra-soumetho-17bbb0385,OKX,New York,United States,https://okx.com,Crypto Brand,Apollo,,http://www.linkedin.com/company/okxofficial,https://facebook.com/okxofficial,https://twitter.com/okx,,
Krista,Robertson,Sr. Email Marketing Manager,krobertson@bitpay.com,,+1 404-907-2055,http://www.linkedin.com/in/krista-robertson-marketing,BitPay,Georgia,United States,https://bitpay.com,Crypto Brand,Apollo,,http://www.linkedin.com/company/bitpay-inc-,https://www.facebook.com/pages/BitPay/123776377703872,http://twitter.com/bitpay,,
Eduard,Yamilov,Senior Marketing Manager,eduard@bitget.com,,,http://www.linkedin.com/in/eduard-yamilov-864226169,Bitget,Dubai,United Arab Emirates,https://bitget.com,Crypto Brand,Apollo,,http://www.linkedin.com/company/bitget-global,https://facebook.com/BitgetGlobalOfficial,https://twitter.com/bitgetglobal,,
Eugenia,Salvioli,Performance Marketing,eugenia.salvioli@bitpanda.com,,,http://www.linkedin.com/in/eugenia-salvioli,Bitpanda,Vienna,Austria,https://bitpanda.com,Crypto Brand,Apollo,,http://www.linkedin.com/company/bitpanda,https://www.facebook.com/Coinimal,https://www.twitter.com/coinimal,,
Alexandra,Reyes,Product Marketing Manager,alexandra@cointracker.com,,,http://www.linkedin.com/in/alexandra-reyes-marketer,CoinTracker,California,United States,https://cointracker.io,Crypto Brand,Apollo,,http://www.linkedin.com/company/cointracker,https://facebook.com/CoinTracker/,https://twitter.com/cointracker,,
Jean,Mennesson,Influence Marketing,jean.mennesson@ledger.fr,,+1 617-786-7013,http://www.linkedin.com/in/jean-mennesson,Ledger,,France,https://ledger.com,Crypto Brand,Apollo,,http://www.linkedin.com/company/ledgerhq,http://facebook.com/ledgerhq,http://twitter.com/ledgerhq,,
Ariel,Wengroff,"EVP, Communications & Marketing",ariel.wengroff@ledger.fr,,+1 617-786-7013,http://www.linkedin.com/in/ariel-wengroff-24522343,Ledger,New York,United States,https://ledger.com,Crypto Brand,Apollo,,http://www.linkedin.com/company/ledgerhq,http://facebook.com/ledgerhq,http://twitter.com/ledgerhq,,
Faisal,Rizky,Digital Marketing Specialist,faisal.rizky@bybit.com,,,http://www.linkedin.com/in/faisal-muhamad-rizky-7061a4327,Bybit,West Java,Indonesia,https://bybit.com,Crypto Brand,Apollo,,http://www.linkedin.com/company/bybitexchange,https://facebook.com/Bybit,https://twitter.com/Bybit_Official,,
Emmanuel,Asamoah,Senior Growth Marketing Manager,emmanuel.asamoah@bybit.com,,,http://www.linkedin.com/in/emmanuel-a-b80a3058,Bybit,New York,United States,https://bybit.com,Crypto Brand,Apollo,,http://www.linkedin.com/company/bybitexchange,https://facebook.com/Bybit,https://twitter.com/Bybit_Official,,
Morgan,Tombler,"Sr. Manager, Marketing",mtombler@bitpay.com,,+1 404-907-2055,http://www.linkedin.com/in/morgantombler,BitPay,Colorado,United States,https://bitpay.com,Crypto Brand,Apollo,,http://www.linkedin.com/company/bitpay-inc-,https://www.facebook.com/pages/BitPay/123776377703872,http://twitter.com/bitpay,,
Ke,Jin,"Marketing Manager in Marketing, Growth and Listing",cony.jin@okx.com,,+1 888-201-8380,http://www.linkedin.com/in/ke-jin-996866ba,OKX,New York,United States,https://okx.com,Crypto Brand,Apollo,,http://www.linkedin.com/company/okxofficial,https://facebook.com/okxofficial,https://twitter.com/okx,,
Khushi,Chaudhary,Marketing Manager - South Asia,khushi.chaudhary@bitget.com,,,http://www.linkedin.com/in/khushi-chaudhary,Bitget,Karnataka,India,https://bitget.com,Crypto Brand,Apollo,,http://www.linkedin.com/company/bitget-global,https://facebook.com/BitgetGlobalOfficial,https://twitter.com/bitgetglobal,,
Rifad,Mahasneh,Chief Executive Officer - MENA and CIS Regions,rifad.mahasneh@okx.com,,+1 888-201-8380,http://www.linkedin.com/in/rifad-mahasneh-29568929,OKX,,United Arab Emirates,https://okx.com,Crypto Brand,Apollo,,http://www.linkedin.com/company/okxofficial,https://facebook.com/okxofficial,https://twitter.com/okx,,
Cindy,Chen,Performance Marketing Specialist,cindy1.chen@bybit.com,,,http://www.linkedin.com/in/cindy-chen-9768a2216,Bybit,Shanghai,China,https://bybit.com,Crypto Brand,Apollo,,http://www.linkedin.com/company/bybitexchange,https://facebook.com/Bybit,https://twitter.com/Bybit_Official,,
Carolyn,Vivianty,Senior Global Marketing Manager,carolyn.vivianty@okx.com,,+1 888-201-8380,http://www.linkedin.com/in/carolynvivianty,OKX,,Singapore,https://okx.com,Crypto Brand,Apollo,,http://www.linkedin.com/company/okxofficial,https://facebook.com/okxofficial,https://twitter.com/okx,,
Zara,Mkrtchyan,Marketing Specialist,sofi.grigoryan@coinstats.app,,,http://www.linkedin.com/in/zara-mkrtchyan-6327bb283,CoinStats,Zaporizhia Oblast,Ukraine,https://coinstats.app,Crypto Brand,Apollo,,http://www.linkedin.com/company/coinstats,https://facebook.com/coinstats,https://twitter.com/coinstats,,
Varun,Jose,Marketing Strategy - Manager,varunjose@rideriver.com,,+91 88880 12586,http://www.linkedin.com/in/varunjose-brandguy,River,Kerala,India,https://river.com,Crypto Brand,Apollo,,http://www.linkedin.com/company/rideriver,https://facebook.com/RiverFinancialOfficial,https://twitter.com/River,,
Kimberly,Jin,Global Product Marketing,kimberly.jin@bitget.com,,,http://www.linkedin.com/in/kimberlyjin,Bitget,,United Arab Emirates,https://bitget.com,Crypto Brand,Apollo,,http://www.linkedin.com/company/bitget-global,https://facebook.com/BitgetGlobalOfficial,https://twitter.com/bitgetglobal,,
Velimar,Molina,Partner Marketing & Growth Associate,vmolina@moonpay.com,,+1 833-610-0735,http://www.linkedin.com/in/velimar-molina-3487b5131,MoonPay,New York,United States,https://moonpay.com,Crypto Brand,Apollo,,http://www.linkedin.com/company/moonpay,https://facebook.com/officialmoonpay/,https://twitter.com/moonpay,,
Santiago,Bullrich,Head of Marketing (latam),santiago.bullrich@nexo.com,,+1 650-610-5200,http://www.linkedin.com/in/santiagobullrich,Nexo,,Argentina,https://nexo.com,Crypto Brand,Apollo,,http://www.linkedin.com/company/nexofinance,https://facebook.com/nexofinance/,https://twitter.com/Nexo,,
Ludovica,Notari,Global Marketing Specialist,ludovica.notari@bitpanda.com,,,http://www.linkedin.com/in/ludovica-notari,Bitpanda,Lombardy,Italy,https://bitpanda.com,Crypto Brand,Apollo,,http://www.linkedin.com/company/bitpanda,https://www.facebook.com/Coinimal,https://www.twitter.com/coinimal,,
Lilia,Malikova,Marketing Manager,lilia.m@bitget.com,,,http://www.linkedin.com/in/lilia-m-670321228,Bitget,Dubai,United Arab Emirates,https://bitget.com,Crypto Brand,Apollo,,http://www.linkedin.com/company/bitget-global,https://facebook.com/BitgetGlobalOfficial,https://twitter.com/bitgetglobal,,
Zac,McClure,Co-Founder & CEO,zac@tokentax.co,,+1 845-663-1173,http://www.linkedin.com/in/zac-mcclure-4356b96,TokenTax,New York,United States,https://tokentax.co,Crypto Brand,Apollo,,http://www.linkedin.com/company/tokentax,https://facebook.com/tokentax,https://twitter.com/tokentax,,
Abel,Bassey,Marketing Lead,abel.bassey@bybit.com,,,http://www.linkedin.com/in/abel-bassey-48a840119,Bybit,Rivers,Nigeria,https://bybit.com,Crypto Brand,Apollo,,http://www.linkedin.com/company/bybitexchange,https://facebook.com/Bybit,https://twitter.com/Bybit_Official,,
Bijal,Krishnadas,Marketing Program Manager,bijal@rideriver.com,,+91 88880 12586,http://www.linkedin.com/in/bijal-pandya-krishnadas-55b6684,River,Karnataka,India,https://river.com,Crypto Brand,Apollo,,http://www.linkedin.com/company/rideriver,https://facebook.com/RiverFinancialOfficial,https://twitter.com/River,,
Sarah,Traxler,Senior Product Marketing Manager,sarah.traxler@bitpanda.com,,,http://www.linkedin.com/in/sarah-traxler97,Bitpanda,Vienna,Austria,https://bitpanda.com,Crypto Brand,Apollo,,http://www.linkedin.com/company/bitpanda,https://www.facebook.com/Coinimal,https://www.twitter.com/coinimal,,
Fabian,Steger,Director Commercial Operations / Marketing,fabian.steger@bitpanda.com,,,http://www.linkedin.com/in/fabian-steger,Bitpanda,Bavaria,Germany,https://bitpanda.com,Crypto Brand,Apollo,,http://www.linkedin.com/company/bitpanda,https://www.facebook.com/Coinimal,https://www.twitter.com/coinimal,,
Eva,Khoroshina,Growth Marketing (EU Region),eva.khoroshina@bybit.com,,,http://www.linkedin.com/in/eva-khoroshina,Bybit,,Spain,https://bybit.com,Crypto Brand,Apollo,,http://www.linkedin.com/company/bybitexchange,https://facebook.com/Bybit,https://twitter.com/Bybit_Official,,
Derek,Dai,Head of Marketing Operations,derek.dai@bybit.com,,,http://www.linkedin.com/in/derek-dai-92b66b236,Bybit,,United Arab Emirates,https://bybit.com,Crypto Brand,Apollo,,http://www.linkedin.com/company/bybitexchange,https://facebook.com/Bybit,https://twitter.com/Bybit_Official,,
Matteo,Mariat,Head of Performance Marketing,matteo.mariat@ledger.fr,,+1 617-786-7013,http://www.linkedin.com/in/matteo-mariat,Ledger,Ile-de-France,France,https://ledger.com,Crypto Brand,Apollo,,http://www.linkedin.com/company/ledgerhq,http://facebook.com/ledgerhq,http://twitter.com/ledgerhq,,
Jonas,Gilys,Co-Founder,jonas@coingate.com,,+49 50 40040066,http://www.linkedin.com/in/jonas-gilys-30abb1165,CoinGate,,Lithuania,https://coingate.com,Crypto Brand,Apollo,,http://www.linkedin.com/company/coingate,https://www.facebook.com/coingatecom/,https://twitter.com/CoinGatecom/,,
Alexander,Salnikov,"Building Something new, Co-founder",a@rarible.com,+1 952-345-2647,+1 415-293-8060,http://www.linkedin.com/in/salnikov1,Rarible,New York,United States,https://rarible.com,Crypto Brand,Apollo,,http://www.linkedin.com/company/rarible,https://facebook.com/rarible/,https://twitter.com/rarible,,
Sami,Start,Co-Founder & CEO,sami@transak.com,,,http://www.linkedin.com/in/samistart,Transak,Florida,United States,https://transak.com,Crypto Brand,Apollo,,http://www.linkedin.com/company/transak,,https://twitter.com/intent/follow?screen_name=transak_finance,,
Jacob,Horne,Cofounder,j@zora.co,,+1 415-604-0161,http://www.linkedin.com/in/hornejacob,ZORA,,United States,https://zora.co,Crypto Brand,Apollo,,http://www.linkedin.com/company/ourzora,https://facebook.com/BenslimanZora/,https://twitter.com/zoramag,,
Gracy,Chen,CEO,gracy.chen@bitget.com,,,http://www.linkedin.com/in/gracychen,Bitget,,United Arab Emirates,https://bitget.com,Crypto Brand,Apollo,,http://www.linkedin.com/company/bitget-global,https://facebook.com/BitgetGlobalOfficial,https://twitter.com/bitgetglobal,,
Brian,Lancey,"Global Head of Brand Marketing & Campaigns, Social Media + Sponsorships",brian.lancey@okx.com,,+1 888-201-8380,http://www.linkedin.com/in/brian-lancey,OKX,New York,United States,https://okx.com,Crypto Brand,Apollo,,http://www.linkedin.com/company/okxofficial,https://facebook.com/okxofficial,https://twitter.com/okx,,
Annalena,Zwertvaegher,Senior Performance Marketing Manager,annalena.zwertvaegher@ledger.fr,,+1 617-786-7013,http://www.linkedin.com/in/annal%c3%a9na-z-46923a113,Ledger,Ile-de-France,France,https://ledger.com,Crypto Brand,Apollo,,http://www.linkedin.com/company/ledgerhq,http://facebook.com/ledgerhq,http://twitter.com/ledgerhq,,
Vipin,George,Co-Founder,vipin@rideriver.com,,+91 88880 12586,http://www.linkedin.com/in/vipingeorge,River,Karnataka,India,https://river.com,Crypto Brand,Apollo,,http://www.linkedin.com/company/rideriver,https://facebook.com/RiverFinancialOfficial,https://twitter.com/River,,
Harshit,Gangwar,Head of Marketing & Investor Relations,harshit.gangwar@transak.com,,,http://www.linkedin.com/in/hgangwar,Transak,Dubai,United Arab Emirates,https://transak.com,Crypto Brand,Apollo,,http://www.linkedin.com/company/transak,,https://twitter.com/intent/follow?screen_name=transak_finance,,
Georg,Harer,Co-CEO Bybit EU,georg.harer@bybit.com,,,http://www.linkedin.com/in/georgharer,Bybit,Vienna,Austria,https://bybit.com,Crypto Brand,Apollo,,http://www.linkedin.com/company/bybitexchange,https://facebook.com/Bybit,https://twitter.com/Bybit_Official,,
Daniel,Izzo,Product Marketing Director,daniel.i@bitget.com,,,http://www.linkedin.com/in/daniel-izzo-9b8a73265,Bitget,England,United Kingdom,https://bitget.com,Crypto Brand,Apollo,,http://www.linkedin.com/company/bitget-global,https://facebook.com/BitgetGlobalOfficial,https://twitter.com/bitgetglobal,,
Felix,Fan,Chief Executive Officer,felix.fan@trustwallet.com,,,http://www.linkedin.com/in/fanchiyinfelix,Trust Wallet,,Hong Kong,https://trustwallet.com,Crypto Brand,Apollo,,http://www.linkedin.com/company/trustwallet,https://facebook.com/trustwalletapp,https://twitter.com/trustwallet,,
Ben,Zhou,Co-Founder and CEO,y.zhou@bybit.com,,,http://www.linkedin.com/in/ben-zhou-b979ba28,Bybit,,Singapore,https://bybit.com,Crypto Brand,Apollo,,http://www.linkedin.com/company/bybitexchange,https://facebook.com/Bybit,https://twitter.com/Bybit_Official,,
Patricia,Concepcion Garcia,Head of Growth Operations & Product Marketing,patricia.garcia@bitpanda.com,,,http://www.linkedin.com/in/patriciaconcepciongarcia,Bitpanda,Community of Madrid,Spain,https://bitpanda.com,Crypto Brand,Apollo,,http://www.linkedin.com/company/bitpanda,https://www.facebook.com/Coinimal,https://www.twitter.com/coinimal,,
Esther,Gilli,Senior Marketing and PR Manager,esther.g@bitget.com,+43 7435 500634,,http://www.linkedin.com/in/esthergilli,Bitget,,Italy,https://bitget.com,Crypto Brand,Apollo,,http://www.linkedin.com/company/bitget-global,https://facebook.com/BitgetGlobalOfficial,https://twitter.com/bitgetglobal,,
Ilya,Komolkin,"Co-Founder, Head of Design",i@rarible.com,,+1 415-293-8060,http://www.linkedin.com/in/komolkin,Rarible,Ile-de-France,France,https://rarible.com,Crypto Brand,Apollo,,http://www.linkedin.com/company/rarible,https://facebook.com/rarible/,https://twitter.com/rarible,,
Marting,Law,"Marketing Director, Emerging Markets",mlaw@kucoin.com,,+352 31 23 52 51,http://www.linkedin.com/in/martinjlaw,KuCoin Exchange,,Singapore,https://kucoin.com,Crypto Brand,Apollo,,http://www.linkedin.com/company/kucoin,https://facebook.com/KuCoinIndia/,https://twitter.com/kucoincom,,
Alex,Miles,Co-Founder,alex@tokentax.co,,+1 845-663-1173,http://www.linkedin.com/in/milesalex3,TokenTax,New York,United States,https://tokentax.co,Crypto Brand,Apollo,,http://www.linkedin.com/company/tokentax,https://facebook.com/tokentax,https://twitter.com/tokentax,,
Kristin,Hamamcioglu,"Director of Brand Marketing, Europe & MENA",kristin.hamamcioglu@okx.com,,+1 888-201-8380,http://www.linkedin.com/in/kristin-lorie-hamamcioglu-1942b485,OKX,Dubai,United Arab Emirates,https://okx.com,Crypto Brand,Apollo,,http://www.linkedin.com/company/okxofficial,https://facebook.com/okxofficial,https://twitter.com/okx,,
Mustejab,Patel,Social Media Marketing Specialist,patel.mustejab@bybit.com,,,http://www.linkedin.com/in/mustejab-patel-96677a231,Bybit,Doha,Qatar,https://bybit.com,Crypto Brand,Apollo,,http://www.linkedin.com/company/bybitexchange,https://facebook.com/Bybit,https://twitter.com/Bybit_Official,,
Joanne,Su,Web3 & NFT Marketing & Partnership,joanne.su@bybit.com,,,http://www.linkedin.com/in/joanne-su-9aaab081,Bybit,,China,https://bybit.com,Crypto Brand,Apollo,,http://www.linkedin.com/company/bybitexchange,https://facebook.com/Bybit,https://twitter.com/Bybit_Official,,
Alysha,Fernandes,Sr. Manager - Marketing,alysha@rideriver.com,,+91 88880 12586,http://www.linkedin.com/in/alysha-fernandes-a1b17049,River,Karnataka,India,https://river.com,Crypto Brand,Apollo,,http://www.linkedin.com/company/rideriver,https://facebook.com/RiverFinancialOfficial,https://twitter.com/River,,
Maja,Zivanovic,Growth & Communications Manager,maja.zivanovic@bitstamp.net,,+44 20 3868 9628,http://www.linkedin.com/in/maja-%c5%beivanovi%c4%87,Bitstamp by Robinhood,Ljubljana,Slovenia,https://bitstamp.net,Crypto Brand,Apollo,,http://www.linkedin.com/company/bitstamp,https://facebook.com/Bitstamp,http://www.twitter.com/Bitstamp,,
Dionne,Alaveras,Marketing Operations Manager,dionne.alaveras@uphold.com,,,http://www.linkedin.com/in/dionnealaveras,Uphold,England,United Kingdom,https://uphold.com,Crypto Brand,Apollo,,http://www.linkedin.com/company/upholdinc,https://facebook.com/upholdinc/,https://twitter.com/UpholdInc,,
Matyas,Dousa,Country Director,matyas.dousa@bitpanda.com,,,http://www.linkedin.com/in/matyasweb3,Bitpanda,Hlavni mesto Praha,Czech Republic,https://bitpanda.com,Crypto Brand,Apollo,,http://www.linkedin.com/company/bitpanda,https://www.facebook.com/Coinimal,https://www.twitter.com/coinimal,,
Sanja,Mayer,Performance Marketing Specialist,sanjatheresa.mayer@bitpanda.com,,,http://www.linkedin.com/in/sanjamayer,Bitpanda,,Austria,https://bitpanda.com,Crypto Brand,Apollo,,http://www.linkedin.com/company/bitpanda,https://www.facebook.com/Coinimal,https://www.twitter.com/coinimal,,
Ali,Shoaib,Marketing Manager,ali.shoaib@okx.com,,+1 888-201-8380,http://www.linkedin.com/in/alijshoaib,OKX,Dubai,United Arab Emirates,https://okx.com,Crypto Brand,Apollo,,http://www.linkedin.com/company/okxofficial,https://facebook.com/okxofficial,https://twitter.com/okx,,
James,Smith,Digital Marketing Specialist,james@okx.com,,+1 888-201-8380,http://www.linkedin.com/in/james-smith-253b36286,OKX,England,United Kingdom,https://okx.com,Crypto Brand,Apollo,,http://www.linkedin.com/company/okxofficial,https://facebook.com/okxofficial,https://twitter.com/okx,,
Aleksandar,Kolenkov,Head of Marketing Intelligence,aleksander.kolenkov@nexo.io,,+1 650-610-5200,http://www.linkedin.com/in/aleksandar-kolenkov-4b31b349,Nexo,,Bulgaria,https://nexo.com,Crypto Brand,Apollo,,http://www.linkedin.com/company/nexofinance,https://facebook.com/nexofinance/,https://twitter.com/Nexo,,
Nawaz,Sulemanji,Product Marketing,nawaz.sulemanji@okx.com,,+1 888-201-8380,http://www.linkedin.com/in/nawaz-sulemanji-0bb84229,OKX,,United Kingdom,https://okx.com,Crypto Brand,Apollo,,http://www.linkedin.com/company/okxofficial,https://facebook.com/okxofficial,https://twitter.com/okx,,
Laurence,Delisle,Staff Product Marketing Manager,laurence.delisle@uniswap.org,,+1 845-558-2758,http://www.linkedin.com/in/laurence-delisle-8765276,Uniswap,California,United States,https://uniswap.org,Crypto Brand,Apollo,,http://www.linkedin.com/company/onebitearn,https://facebook.com/UniswapSupport/,https://twitter.com/Uniswap,,
Sandra,Valavanides,"Senior Manager, Digital Marketing",sandra@aave.com,,+1 303-526-0806,http://www.linkedin.com/in/sandravalavanides,Aave Labs,England,United Kingdom,https://aave.com,Crypto Brand,Apollo,,http://www.linkedin.com/company/aavelabs,https://facebook.com/aavewow,https://twitter.com/aaveaave,,
Mireya,Fernandez,Head of Marketing & Operations (Interim),mireya.fernandez@bitpanda.com,,,http://www.linkedin.com/in/mireyafernandez1,Bitpanda,,Spain,https://bitpanda.com,Crypto Brand,Apollo,,http://www.linkedin.com/company/bitpanda,https://www.facebook.com/Coinimal,https://www.twitter.com/coinimal,,
Samse,Christian,Product Marketing Director [Wallet],schristian@okx.com,,+1 888-201-8380,http://www.linkedin.com/in/samuelchristian,OKX,,Singapore,https://okx.com,Crypto Brand,Apollo,,http://www.linkedin.com/company/okxofficial,https://facebook.com/okxofficial,https://twitter.com/okx,,
Simon,McLoughlin,Chief Executive Officer,simon.mcloughlin@uphold.com,,,http://www.linkedin.com/in/simon-mcloughlin-980361a,Uphold,England,United Kingdom,https://uphold.com,Crypto Brand,Apollo,,http://www.linkedin.com/company/upholdinc,https://facebook.com/upholdinc/,https://twitter.com/UpholdInc,,
Devak,Devendran,Marketing Lead,devak.devendran@bitpanda.com,,,http://www.linkedin.com/in/devak-devendran-6807a689,Bitpanda,Ile-de-France,France,https://bitpanda.com,Crypto Brand,Apollo,,http://www.linkedin.com/company/bitpanda,https://www.facebook.com/Coinimal,https://www.twitter.com/coinimal,,
Stephen,McNamara,CEO Uphold Labs,stephen.mcnamara@uphold.com,,,http://www.linkedin.com/in/stephenmcnamara,Uphold,,United Kingdom,https://uphold.com,Crypto Brand,Apollo,,http://www.linkedin.com/company/upholdinc,https://facebook.com/upholdinc/,https://twitter.com/UpholdInc,,
Kiran,Anjum,Fiat Marketing Manager,kiran.anjum@bybit.com,,,http://www.linkedin.com/in/kiran-anjum,Bybit,Dubai,United Arab Emirates,https://bybit.com,Crypto Brand,Apollo,,http://www.linkedin.com/company/bybitexchange,https://facebook.com/Bybit,https://twitter.com/Bybit_Official,,
Nicholas,Daley,Product Marketing,nicholas.daley@okx.com,,+1 888-201-8380,http://www.linkedin.com/in/nicholas-daley-0a598966,OKX,New York,United States,https://okx.com,Crypto Brand,Apollo,,http://www.linkedin.com/company/okxofficial,https://facebook.com/okxofficial,https://twitter.com/okx,,
Kattia,Rahi,Performance Marketing Manager,kattia.rahi@satoshilabs.com,,+420 773 774 413,http://www.linkedin.com/in/kattia-rahi-4b04526b,Trezor,Catalonia,Spain,https://trezor.io,Crypto Brand,Apollo,,http://www.linkedin.com/company/trezor,https://www.facebook.com/trezor.io/,https://twitter.com/trezor,,
Demi,Muscio,Marketing and Outreach,demi@tokentax.co,,+1 845-663-1173,http://www.linkedin.com/in/demi-muscio-88644abb,TokenTax,Nevada,United States,https://tokentax.co,Crypto Brand,Apollo,,http://www.linkedin.com/company/tokentax,https://facebook.com/tokentax,https://twitter.com/tokentax,,
Todd,Fang,Social Media Marketing Specialist,tfang@kucoin.com,,+352 31 23 52 51,http://www.linkedin.com/in/todd-fang-861667242,KuCoin Exchange,Shanghai,China,https://kucoin.com,Crypto Brand,Apollo,,http://www.linkedin.com/company/kucoin,https://facebook.com/KuCoinIndia/,https://twitter.com/kucoincom,,
Dean,D,Global Marketing & GTM Narrative Director | Communications & Content Lead (Global),dean.d@okx.com,,+1 888-201-8380,http://www.linkedin.com/in/dean-crypto,OKX,Western Australia,Australia,https://okx.com,Crypto Brand,Apollo,,http://www.linkedin.com/company/okxofficial,https://facebook.com/okxofficial,https://twitter.com/okx,,
Caroline,Pham,"CEO, MoonPay Institutional | CLO and CAO",caroline@moonpay.com,,+1 833-610-0735,http://www.linkedin.com/in/carolinedpham,MoonPay,New York,United States,https://moonpay.com,Crypto Brand,Apollo,,http://www.linkedin.com/company/moonpay,https://facebook.com/officialmoonpay/,https://twitter.com/moonpay,,
Hua,Zhang,Product Marketing Lead,hua.zhang@bybit.com,,,http://www.linkedin.com/in/hua-zhang-840785202,Bybit,New York,United States,https://bybit.com,Crypto Brand,Apollo,,http://www.linkedin.com/company/bybitexchange,https://facebook.com/Bybit,https://twitter.com/Bybit_Official,,
Luis,Sebastian Renaud,Latam Growth Marketing Manager,luis.renaud@okx.com,,+1 888-201-8380,http://www.linkedin.com/in/lsrenaud,OKX,,Uruguay,https://okx.com,Crypto Brand,Apollo,,http://www.linkedin.com/company/okxofficial,https://facebook.com/okxofficial,https://twitter.com/okx,,
Kasper,Rasmussen,Marketing Lead,kr@lido.fi,+45 29 67 43 43,+352 27 30 23 0,http://www.linkedin.com/in/kasperrasmussen-,Lido Finance,,Denmark,https://lido.fi,Crypto Brand,Apollo,,http://www.linkedin.com/company/lidofi,,https://twitter.com/lidofinance,,
Lukas,Enzersdorfer-Konrad,CEO,lukas.enzersdorfer@bitpanda.com,+43 676 5540864,,http://www.linkedin.com/in/enzersdorfer,Bitpanda,Vienna,Austria,https://bitpanda.com,Crypto Brand,Apollo,,http://www.linkedin.com/company/bitpanda,https://www.facebook.com/Coinimal,https://www.twitter.com/coinimal,,
Pascal,Gauthier,Chairman & CEO,pascal@ledger.fr,+33 6 10 69 04 06,+1 617-786-7013,http://www.linkedin.com/in/pascalgauthier1,Ledger,Ile-de-France,France,https://ledger.com,Crypto Brand,Apollo,,http://www.linkedin.com/company/ledgerhq,http://facebook.com/ledgerhq,http://twitter.com/ledgerhq,,
Robin,Singh,CEO,robin@uphold.com,+91 87096 98090,,http://www.linkedin.com/in/robin-singh-964731184,Uphold,Jharkhand,India,https://uphold.com,Crypto Brand,Apollo,,http://www.linkedin.com/company/upholdinc,https://facebook.com/upholdinc/,https://twitter.com/UpholdInc,,
Alan,Gutierrez,Chief Marketing Officer,alan.gutierrez@bitstamp.net,,+44 20 3868 9628,http://www.linkedin.com/in/alan-guti%c3%a9rrez-742b49386,Bitstamp by Robinhood,Atlantico,Colombia,https://bitstamp.net,Crypto Brand,Apollo,,http://www.linkedin.com/company/bitstamp,https://facebook.com/Bitstamp,http://www.twitter.com/Bitstamp,,
Emre,Oral,Head of Product Marketing (All Product Lines),emreo@kucoin.com,+971 50 427 1511,+352 31 23 52 51,http://www.linkedin.com/in/emre-davide-oral-711a14157,KuCoin Exchange,,United Arab Emirates,https://kucoin.com,Crypto Brand,Apollo,,http://www.linkedin.com/company/kucoin,https://facebook.com/KuCoinIndia/,https://twitter.com/kucoincom,,
Caroline,Gaubert-Amy,Marketing,caroline.gaubert-amy@bybit.com,+33 6 69 23 45 87,,http://www.linkedin.com/in/caroline-g8888,Bybit,,France,https://bybit.com,Crypto Brand,Apollo,,http://www.linkedin.com/company/bybitexchange,https://facebook.com/Bybit,https://twitter.com/Bybit_Official,,
Lina,Huang,Marketing Manager,lina.huang@bybit.com,+86 155 0100 7166,,http://www.linkedin.com/in/lina-huang-61b42411b,Bybit,Beijing,China,https://bybit.com,Crypto Brand,Apollo,,http://www.linkedin.com/company/bybitexchange,https://facebook.com/Bybit,https://twitter.com/Bybit_Official,,
Jimmy,Choi,Marketing Lead,jimmy.choi@bybit.com,,,http://www.linkedin.com/in/jimmy-choi-blockchain,Bybit,,South Korea,https://bybit.com,Crypto Brand,Apollo,,http://www.linkedin.com/company/bybitexchange,https://facebook.com/Bybit,https://twitter.com/Bybit_Official,,
Benedikt,Angerer,"Specialist, B2B Marketing & Communications - Bitpanda Technology Solutions",benedikt.angerer@bitpanda.com,+43 660 7043104,,http://www.linkedin.com/in/benedikt-angerer-99a537154,Bitpanda,Vienna,Austria,https://bitpanda.com,Crypto Brand,Apollo,,http://www.linkedin.com/company/bitpanda,https://www.facebook.com/Coinimal,https://www.twitter.com/coinimal,,
Dominik,Schmidinger,Marketing & Growth,dominik.schmidinger@bitpanda.com,+43 650 7032320,,http://www.linkedin.com/in/dominik-schmidinger,Bitpanda,,Austria,https://bitpanda.com,Crypto Brand,Apollo,,http://www.linkedin.com/company/bitpanda,https://www.facebook.com/Coinimal,https://www.twitter.com/coinimal,,
Adam,Rarch,Senior Marketing Manager,adam.rarch@bitget.com,+65 8102 1884,,http://www.linkedin.com/in/adamrarch,Bitget,,Singapore,https://bitget.com,Crypto Brand,Apollo,,http://www.linkedin.com/company/bitget-global,https://facebook.com/BitgetGlobalOfficial,https://twitter.com/bitgetglobal,,
Emily,Moloney,Communications & Marketing Associate,emoloney@moonpay.com,+1 914-413-5130,+1 833-610-0735,http://www.linkedin.com/in/emilymoloney,MoonPay,,United States,https://moonpay.com,Crypto Brand,Apollo,,http://www.linkedin.com/company/moonpay,https://facebook.com/officialmoonpay/,https://twitter.com/moonpay,,
Biplab,Mukherjee,Senior Manager- Marketing,biplab@rideriver.com,+91 76398 46095,+91 88880 12586,http://www.linkedin.com/in/biplabm,River,Karnataka,India,https://river.com,Crypto Brand,Apollo,,http://www.linkedin.com/company/rideriver,https://facebook.com/RiverFinancialOfficial,https://twitter.com/River,,
Elena,Faranda,Performance Marketing Specialist,elena.faranda@bitpanda.com,+43 677 62940027,,http://www.linkedin.com/in/elenafaranda,Bitpanda,Vienna,Austria,https://bitpanda.com,Crypto Brand,Apollo,,http://www.linkedin.com/company/bitpanda,https://www.facebook.com/Coinimal,https://www.twitter.com/coinimal,,
Yuvaraj,Yuva,Chief Executive Officer,yuvaraj@kucoin.com,,+352 31 23 52 51,http://www.linkedin.com/in/yuvaraj-yuva-2b296636b,KuCoin Exchange,Al Asimah Governate,Kuwait,https://kucoin.com,Crypto Brand,Apollo,,http://www.linkedin.com/company/kucoin,https://facebook.com/KuCoinIndia/,https://twitter.com/kucoincom,,
Nondumiso,Ntombikayise,Marketing Specialist,nondumiso.ntombikayise@bybit.com,,,http://www.linkedin.com/in/nondumiso-ntombikayise-946680206,Bybit,Al Qassim,Saudi Arabia,https://bybit.com,Crypto Brand,Apollo,,http://www.linkedin.com/company/bybitexchange,https://facebook.com/Bybit,https://twitter.com/Bybit_Official,,
Kife,Wee,Senior Growth Marketing Manager,kife.wee@okx.com,+65 8288 8031,+1 888-201-8380,http://www.linkedin.com/in/kifewee,OKX,New South Wales,Australia,https://okx.com,Crypto Brand,Apollo,,http://www.linkedin.com/company/okxofficial,https://facebook.com/okxofficial,https://twitter.com/okx,,
Wong,Yaw,Marketing Manager,wong.yaw@bitget.com,,,http://www.linkedin.com/in/wongsingyaw,Bitget,,Malaysia,https://bitget.com,Crypto Brand,Apollo,,http://www.linkedin.com/company/bitget-global,https://facebook.com/BitgetGlobalOfficial,https://twitter.com/bitgetglobal,,
Berk,Cinar,Marketing Operations Specialist,berk.cinar@bybit.com,,,http://www.linkedin.com/in/berk-%c3%a7%c4%b1nar-5252903b1,Bybit,Istanbul,Turkey,https://bybit.com,Crypto Brand,Apollo,,http://www.linkedin.com/company/bybitexchange,https://facebook.com/Bybit,https://twitter.com/Bybit_Official,,
Eleonora,Kolesnikova,Influencer Marketing Manager,eleonora.kolesnikova@satoshilabs.com,,+420 773 774 413,http://www.linkedin.com/in/0xeleonora,Trezor,,Portugal,https://trezor.io,Crypto Brand,Apollo,,http://www.linkedin.com/company/trezor,https://www.facebook.com/trezor.io/,https://twitter.com/trezor,,
Frederico,Meneses,Snr Marketing Manager,frederico.meneses@uphold.com,+351 914 029 284,,http://www.linkedin.com/in/frederico-meneses-%e7%a6%8f%e6%9d%a5-92a58154,Uphold,England,United Kingdom,https://uphold.com,Crypto Brand,Apollo,,http://www.linkedin.com/company/upholdinc,https://facebook.com/upholdinc/,https://twitter.com/UpholdInc,,
Mitchell,Cookson,Co-Founder,mitchell@coinledger.io,+1 314-541-1093,+1 786-250-2721,http://www.linkedin.com/in/mitchell-cookson-106b77a3,CoinLedger,Illinois,United States,https://coinledger.io,Crypto Brand,Apollo,,http://www.linkedin.com/company/coinledger,https://facebook.com/cryptotrader.tax,https://twitter.com/CoinLedger,,
Justin,Lee,"Product Marketing Lead, X Layer",justin.lee@okx.com,+65 3163 6951,+1 888-201-8380,http://www.linkedin.com/in/justinjwlee,OKX,,Singapore,https://okx.com,Crypto Brand,Apollo,,http://www.linkedin.com/company/okxofficial,https://facebook.com/okxofficial,https://twitter.com/okx,,
Cory,Klippsten,CEO,cory@swanbitcoin.com,+1 618-203-9685,+1 218-379-7926,http://www.linkedin.com/in/coryklippsten,Swan Bitcoin,California,United States,https://swanbitcoin.com,Crypto Brand,Apollo,,http://www.linkedin.com/company/swanbitcoin,https://www.facebook.com/SwanBitcoin/,https://twitter.com/swan,,
Jeanne,Soon,"Sport Marketing, Partnerships",jeanne.soon@bingx.com,+1 659-297-1324,,http://www.linkedin.com/in/jeanne-soon-68b094a8,BingX,,Hong Kong,https://bingx.com,Crypto Brand,Apollo,,http://www.linkedin.com/company/bingxofficial,https://www.facebook.com/bingx.global.offi,https://twitter.com/BingXOfficial,,
Buesra,Tastuener,Head of Performance Marketing,buesra.tastuener@bitpanda.com,+43 681 20405187,,http://www.linkedin.com/in/btastuner,Bitpanda,Vienna,Austria,https://bitpanda.com,Crypto Brand,Apollo,,http://www.linkedin.com/company/bitpanda,https://www.facebook.com/Coinimal,https://www.twitter.com/coinimal,,
Dieter,Prath,"Business Operations, Office of the CEO",dieter.prath@bitpanda.com,+43 676 3576932,,http://www.linkedin.com/in/dieterprath,Bitpanda,Vienna,Austria,https://bitpanda.com,Crypto Brand,Apollo,,http://www.linkedin.com/company/bitpanda,https://www.facebook.com/Coinimal,https://www.twitter.com/coinimal,,
Marta,Wacirz,Affiliate Marketing Lead,marta.wacirz@satoshilabs.com,+48 60 778 14 10,+420 773 774 413,http://www.linkedin.com/in/marta-wacirz-93b0311b7,Trezor,Berlin,Germany,https://trezor.io,Crypto Brand,Apollo,,http://www.linkedin.com/company/trezor,https://www.facebook.com/trezor.io/,https://twitter.com/trezor,,
Regil,Krishnan,General Manager - Marketing,regil@rideriver.com,+91 99724 58384,+91 88880 12586,http://www.linkedin.com/in/regil-krishnan-58378217,River,Karnataka,India,https://river.com,Crypto Brand,Apollo,,http://www.linkedin.com/company/rideriver,https://facebook.com/RiverFinancialOfficial,https://twitter.com/River,,
Chris,Grundy,Head of Product Marketing - EMEA,chris.grundy@okx.com,+49 176 80529075,+1 888-201-8380,http://www.linkedin.com/in/cgrundy,OKX,Berlin,Germany,https://okx.com,Crypto Brand,Apollo,,http://www.linkedin.com/company/okxofficial,https://facebook.com/okxofficial,https://twitter.com/okx,,
Frederica,Michell,Global Marketing Director,frederica.michell@okx.com,+1 917-769-6321,+1 888-201-8380,http://www.linkedin.com/in/frederica-tompkins,OKX,Abu Dhabi,United Arab Emirates,https://okx.com,Crypto Brand,Apollo,,http://www.linkedin.com/company/okxofficial,https://facebook.com/okxofficial,https://twitter.com/okx,,
Cassie,Hsu,Marketing Professional,cassie.h@mexc.com,+44 788 478 1031,,http://www.linkedin.com/in/cassie-hsu-a5756b56,MEXC,Taipei City,Taiwan,https://mexc.com,Crypto Brand,Apollo,,http://www.linkedin.com/company/mexcofficial,https://facebook.com/mexcglobal/,https://twitter.com/MEXC_Global,,
Lory,Kehoe,"EU Director, Aave Labs | CEO, Push Ireland",lory@aave.com,+353 86 366 3210,+1 303-526-0806,http://www.linkedin.com/in/lory-kehoe,Aave Labs,County Dublin,Ireland,https://aave.com,Crypto Brand,Apollo,,http://www.linkedin.com/company/aavelabs,https://facebook.com/aavewow,https://twitter.com/aaveaave,,
Karol,Lang,Marketing Manager,karol.lang@bitget.com,,,http://www.linkedin.com/in/karollang,Bitget,,Poland,https://bitget.com,Crypto Brand,Apollo,,http://www.linkedin.com/company/bitget-global,https://facebook.com/BitgetGlobalOfficial,https://twitter.com/bitgetglobal,,
Michael,Demarais,Engineer / Co-Founder,mike@rainbow.me,+1 508-446-2924,+1 919-864-2034,http://www.linkedin.com/in/michael-demarais-73273736,Rainbow,New York,United States,https://rainbow.me,Crypto Brand,Apollo,,http://www.linkedin.com/company/rainbowdotme,,https://twitter.com/rainbowdotme,,
Star,Xu,Chief Executive Officer,star.xu@okx.com,+86 186 1186 9680,+1 888-201-8380,http://www.linkedin.com/in/star-xu-6a72aa56,OKX,California,United States,https://okx.com,Crypto Brand,Apollo,,http://www.linkedin.com/company/okxofficial,https://facebook.com/okxofficial,https://twitter.com/okx,,
Stani,Kulechov,Founder & CEO,stani@aave.com,+358 45 8777202,+1 303-526-0806,http://www.linkedin.com/in/stani-kulechov,Aave Labs,,United Kingdom,https://aave.com,Crypto Brand,Apollo,,http://www.linkedin.com/company/aavelabs,https://facebook.com/aavewow,https://twitter.com/aaveaave,,
Jenny,Nguyen,Head of Marketing & Strategic Partnerships,jenny.nguyen@mexc.com,+84 93 927 55 44,,http://www.linkedin.com/in/jenny1397,MEXC,,Vietnam,https://mexc.com,Crypto Brand,Apollo,,http://www.linkedin.com/company/mexcofficial,https://facebook.com/mexcglobal/,https://twitter.com/MEXC_Global,,
Yesul,Park,Business Marketing Manager,yesul@bitget.com,,,http://www.linkedin.com/in/yeseul-p-9019a4175,Bitget,,South Korea,https://bitget.com,Crypto Brand,Apollo,,http://www.linkedin.com/company/bitget-global,https://facebook.com/BitgetGlobalOfficial,https://twitter.com/bitgetglobal,,
Lucia,Trebucq,Marketing Operations Associate,lucia.trebucq@uphold.com,,,http://www.linkedin.com/in/lucia-trebucq,Uphold,Buenos Aires Province,Argentina,https://uphold.com,Crypto Brand,Apollo,,http://www.linkedin.com/company/upholdinc,https://facebook.com/upholdinc/,https://twitter.com/UpholdInc,,
Sidra,Butt,Marketing Leader,sidra.butt@okx.com,+1 415-619-9889,+1 888-201-8380,http://www.linkedin.com/in/sidraziabutt,OKX,California,United States,https://okx.com,Crypto Brand,Apollo,,http://www.linkedin.com/company/okxofficial,https://facebook.com/okxofficial,https://twitter.com/okx,,
Aaron,Hickle,Global Head of Email Marketing,aaron.hickle@okx.com,+1 614-354-1738,+1 888-201-8380,http://www.linkedin.com/in/aaron-hickle-2b1b2a5,OKX,Florida,United States,https://okx.com,Crypto Brand,Apollo,,http://www.linkedin.com/company/okxofficial,https://facebook.com/okxofficial,https://twitter.com/okx,,
Ani,Davlashelidze,"Marketing Lead, Georgia",ani.davlashelidze@bybit.com,+995 555 25 19 19,,http://www.linkedin.com/in/ani-davlashelidze-a534b5139,Bybit,Tbilisi,Georgia,https://bybit.com,Crypto Brand,Apollo,,http://www.linkedin.com/company/bybitexchange,https://facebook.com/Bybit,https://twitter.com/Bybit_Official,,
Christiane,Vinzenz,Business Delivery Lead | CEO Office,christiane.vinzenz@bitpanda.com,+43 676 6318925,,http://www.linkedin.com/in/christiane-vinzenz-22914980,Bitpanda,Vienna,Austria,https://bitpanda.com,Crypto Brand,Apollo,,http://www.linkedin.com/company/bitpanda,https://www.facebook.com/Coinimal,https://www.twitter.com/coinimal,,
Berken,Menges,CMO,berken@cointracking.info,+49 172 4536331,+49 42 42289955,http://www.linkedin.com/in/berken-menges,CoinTracking,,Germany,https://cointracking.info,Crypto Brand,Apollo,,http://www.linkedin.com/company/cointracking,https://www.facebook.com/CoinTrackingOfficial/,https://twitter.com/CryptoDashboard,,
Parrot,T,Marketing Specialist,parrot.t@okx.com,,+1 888-201-8380,http://www.linkedin.com/in/parrot-t-08ab0a2bb,OKX,Quang Nam Province,Vietnam,https://okx.com,Crypto Brand,Apollo,,http://www.linkedin.com/company/okxofficial,https://facebook.com/okxofficial,https://twitter.com/okx,,
Galen,Crout,Head of Marketing,galen.c@lido.fi,+65 9840 7195,+352 27 30 23 0,http://www.linkedin.com/in/galencrout,Lido Finance,,Singapore,https://lido.fi,Crypto Brand,Apollo,,http://www.linkedin.com/company/lidofi,,https://twitter.com/lidofinance,,
Anika,Considine,Affiliate Marketing Associate,anika.considine@uphold.com,,,http://www.linkedin.com/in/anika-considine-46a941126,Uphold,,United Kingdom,https://uphold.com,Crypto Brand,Apollo,,http://www.linkedin.com/company/upholdinc,https://facebook.com/upholdinc/,https://twitter.com/UpholdInc,,
Ouriel,Ohayon,"CEO, Co-Founder",ouriel@zengo.com,+972 52-302-3131,,http://www.linkedin.com/in/ourielohayon,Zengo Wallet,Tel Aviv District,Israel,https://zengo.com,Crypto Brand,Apollo,,http://www.linkedin.com/company/zengo,https://facebook.com/ZengoWallet/,https://twitter.com/zengo?lang=en,,
Lindsay,Ross,CHRO / CPO → Non-Executive Director,lindsay.ross@bitpanda.com,+43 676 7610916,,http://www.linkedin.com/in/lindsayross11,Bitpanda,North Holland,Netherlands,https://bitpanda.com,Crypto Brand,Apollo,,http://www.linkedin.com/company/bitpanda,https://www.facebook.com/Coinimal,https://www.twitter.com/coinimal,,
Lauri,Haenninen,Product Marketing Lead,lauri.hanninen@satoshilabs.com,+420 736 420 426,+420 773 774 413,http://www.linkedin.com/in/laurihanninen,Trezor,Hlavni mesto Praha,Czech Republic,https://trezor.io,Crypto Brand,Apollo,,http://www.linkedin.com/company/trezor,https://www.facebook.com/trezor.io/,https://twitter.com/trezor,,
Sonia,Novikova,Marketing and Advertising Manager,sonia.novikova@river.com,,+91 88880 12586,http://www.linkedin.com/in/sonia-novikova-24511925b,River,Moscow,Russia,https://river.com,Crypto Brand,Apollo,,http://www.linkedin.com/company/rideriver,https://facebook.com/RiverFinancialOfficial,https://twitter.com/River,,
Kaya,Huang,Lead Marketing Specialist (Japan Market Strategy & Strategic Program Lead),kaya.huang@bybit.com,+886 960 111 933,,http://www.linkedin.com/in/kaya-huang,Bybit,Tokyo,Japan,https://bybit.com,Crypto Brand,Apollo,,http://www.linkedin.com/company/bybitexchange,https://facebook.com/Bybit,https://twitter.com/Bybit_Official,,
April,Xu,Marketing and Partnership Specialist,april.xu@bybit.com,,,http://www.linkedin.com/in/aprilxu4,Bybit,,Singapore,https://bybit.com,Crypto Brand,Apollo,,http://www.linkedin.com/company/bybitexchange,https://facebook.com/Bybit,https://twitter.com/Bybit_Official,,
Marc,Castro,Marketing Manager,marc.c@bitget.com,,,http://www.linkedin.com/in/marc-cedrix-castro-9a3b69241,Bitget,Calabarzon,Philippines,https://bitget.com,Crypto Brand,Apollo,,http://www.linkedin.com/company/bitget-global,https://facebook.com/BitgetGlobalOfficial,https://twitter.com/bitgetglobal,,
Lasha,Shelia,Associate Marketing Manager,lasha.shelia@bybit.com,,,http://www.linkedin.com/in/lasha-shelia-3bb782203,Bybit,Tbilisi,Georgia,https://bybit.com,Crypto Brand,Apollo,,http://www.linkedin.com/company/bybitexchange,https://facebook.com/Bybit,https://twitter.com/Bybit_Official,,
Cinta,Bintang,Marketing for SEA & Indonesia Region,cinta.kencana@bybit.com,+62 812 87383275,,http://www.linkedin.com/in/cintabintang,Bybit,,Indonesia,https://bybit.com,Crypto Brand,Apollo,,http://www.linkedin.com/company/bybitexchange,https://facebook.com/Bybit,https://twitter.com/Bybit_Official,,
Haider,Rafique,Group Chief Marketing Officer,haider@okx.com,+1 917-755-9108,+1 888-201-8380,http://www.linkedin.com/in/haider-rafique,OKX,,United States,https://okx.com,Crypto Brand,Apollo,,http://www.linkedin.com/company/okxofficial,https://facebook.com/okxofficial,https://twitter.com/okx,,
David,Kemmerer,Co-Founder and CEO,david@coinledger.io,+1 816-830-9808,+1 786-250-2721,http://www.linkedin.com/in/davidkemmerer1,CoinLedger,Texas,United States,https://coinledger.io,Crypto Brand,Apollo,,http://www.linkedin.com/company/coinledger,https://facebook.com/cryptotrader.tax,https://twitter.com/CoinLedger,,
Max,Wallenberg,"CEO, Enterprise",mwallenberg@moonpay.com,+49 162 8651062,+1 833-610-0735,http://www.linkedin.com/in/maxvonwallenberg,MoonPay,New York,United States,https://moonpay.com,Crypto Brand,Apollo,,http://www.linkedin.com/company/moonpay,https://facebook.com/officialmoonpay/,https://twitter.com/moonpay,,
Agnieszka,Mojsiej,Senior Marketing Manager,agnieszka@cointracking.info,+48 79 070 64 86,+49 42 42289955,http://www.linkedin.com/in/agnieszka-mojsiej-18b5a4150,CoinTracking,Greater Poland Voivodeship,Poland,https://cointracking.info,Crypto Brand,Apollo,,http://www.linkedin.com/company/cointracking,https://www.facebook.com/CoinTrackingOfficial/,https://twitter.com/CryptoDashboard,,
Bohan,Yang,"Senior Strategic PMO Manager, CEO Office",bohan.yang1@okx.com,+65 9618 0637,+1 888-201-8380,http://www.linkedin.com/in/bohan-yang-679b33115,OKX,,Singapore,https://okx.com,Crypto Brand,Apollo,,http://www.linkedin.com/company/okxofficial,https://facebook.com/okxofficial,https://twitter.com/okx,,
Xiaoxin,Guo,Senior Marketing Manager,xguo@okx.com,,+1 888-201-8380,http://www.linkedin.com/in/%e5%b0%8f%e9%91%ab-%e9%83%ad-821129157,OKX,Beijing,China,https://okx.com,Crypto Brand,Apollo,,http://www.linkedin.com/company/okxofficial,https://facebook.com/okxofficial,https://twitter.com/okx,,
Matt,Goga,Marketer,matt@mexc.com,,,http://www.linkedin.com/in/matt-goga-4a94b6261,MEXC,,Hong Kong,https://mexc.com,Crypto Brand,Apollo,,http://www.linkedin.com/company/mexcofficial,https://facebook.com/mexcglobal/,https://twitter.com/MEXC_Global,,
Serpil,Ural,Senior Product Marketing Manager,serpil.ural@bitstamp.net,+90 533 578 3300,+44 20 3868 9628,http://www.linkedin.com/in/serpil-ural-a946a6111,Bitstamp by Robinhood,,Austria,https://bitstamp.net,Crypto Brand,Apollo,,http://www.linkedin.com/company/bitstamp,https://facebook.com/Bitstamp,http://www.twitter.com/Bitstamp,,
Kyle,Pang,CN Marketing Lead｜Bitget,kyle.pang@bitget.com,,,http://www.linkedin.com/in/kyle-pang-746597216,Bitget,,Hong Kong,https://bitget.com,Crypto Brand,Apollo,,http://www.linkedin.com/company/bitget-global,https://facebook.com/BitgetGlobalOfficial,https://twitter.com/bitgetglobal,,
Osman,Saeed,Marketing Lead,osman.saeed@bybit.com,+971 50 109 8096,,http://www.linkedin.com/in/osman-saeed618,Bybit,Dubai,United Arab Emirates,https://bybit.com,Crypto Brand,Apollo,,http://www.linkedin.com/company/bybitexchange,https://facebook.com/Bybit,https://twitter.com/Bybit_Official,,
Munene,Mathendu,Marketing Manager - Africa,munene.m@bitget.com,+254 796 793103,,http://www.linkedin.com/in/munene-mathendu,Bitget,Nairobi,Kenya,https://bitget.com,Crypto Brand,Apollo,,http://www.linkedin.com/company/bitget-global,https://facebook.com/BitgetGlobalOfficial,https://twitter.com/bitgetglobal,,
Erkan,Unlu,Marketing Lead,erkan.unlue@bybit.com,+90 544 340 7269,,http://www.linkedin.com/in/erkann,Bybit,,Turkey,https://bybit.com,Crypto Brand,Apollo,,http://www.linkedin.com/company/bybitexchange,https://facebook.com/Bybit,https://twitter.com/Bybit_Official,,
Garret,Trucksess,Institutional Marketing Manager,garret.trucksess@uphold.com,+1 267-897-0019,,http://www.linkedin.com/in/garret-trucksess,Uphold,Pennsylvania,United States,https://uphold.com,Crypto Brand,Apollo,,http://www.linkedin.com/company/upholdinc,https://facebook.com/upholdinc/,https://twitter.com/UpholdInc,,
Vasiliy,Shapovalov,Co-Founder,vs@lido.fi,+352 37 23 34 3,+352 27 30 23 0,http://www.linkedin.com/in/vasiliy-shapovalov-91716491,Lido Finance,Paphos,Cyprus,https://lido.fi,Crypto Brand,Apollo,,http://www.linkedin.com/company/lidofi,,https://twitter.com/lidofinance,,
Hannah,Vanek,Marketing,hannah.vanek@opensea.io,,+1 716-794-1178,http://www.linkedin.com/in/hannah-vanek,OpenSea,New York,United States,https://opensea.io,Crypto Brand,Apollo,,http://www.linkedin.com/company/opensea-io,https://facebook.com/projectopensea/,https://twitter.com/projectopensea,,
Aravind,Mani,Co-Founder and CEO,aravind@rideriver.com,,+91 88880 12586,http://www.linkedin.com/in/aravindmani,River,Karnataka,India,https://river.com,Crypto Brand,Apollo,,http://www.linkedin.com/company/rideriver,https://facebook.com/RiverFinancialOfficial,https://twitter.com/River,,
Syed,Rishad,Marketing Ambassador,syed.rishad@bybit.com,,,http://www.linkedin.com/in/syed-rishad,Bybit,Selangor,Malaysia,https://bybit.com,Crypto Brand,Apollo,,http://www.linkedin.com/company/bybitexchange,https://facebook.com/Bybit,https://twitter.com/Bybit_Official,,
Juliana,Bao,"Head of Strategic PMO, CEO Office",juliana.bao@okx.com,,+1 888-201-8380,http://www.linkedin.com/in/julianabao,OKX,,Singapore,https://okx.com,Crypto Brand,Apollo,,http://www.linkedin.com/company/okxofficial,https://facebook.com/okxofficial,https://twitter.com/okx,,
Malika,Suiinbekova,Marketing Operations Specialist,malika.suiinbekova@bybit.com,,,http://www.linkedin.com/in/malika-suiinbekova,Bybit,Dubai,United Arab Emirates,https://bybit.com,Crypto Brand,Apollo,,http://www.linkedin.com/company/bybitexchange,https://facebook.com/Bybit,https://twitter.com/Bybit_Official,,
Snap,Trader,Manager of Influencer Marketing,snap@bybit.com,,,http://www.linkedin.com/in/snap-trader-6b133628a,Bybit,Davao Region,Philippines,https://bybit.com,Crypto Brand,Apollo,,http://www.linkedin.com/company/bybitexchange,https://facebook.com/Bybit,https://twitter.com/Bybit_Official,,
Shubham,Sharma,Manager of Influencer Marketing,shubham.sharma@bitget.com,,,http://www.linkedin.com/in/shubham-sharma-b0464a2b3,Bitget,Haryana,India,https://bitget.com,Crypto Brand,Apollo,,http://www.linkedin.com/company/bitget-global,https://facebook.com/BitgetGlobalOfficial,https://twitter.com/bitgetglobal,,
Shoshana,Balofsky-Wexler,Senior Creative Marketing Designer and Manager of Marketing Opps,shoshanab@zengo.com,,,http://www.linkedin.com/in/shoshana-balofsky-wexler-98147148,Zengo Wallet,,Israel,https://zengo.com,Crypto Brand,Apollo,,http://www.linkedin.com/company/zengo,https://facebook.com/ZengoWallet/,https://twitter.com/zengo?lang=en,,
Sean,Freidlin,Senior Director of Marketing,sfreidlin@moonpay.com,,+1 833-610-0735,http://www.linkedin.com/in/seanfreidlin,MoonPay,New York,United States,https://moonpay.com,Crypto Brand,Apollo,,http://www.linkedin.com/company/moonpay,https://facebook.com/officialmoonpay/,https://twitter.com/moonpay,,
Zhongtai,Liu,"Affiliate Marketing Product Owner, EEA Market",zhongtai.liu@okx.com,,+1 888-201-8380,http://www.linkedin.com/in/zhongtai-liu,OKX,,Singapore,https://okx.com,Crypto Brand,Apollo,,http://www.linkedin.com/company/okxofficial,https://facebook.com/okxofficial,https://twitter.com/okx,,
Erald,Ghoos,CEO - Europe,erald.ghoos@okx.com,,+1 888-201-8380,http://www.linkedin.com/in/erald-ghoos-55024a9,OKX,,Malta,https://okx.com,Crypto Brand,Apollo,,http://www.linkedin.com/company/okxofficial,https://facebook.com/okxofficial,https://twitter.com/okx,,
Ankit,Goel,Marketing Operations Manager,ankit.goel@bybit.com,,,http://www.linkedin.com/in/ankitgoel0409,Bybit,Haryana,India,https://bybit.com,Crypto Brand,Apollo,,http://www.linkedin.com/company/bybitexchange,https://facebook.com/Bybit,https://twitter.com/Bybit_Official,,
Jasmyn,Collings,Marketing Coordinator,jasmyn.collings@uphold.com,,,http://www.linkedin.com/in/jasmyn-collings-63512a204,Uphold,,United Kingdom,https://uphold.com,Crypto Brand,Apollo,,http://www.linkedin.com/company/upholdinc,https://facebook.com/upholdinc/,https://twitter.com/UpholdInc,,
Brady,Swenson,Vice President Marketing,brady@swanbitcoin.com,,+1 218-379-7926,http://www.linkedin.com/in/brady-swenson-9336051a0,Swan Bitcoin,Kansas,United States,https://swanbitcoin.com,Crypto Brand,Apollo,,http://www.linkedin.com/company/swanbitcoin,https://www.facebook.com/SwanBitcoin/,https://twitter.com/swan,,
Edgaras,Abracinskas,Product Marketing // All Things Digital,edgaras.abracinskas@coingate.com,,+49 50 40040066,http://www.linkedin.com/in/edgarasabr,CoinGate,Vilnius County,Lithuania,https://coingate.com,Crypto Brand,Apollo,,http://www.linkedin.com/company/coingate,https://www.facebook.com/coingatecom/,https://twitter.com/CoinGatecom/,,
Malissa,Wong,CEO Office,malissa.wong@okx.com,,+1 888-201-8380,http://www.linkedin.com/in/wongmalissa,OKX,,Singapore,https://okx.com,Crypto Brand,Apollo,,http://www.linkedin.com/company/okxofficial,https://facebook.com/okxofficial,https://twitter.com/okx,,
Ariel,Mondelo,Marketing Partnerships Manager — Latam & Portugal,ariel.mondelo-bueno-ext@ledger.fr,,+1 617-786-7013,http://www.linkedin.com/in/arielmbueno,Ledger,,Brazil,https://ledger.com,Crypto Brand,Apollo,,http://www.linkedin.com/company/ledgerhq,http://facebook.com/ledgerhq,http://twitter.com/ledgerhq,,
Anointing,Atangana,Marketing Manager,anointing.atangana@bybit.com,,,http://www.linkedin.com/in/anointing-ngoa-atangana-86748120b,Bybit,,Cameroon,https://bybit.com,Crypto Brand,Apollo,,http://www.linkedin.com/company/bybitexchange,https://facebook.com/Bybit,https://twitter.com/Bybit_Official,,
Tarik,Amzil,Head of Marketing EMEA,tamzil@okx.com,,+1 888-201-8380,http://www.linkedin.com/in/tarikamzil,OKX,Massachusetts,United States,https://okx.com,Crypto Brand,Apollo,,http://www.linkedin.com/company/okxofficial,https://facebook.com/okxofficial,https://twitter.com/okx,,
Akjan,Belessova,Marketing Ops | MENA,akjan.belessova@bybit.com,,,http://www.linkedin.com/in/akjan-belessova-b82606b9,Bybit,Abu Dhabi,United Arab Emirates,https://bybit.com,Crypto Brand,Apollo,,http://www.linkedin.com/company/bybitexchange,https://facebook.com/Bybit,https://twitter.com/Bybit_Official,,
Denis,Styazhkin,Marketing and Public Relations Manager,denis@bitget.com,,,http://www.linkedin.com/in/denis-styazhkin-a7a41b254,Bitget,California,United States,https://bitget.com,Crypto Brand,Apollo,,http://www.linkedin.com/company/bitget-global,https://facebook.com/BitgetGlobalOfficial,https://twitter.com/bitgetglobal,,
Abubakker,Nazir,Marketing Associate,abubakker.nazir@rideriver.com,,+91 88880 12586,http://www.linkedin.com/in/abubakker-nazir-355919376,River,Karnataka,India,https://river.com,Crypto Brand,Apollo,,http://www.linkedin.com/company/rideriver,https://facebook.com/RiverFinancialOfficial,https://twitter.com/River,,
Lyubcho,Kostadinov,Head of Marketing,lyubcho@nexo.com,,+1 650-610-5200,http://www.linkedin.com/in/lyubcho,Nexo,Sofia City Province,Bulgaria,https://nexo.com,Crypto Brand,Apollo,,http://www.linkedin.com/company/nexofinance,https://facebook.com/nexofinance/,https://twitter.com/Nexo,,
Korhan,Onuk,"Turkey Branch, Marketing Manager",korhan@bingx.com,,,http://www.linkedin.com/in/korhan-onuk-441863108,BingX,Istanbul,Turkey,https://bingx.com,Crypto Brand,Apollo,,http://www.linkedin.com/company/bingxofficial,https://www.facebook.com/bingx.global.offi,https://twitter.com/BingXOfficial,,
James,Holder,Senior Marketing Automation Specialist,james.holder@bitpanda.com,,,http://www.linkedin.com/in/james-holder,Bitpanda,Berlin,Germany,https://bitpanda.com,Crypto Brand,Apollo,,http://www.linkedin.com/company/bitpanda,https://www.facebook.com/Coinimal,https://www.twitter.com/coinimal,,
Lauren,Wild,Executive Assistant to Chief Executive Officer,lauren@uphold.com,+44 20 3974 6317,,http://www.linkedin.com/in/laurensingers,Uphold,England,United Kingdom,https://uphold.com,Crypto Brand,Apollo,,http://www.linkedin.com/company/upholdinc,https://facebook.com/upholdinc/,https://twitter.com/UpholdInc,,
Chelsea,Reach,Crypto Accounting & Marketing,chelsea@tokentax.co,,+1 845-663-1173,http://www.linkedin.com/in/chelsea-reach,TokenTax,Pennsylvania,United States,https://tokentax.co,Crypto Brand,Apollo,,http://www.linkedin.com/company/tokentax,https://facebook.com/tokentax,https://twitter.com/tokentax,,
Megan,Hamilton,Chief Executive Officer,mhamilton@okx.com,,+1 888-201-8380,http://www.linkedin.com/in/megan-hamilton-15882b244,OKX,Dhaka Division,Bangladesh,https://okx.com,Crypto Brand,Apollo,,http://www.linkedin.com/company/okxofficial,https://facebook.com/okxofficial,https://twitter.com/okx,,
Jim,Roth,Enteprise Email Marketing Specialist,jim.roth@uphold.com,,,http://www.linkedin.com/in/jim-roth,Uphold,Florida,United States,https://uphold.com,Crypto Brand,Apollo,,http://www.linkedin.com/company/upholdinc,https://facebook.com/upholdinc/,https://twitter.com/UpholdInc,,
Anees,Baig,Marketing Manager,anees@rideriver.com,,+91 88880 12586,http://www.linkedin.com/in/anees-ahmed-baig-20414b152,River,,India,https://river.com,Crypto Brand,Apollo,,http://www.linkedin.com/company/rideriver,https://facebook.com/RiverFinancialOfficial,https://twitter.com/River,,
Marisa,Lee,Marketing Designer,mlee@bitpay.com,,+1 404-907-2055,http://www.linkedin.com/in/marisa-kumtong-lee,BitPay,California,United States,https://bitpay.com,Crypto Brand,Apollo,,http://www.linkedin.com/company/bitpay-inc-,https://www.facebook.com/pages/BitPay/123776377703872,http://twitter.com/bitpay,,
Aiim,Kopbayeva,Senior Marketing Manager,aiim.kopbayeva@bybit.com,,,http://www.linkedin.com/in/aiim-kopbayeva-2302451ba,Bybit,,Kazakhstan,https://bybit.com,Crypto Brand,Apollo,,http://www.linkedin.com/company/bybitexchange,https://facebook.com/Bybit,https://twitter.com/Bybit_Official,,
Alessandra,Nardelli,EU Product Marketing Manager,alessandra.nardelli@bitpanda.com,,,http://www.linkedin.com/in/alessandra-nardelli-42762768,Bitpanda,Lombardy,Italy,https://bitpanda.com,Crypto Brand,Apollo,,http://www.linkedin.com/company/bitpanda,https://www.facebook.com/Coinimal,https://www.twitter.com/coinimal,,
Geoffrey,Lyons,"Vice President, Enterprise Marketing",geoff.lyons@uphold.com,+44 20 7593 5660,,http://www.linkedin.com/in/geoffrey-lyons-60a112101,Uphold,England,United Kingdom,https://uphold.com,Crypto Brand,Apollo,,http://www.linkedin.com/company/upholdinc,https://facebook.com/upholdinc/,https://twitter.com/UpholdInc,,
Ivan,Soto-Wright,CEO,ivan@moonpay.com,+1 978-430-4635,+1 833-610-0735,http://www.linkedin.com/in/isotowright,MoonPay,Florida,United States,https://moonpay.com,Crypto Brand,Apollo,,http://www.linkedin.com/company/moonpay,https://facebook.com/officialmoonpay/,https://twitter.com/moonpay,,
Nancy,Beaton,President Uphold U.S.; Chief Revenue & Marketing Officer Uphold Global,nancy.beaton@uphold.com,+1 913-706-9051,,http://www.linkedin.com/in/nancybeaton,Uphold,Colorado,United States,https://uphold.com,Crypto Brand,Apollo,,http://www.linkedin.com/company/upholdinc,https://facebook.com/upholdinc/,https://twitter.com/UpholdInc,,
Marta,Radi,Head of Marketing | Italy,marta.radi@bitpanda.com,+44 73 7633 2439,,http://www.linkedin.com/in/martaradi,Bitpanda,England,United Kingdom,https://bitpanda.com,Crypto Brand,Apollo,,http://www.linkedin.com/company/bitpanda,https://www.facebook.com/Coinimal,https://www.twitter.com/coinimal,,
William,Zielke,Chief Revenue Officer and Chief Marketing Officer,bzielke@bitpay.com,+1 678-592-7106,+1 404-907-2055,http://www.linkedin.com/in/williamzielke,BitPay,Georgia,United States,https://bitpay.com,Crypto Brand,Apollo,,http://www.linkedin.com/company/bitpay-inc-,https://www.facebook.com/pages/BitPay/123776377703872,http://twitter.com/bitpay,,
Lily,Bob,Marketing Specialist,bob@okx.com,,+1 888-201-8380,http://www.linkedin.com/in/lily-bob-408889299,OKX,Florida,United States,https://okx.com,Crypto Brand,Apollo,,http://www.linkedin.com/company/okxofficial,https://facebook.com/okxofficial,https://twitter.com/okx,,
Elizabeth,Olson,Director of Product Marketing,elizabeth.olson@okx.com,+33 7 66 50 87 30,+1 888-201-8380,http://www.linkedin.com/in/elizabethaliceolson,OKX,New York,United States,https://okx.com,Crypto Brand,Apollo,,http://www.linkedin.com/company/okxofficial,https://facebook.com/okxofficial,https://twitter.com/okx,,
Alexandre,Lazaron,Growth Marketing Manager Brazil,alexandre.lazaron@bybit.com,+55 41 99162-0973,,http://www.linkedin.com/in/alexandre-lorenzzon-lazaron-bb8187115,Bybit,State of Sao Paulo,Brazil,https://bybit.com,Crypto Brand,Apollo,,http://www.linkedin.com/company/bybitexchange,https://facebook.com/Bybit,https://twitter.com/Bybit_Official,,
Spencer,Neo,Senior Business Development Manager | Paid Ads | Global Growth Marketing,spencer.neo@okx.com,+66 96 019 6001,+1 888-201-8380,http://www.linkedin.com/in/spencer-neo,OKX,,Thailand,https://okx.com,Crypto Brand,Apollo,,http://www.linkedin.com/company/okxofficial,https://facebook.com/okxofficial,https://twitter.com/okx,,
Federico,Variola,CEO,federico.variola@phemex.com,+39 366 687 3759,,http://www.linkedin.com/in/federico-variola-17b252182,Phemex,,Italy,https://phemex.com,Crypto Brand,Apollo,,http://www.linkedin.com/company/phemex,https://facebook.com/Phemex.official,https://twitter.com/phemex_official,,
Grzegorz,Pisula,Marketing Manager,grzegorz.pisula@bitget.com,+48 51 760 43 45,,http://www.linkedin.com/in/grzegorz-pisula-59481616b,Bitget,Masovian Voivodeship,Poland,https://bitget.com,Crypto Brand,Apollo,,http://www.linkedin.com/company/bitget-global,https://facebook.com/BitgetGlobalOfficial,https://twitter.com/bitgetglobal,,
Sandra,Cid,Senior Affiliate Marketing Manager at Bitpanda,sandra.cid@bitpanda.com,+43 676 6313723,,http://www.linkedin.com/in/cidsandra,Bitpanda,England,United Kingdom,https://bitpanda.com,Crypto Brand,Apollo,,http://www.linkedin.com/company/bitpanda,https://www.facebook.com/Coinimal,https://www.twitter.com/coinimal,,
Yvonne,Ye,Chief Marketing Officer,yvonne@mexc.com,+86 139 1042 9394,,http://www.linkedin.com/in/yvonne-ye-80a0b529b,MEXC,Beijing,China,https://mexc.com,Crypto Brand,Apollo,,http://www.linkedin.com/company/mexcofficial,https://facebook.com/mexcglobal/,https://twitter.com/MEXC_Global,,
Julie,Machado,Marketing Specialist,julie.machado@bybit.com,+55 21 98074-1386,,http://www.linkedin.com/in/julieannemachado,Bybit,State of Rio de Janeiro,Brazil,https://bybit.com,Crypto Brand,Apollo,,http://www.linkedin.com/company/bybitexchange,https://facebook.com/Bybit,https://twitter.com/Bybit_Official,,
Devin,Finzer,Co-founder and CEO,devin.finzer@opensea.io,+1 925-389-6343,+1 716-794-1178,http://www.linkedin.com/in/dfinzer,OpenSea,,United States,https://opensea.io,Crypto Brand,Apollo,,http://www.linkedin.com/company/opensea-io,https://facebook.com/projectopensea/,https://twitter.com/projectopensea,,
Dennis,Raj,Marketing Manager,dennisraj@rideriver.com,,+91 88880 12586,http://www.linkedin.com/in/dennis-raj-87b031397,River,Karnataka,India,https://river.com,Crypto Brand,Apollo,,http://www.linkedin.com/company/rideriver,https://facebook.com/RiverFinancialOfficial,https://twitter.com/River,,
Will,Chan,Marketing,will.chan@bitget.com,+886 933 108 967,,http://www.linkedin.com/in/will-chan,Bitget,,Thailand,https://bitget.com,Crypto Brand,Apollo,,http://www.linkedin.com/company/bitget-global,https://facebook.com/BitgetGlobalOfficial,https://twitter.com/bitgetglobal,,
Ashleigh,Moraga,Director of Events & Marketing,ashleigh@ledgersalem.com,+1 617-281-0313,+1 617-786-7013,http://www.linkedin.com/in/ashleighmoraga,Ledger,Massachusetts,United States,https://ledger.com,Crypto Brand,Apollo,,http://www.linkedin.com/company/ledgerhq,http://facebook.com/ledgerhq,http://twitter.com/ledgerhq,,
Stella,Su,Senior Brand Marketing Manager,stella.su@okx.com,+886 928 277 754,+1 888-201-8380,http://www.linkedin.com/in/stella-su-aaaaab12a,OKX,,Taiwan,https://okx.com,Crypto Brand,Apollo,,http://www.linkedin.com/company/okxofficial,https://facebook.com/okxofficial,https://twitter.com/okx,,
Merrick,Theobald,Vice President Marketing,mtheobald@bitpay.com,+1 678-860-8426,+1 404-907-2055,http://www.linkedin.com/in/merricktheobald,BitPay,Georgia,United States,https://bitpay.com,Crypto Brand,Apollo,,http://www.linkedin.com/company/bitpay-inc-,https://www.facebook.com/pages/BitPay/123776377703872,http://twitter.com/bitpay,,
Jack,Lu,CEO & Co-Founder,jack@magiceden.io,+852 9010 9829,+1 415-422-9319,http://www.linkedin.com/in/jacktanlu,Magic Eden,,Australia,https://magiceden.io,Crypto Brand,Apollo,,http://www.linkedin.com/company/magic-eden,,https://twitter.com/MagicEden,,
Marius,Winkels,Senior Marketing Manager,marius@cointracking.info,+49 176 57791251,+49 42 42289955,http://www.linkedin.com/in/marius-winkels,CoinTracking,North Rhine-Westphalia,Germany,https://cointracking.info,Crypto Brand,Apollo,,http://www.linkedin.com/company/cointracking,https://www.facebook.com/CoinTrackingOfficial/,https://twitter.com/CryptoDashboard,,
Jose,Pardo,Product Marketing Manager - Crypto & Stocks,jose.tovar@bitpanda.com,+34 686 52 56 99,,http://www.linkedin.com/in/josemigueltovarpardo,Bitpanda,,France,https://bitpanda.com,Crypto Brand,Apollo,,http://www.linkedin.com/company/bitpanda,https://www.facebook.com/Coinimal,https://www.twitter.com/coinimal,,
Kai,Guo,Head of Product Marketing and Operations,kai.guo@bybit.com,,,http://www.linkedin.com/in/kaiguomba,Bybit,,Hong Kong,https://bybit.com,Crypto Brand,Apollo,,http://www.linkedin.com/company/bybitexchange,https://facebook.com/Bybit,https://twitter.com/Bybit_Official,,
Caroline,Halpin,Marketing Director | Hardware,caroline.halpin@ledger.fr,+353 1 543 5104,+1 617-786-7013,http://www.linkedin.com/in/caroline-halpin1234,Ledger,England,United Kingdom,https://ledger.com,Crypto Brand,Apollo,,http://www.linkedin.com/company/ledgerhq,http://facebook.com/ledgerhq,http://twitter.com/ledgerhq,,
Wanderson,Gomes,Executive Assistant to Chief Executive Officer,wandersong@kucoin.com,,+352 31 23 52 51,http://www.linkedin.com/in/wanderson-pereira-gomes-a974b958,KuCoin Exchange,California,United States,https://kucoin.com,Crypto Brand,Apollo,,http://www.linkedin.com/company/kucoin,https://facebook.com/KuCoinIndia/,https://twitter.com/kucoincom,,
Jenny,Liu,Senior Manager of Marketing&Portfolio Management(OKX Ventures),jenny.liu@okx.com,+86 151 1008 0063,+1 888-201-8380,http://www.linkedin.com/in/jenny-liu-45927b3a,OKX,Beijing,China,https://okx.com,Crypto Brand,Apollo,,http://www.linkedin.com/company/okxofficial,https://facebook.com/okxofficial,https://twitter.com/okx,,
Oliver,Stauber,CEO Bitget EU,oliver.stauber@bitget.com,+43 676 9099459,,http://www.linkedin.com/in/oliver-stauber-b33b9b67,Bitget,Vienna,Austria,https://bitget.com,Crypto Brand,Apollo,,http://www.linkedin.com/company/bitget-global,https://facebook.com/BitgetGlobalOfficial,https://twitter.com/bitgetglobal,,
Sinem,Sueslue,Senior Global Marketing Manager,sinem@okx.com,+90 532 165 4208,+1 888-201-8380,http://www.linkedin.com/in/sinem-suslu-okx,OKX,California,United States,https://okx.com,Crypto Brand,Apollo,,http://www.linkedin.com/company/okxofficial,https://facebook.com/okxofficial,https://twitter.com/okx,,
Alice,Mayr,"Associate DACH, Affiliate & Influencer Marketing",alice.mayr@bitpanda.com,+43 657 132819,,http://www.linkedin.com/in/alice-mayr-435661165,Bitpanda,Vienna,Austria,https://bitpanda.com,Crypto Brand,Apollo,,http://www.linkedin.com/company/bitpanda,https://www.facebook.com/Coinimal,https://www.twitter.com/coinimal,,
Marc,Trias,Marketing Manager,marc.t@bitget.com,,,http://www.linkedin.com/in/marcnietoo,Bitget,Encamp,Andorra,https://bitget.com,Crypto Brand,Apollo,,http://www.linkedin.com/company/bitget-global,https://facebook.com/BitgetGlobalOfficial,https://twitter.com/bitgetglobal,,
James,Quin,Product Marketing Director - Onshore CeFi,james.quin@okx.com,+65 8882 2354,+1 888-201-8380,http://www.linkedin.com/in/jamesquinprofile,OKX,,Singapore,https://okx.com,Crypto Brand,Apollo,,http://www.linkedin.com/company/okxofficial,https://facebook.com/okxofficial,https://twitter.com/okx,,
Harrison,Woodward,Marketing Automation Specialist at Ledger,harrison.woodward@ledger.fr,+44 778 898 5058,+1 617-786-7013,http://www.linkedin.com/in/harry-woodward,Ledger,,United Kingdom,https://ledger.com,Crypto Brand,Apollo,,http://www.linkedin.com/company/ledgerhq,http://facebook.com/ledgerhq,http://twitter.com/ledgerhq,,
Manossa,Ounsombath,Affiliate Marketing Manager,manossa.ounsombath@bitpanda.com,+43 676 6827994,,http://www.linkedin.com/in/ounsombathm,Bitpanda,Ile-de-France,France,https://bitpanda.com,Crypto Brand,Apollo,,http://www.linkedin.com/company/bitpanda,https://www.facebook.com/Coinimal,https://www.twitter.com/coinimal,,
Syed,Dhihan,Marketing Ambassador,syed.dhihan@bybit.com,,,http://www.linkedin.com/in/safkath-dhihan,Bybit,,Malaysia,https://bybit.com,Crypto Brand,Apollo,,http://www.linkedin.com/company/bybitexchange,https://facebook.com/Bybit,https://twitter.com/Bybit_Official,,
Holly,Goodhart,Vice President Product Marketing,holly.goodhart@uphold.com,+1 773-480-7899,,http://www.linkedin.com/in/hollygoodhart,Uphold,,United States,https://uphold.com,Crypto Brand,Apollo,,http://www.linkedin.com/company/upholdinc,https://facebook.com/upholdinc/,https://twitter.com/UpholdInc,,
Amanda,Guggenbuehl P,Marketing Lead,amanda.guggenbuehl@bitget.com,+52 33 1076 8401,,http://www.linkedin.com/in/amanda-guggen,Bitget,Mexico City,Mexico,https://bitget.com,Crypto Brand,Apollo,,http://www.linkedin.com/company/bitget-global,https://facebook.com/BitgetGlobalOfficial,https://twitter.com/bitgetglobal,,
Ray,Liang,Paid Marketing,ray.liang@okx.com,,+1 888-201-8380,http://www.linkedin.com/in/ray-liang-60809a180,OKX,Hubei,China,https://okx.com,Crypto Brand,Apollo,,http://www.linkedin.com/company/okxofficial,https://facebook.com/okxofficial,https://twitter.com/okx,,
Ananya,Agrawal,Head of Marketing,ananya@rideriver.com,+91 99990 02413,+91 88880 12586,http://www.linkedin.com/in/agrawalananya,River,Karnataka,India,https://river.com,Crypto Brand,Apollo,,http://www.linkedin.com/company/rideriver,https://facebook.com/RiverFinancialOfficial,https://twitter.com/River,,
Melinda,Jacobs,"Director of Product Marketing, Americas",melinda.jacobs@okx.com,+1 415-413-6798,+1 888-201-8380,http://www.linkedin.com/in/melindakjacobs,OKX,Quebec,Canada,https://okx.com,Crypto Brand,Apollo,,http://www.linkedin.com/company/okxofficial,https://facebook.com/okxofficial,https://twitter.com/okx,,
Tony,Gallippi,Co-founder,tony@bitpay.com,+1 404-353-3000,+1 404-907-2055,http://www.linkedin.com/in/tonygallippi,BitPay,Georgia,United States,https://bitpay.com,Crypto Brand,Apollo,,http://www.linkedin.com/company/bitpay-inc-,https://www.facebook.com/pages/BitPay/123776377703872,http://twitter.com/bitpay,,
Isabel,Quintero,Product Marketing Manager,isabel.quintero@uphold.com,+1 201-282-8587,,http://www.linkedin.com/in/isabel-quintero-602803185,Uphold,New Jersey,United States,https://uphold.com,Crypto Brand,Apollo,,http://www.linkedin.com/company/upholdinc,https://facebook.com/upholdinc/,https://twitter.com/UpholdInc,,
Yan,Pritzker,Co-Founder & CTO,yan@swanbitcoin.com,+1 773-319-5525,+1 218-379-7926,http://www.linkedin.com/in/pritzker,Swan Bitcoin,Illinois,United States,https://swanbitcoin.com,Crypto Brand,Apollo,,http://www.linkedin.com/company/swanbitcoin,https://www.facebook.com/SwanBitcoin/,https://twitter.com/swan,,
Morgan,Burris,Marketing Analyst,morgan.burris@uphold.com,+1 303-505-3949,,http://www.linkedin.com/in/burrismorgan,Uphold,Illinois,United States,https://uphold.com,Crypto Brand,Apollo,,http://www.linkedin.com/company/upholdinc,https://facebook.com/upholdinc/,https://twitter.com/UpholdInc,,
Jin,Chung,Co-Founder & CTO,jin@rainbow.me,+1 757-272-8623,+1 919-864-2034,http://www.linkedin.com/in/jinchung17,Rainbow,Florida,United States,https://rainbow.me,Crypto Brand,Apollo,,http://www.linkedin.com/company/rainbowdotme,,https://twitter.com/rainbowdotme,,
Lazar,Lazarov,Growth Marketing,lazar@nexo.com,+359 88 350 1638,+1 650-610-5200,http://www.linkedin.com/in/lrlazarov,Nexo,Sofia City Province,Bulgaria,https://nexo.com,Crypto Brand,Apollo,,http://www.linkedin.com/company/nexofinance,https://facebook.com/nexofinance/,https://twitter.com/Nexo,,
Zhuorui,Fu,Business Manager to EU Co-CEO,zhuorui.fu@bybit.com,+971 58 501 3084,,http://www.linkedin.com/in/zhuoruifu,Bybit,Beijing,China,https://bybit.com,Crypto Brand,Apollo,,http://www.linkedin.com/company/bybitexchange,https://facebook.com/Bybit,https://twitter.com/Bybit_Official,,
Jody,Lee,"Listings Officer, CEO, Global Purchaser",jlee@kucoin.com,+1 858-800-4008,+352 31 23 52 51,http://www.linkedin.com/in/jody-lee-930653140,KuCoin Exchange,Delaware,United States,https://kucoin.com,Crypto Brand,Apollo,,http://www.linkedin.com/company/kucoin,https://facebook.com/KuCoinIndia/,https://twitter.com/kucoincom,,
Yanyi,Ho,Product Marketing,yanyi.ho@okx.com,+65 9125 4595,+1 888-201-8380,http://www.linkedin.com/in/ho-yanyi,OKX,,Singapore,https://okx.com,Crypto Brand,Apollo,,http://www.linkedin.com/company/okxofficial,https://facebook.com/okxofficial,https://twitter.com/okx,,
Nancy,Ni,Growth Marketer,nancy.n@bingx.com,,,http://www.linkedin.com/in/nancy-ni-715a853b2,BingX,,Singapore,https://bingx.com,Crypto Brand,Apollo,,http://www.linkedin.com/company/bingxofficial,https://www.facebook.com/bingx.global.offi,https://twitter.com/BingXOfficial,,
Olivia,Yang,Growth & Channel Operation,olivia.yang@bingx.com,,,http://www.linkedin.com/in/olivia-yang-28b178223,BingX,,United Kingdom,https://bingx.com,Crypto Brand,Apollo,,http://www.linkedin.com/company/bingxofficial,https://www.facebook.com/bingx.global.offi,https://twitter.com/BingXOfficial,,
Ale,Visconti,Product Marketing Manager,ale@aave.com,+54 9 11 5756-1044,+1 303-526-0806,http://www.linkedin.com/in/alevisconti,Aave Labs,,Argentina,https://aave.com,Crypto Brand,Apollo,,http://www.linkedin.com/company/aavelabs,https://facebook.com/aavewow,https://twitter.com/aaveaave,,
John,Bolling,"VP, Lifecycle Marketing",john.bolling@uphold.com,+1 212-597-6028,,http://www.linkedin.com/in/bollingjohn,Uphold,New York,United States,https://uphold.com,Crypto Brand,Apollo,,http://www.linkedin.com/company/upholdinc,https://facebook.com/upholdinc/,https://twitter.com/UpholdInc,,
Michael,Page,"Global Head of Brand Marketing, Sponsorships and Events",michael.page@okx.com,+1 919-619-1160,+1 888-201-8380,http://www.linkedin.com/in/pagemichaelc,OKX,New York,United States,https://okx.com,Crypto Brand,Apollo,,http://www.linkedin.com/company/okxofficial,https://facebook.com/okxofficial,https://twitter.com/okx,,
Eren,Orung,Marketing Content Manager,eren.orung@okx.com,,+1 888-201-8380,http://www.linkedin.com/in/erenorung,OKX,,Turkey,https://okx.com,Crypto Brand,Apollo,,http://www.linkedin.com/company/okxofficial,https://facebook.com/okxofficial,https://twitter.com/okx,,
Darren,Woo,Global Events & Marketing Consultant,darren.w@bitget.com,+65 9723 8887,,http://www.linkedin.com/in/darren-woo-91b89322a,Bitget,,Singapore,https://bitget.com,Crypto Brand,Apollo,,http://www.linkedin.com/company/bitget-global,https://facebook.com/BitgetGlobalOfficial,https://twitter.com/bitgetglobal,,
Maya,Bayoud,Social Media Marketing Specialist,maya.bayoud@bybit.com,+971 50 989 6242,,http://www.linkedin.com/in/maya-bayoud-5b3207205,Bybit,Dubai,United Arab Emirates,https://bybit.com,Crypto Brand,Apollo,,http://www.linkedin.com/company/bybitexchange,https://facebook.com/Bybit,https://twitter.com/Bybit_Official,,
Owen,Tay,Senior Lifecycle Marketing Manager,owen.tay@okx.com,+65 9111 5021,+1 888-201-8380,http://www.linkedin.com/in/owentay,OKX,,Singapore,https://okx.com,Crypto Brand,Apollo,,http://www.linkedin.com/company/okxofficial,https://facebook.com/okxofficial,https://twitter.com/okx,,
Andre,Moreira,Senior Product Manager - Consumer Marketing,andre.moreira@uphold.com,+351 912 027 129,,http://www.linkedin.com/in/andrelamoreira,Uphold,Braga,Portugal,https://uphold.com,Crypto Brand,Apollo,,http://www.linkedin.com/company/upholdinc,https://facebook.com/upholdinc/,https://twitter.com/UpholdInc,,
Jarrod,Tuck,Email Marketing Director,jarrod.tuck@okx.com,+852 3427 6851,+1 888-201-8380,http://www.linkedin.com/in/jarrodtuck,OKX,,Singapore,https://okx.com,Crypto Brand,Apollo,,http://www.linkedin.com/company/okxofficial,https://facebook.com/okxofficial,https://twitter.com/okx,,
Aman,Kalra,Senior Marketing Manager,amankalra@transak.com,+91 99996 68004,,http://www.linkedin.com/in/amankalra,Transak,Dubai,United Arab Emirates,https://transak.com,Crypto Brand,Apollo,,http://www.linkedin.com/company/transak,,https://twitter.com/intent/follow?screen_name=transak_finance,,
Elene,Meladze,Marketing Specialist,elene@opensea.io,,+1 716-794-1178,http://www.linkedin.com/in/elene-meladze-49795b23b,OpenSea,Tbilisi,Georgia,https://opensea.io,Crypto Brand,Apollo,,http://www.linkedin.com/company/opensea-io,https://facebook.com/projectopensea/,https://twitter.com/projectopensea,,
Martyna,Basara,Social Media Marketing Manager,martyna.basara@bitget.com,+86 132 6220 8352,,http://www.linkedin.com/in/martyna-basara-aa0b4787,Bitget,,South Korea,https://bitget.com,Crypto Brand,Apollo,,http://www.linkedin.com/company/bitget-global,https://facebook.com/BitgetGlobalOfficial,https://twitter.com/bitgetglobal,,
Tariq,Khalifa,Global Head of Marketing Payments,tariq.khalifa@bybit.com,+971 55 600 8110,,http://www.linkedin.com/in/tariq-khalifa,Bybit,Dubai,United Arab Emirates,https://bybit.com,Crypto Brand,Apollo,,http://www.linkedin.com/company/bybitexchange,https://facebook.com/Bybit,https://twitter.com/Bybit_Official,,
Josianne,Micallef,Senior Marketing Specialist - Web3,josianne.micallef@bitpanda.com,+356 7900 2709,,http://www.linkedin.com/in/josianne-micallef,Bitpanda,,Malta,https://bitpanda.com,Crypto Brand,Apollo,,http://www.linkedin.com/company/bitpanda,https://www.facebook.com/Coinimal,https://www.twitter.com/coinimal,,
Narek,Gevorgyan,CEO,narek@coinstats.app,+1 551-242-8077,,http://www.linkedin.com/in/narekgevorgyan,CoinStats,,Armenia,https://coinstats.app,Crypto Brand,Apollo,,http://www.linkedin.com/company/coinstats,https://facebook.com/coinstats,https://twitter.com/coinstats,,
Victoria,Dengg,Senior Program Manager I Office of the CEO,victoria.dengg@bitpanda.com,+43 699 11000817,,http://www.linkedin.com/in/victoria-dengg,Bitpanda,Berlin,Germany,https://bitpanda.com,Crypto Brand,Apollo,,http://www.linkedin.com/company/bitpanda,https://www.facebook.com/Coinimal,https://www.twitter.com/coinimal,,
Mario,Troyanov,Senior Marketing Campaign Specialist,mario.troyanov@bitpanda.com,+49 173 5625137,,http://www.linkedin.com/in/mariotroyanov,Bitpanda,Berlin,Germany,https://bitpanda.com,Crypto Brand,Apollo,,http://www.linkedin.com/company/bitpanda,https://www.facebook.com/Coinimal,https://www.twitter.com/coinimal,,
BC,Wong,CEO,bc@kucoin.com,+7 926 149-99-79,+352 31 23 52 51,http://www.linkedin.com/in/bc-wong-b93067143,KuCoin Exchange,,Hong Kong,https://kucoin.com,Crypto Brand,Apollo,,http://www.linkedin.com/company/kucoin,https://facebook.com/KuCoinIndia/,https://twitter.com/kucoincom,,
Utkarsh,Dubey,Marketing,utkarsh.dubey_os@bybit.com,+91 74092 27240,,http://www.linkedin.com/in/utkarshdubeyy,Bybit,Goa,India,https://bybit.com,Crypto Brand,Apollo,,http://www.linkedin.com/company/bybitexchange,https://facebook.com/Bybit,https://twitter.com/Bybit_Official,,
Umberto,Zanin,Senior Marketing Manager EU,umberto.zanin@bitget.com,+39 346 827 5257,,http://www.linkedin.com/in/umberto-zanin-85340112a,Bitget,New York,United States,https://bitget.com,Crypto Brand,Apollo,,http://www.linkedin.com/company/bitget-global,https://facebook.com/BitgetGlobalOfficial,https://twitter.com/bitgetglobal,,
Randy,Noder,About ME Ledger Most Resilient Co-founder,rnoder@ledgergroup.com,,+1 617-786-7013,http://www.linkedin.com/in/randy-noder-b9041926a,Ledger,Utah,United States,https://ledger.com,Crypto Brand,Apollo,,http://www.linkedin.com/company/ledgerhq,http://facebook.com/ledgerhq,http://twitter.com/ledgerhq,,
Dmitrijus,Borisenka,Co-Founder,dmitrijus@coingate.com,+370 682 00031,+49 50 40040066,http://www.linkedin.com/in/dmitrijus-borisenka-a3a170b7,CoinGate,,Lithuania,https://coingate.com,Crypto Brand,Apollo,,http://www.linkedin.com/company/coingate,https://www.facebook.com/coingatecom/,https://twitter.com/CoinGatecom/,,
Cynthia,Gong,BingX Marketing,cynthia@bingx.com,+1 364-804-2086,,http://www.linkedin.com/in/cynthia-gong-b55321235,BingX,,Hong Kong,https://bingx.com,Crypto Brand,Apollo,,http://www.linkedin.com/company/bingxofficial,https://www.facebook.com/bingx.global.offi,https://twitter.com/BingXOfficial,,
Kaya,Guelten,Marketing Manager,kaya@skyvisionpartners.com,,,http://www.linkedin.com/in/kaya-g%c3%bclten,Bitpanda,Dubai,United Arab Emirates,https://bitpanda.com,Crypto Brand,Apollo,,http://www.linkedin.com/company/bitpanda,https://www.facebook.com/Coinimal,https://www.twitter.com/coinimal,,
Kishan,Borad,Chief Executive Officer,kishan.borad@uphold.com,+91 95869 22124,,http://www.linkedin.com/in/kishan-borad-768803b7,Uphold,Gujarat,India,https://uphold.com,Crypto Brand,Apollo,,http://www.linkedin.com/company/upholdinc,https://facebook.com/upholdinc/,https://twitter.com/UpholdInc,,
Dom,Garaventa,Head of Marketing,dom.garaventa@uniswap.org,+1 925-914-7574,+1 845-558-2758,http://www.linkedin.com/in/domgaraventa,Uniswap,California,United States,https://uniswap.org,Crypto Brand,Apollo,,http://www.linkedin.com/company/onebitearn,https://facebook.com/UniswapSupport/,https://twitter.com/Uniswap,,
Thibaud,Hermet,Senior Marketing Consumer Services,thibaud.hermet@ledger.fr,+33 6 77 84 94 98,+1 617-786-7013,http://www.linkedin.com/in/thibaudhermet,Ledger,Ile-de-France,France,https://ledger.com,Crypto Brand,Apollo,,http://www.linkedin.com/company/ledgerhq,http://facebook.com/ledgerhq,http://twitter.com/ledgerhq,,
Parul,Sharma,Global Product Marketing Lead,parul.sharma@bybit.com,+971 55 607 9521,,http://www.linkedin.com/in/parul-s-00a483a3,Bybit,Dubai,United Arab Emirates,https://bybit.com,Crypto Brand,Apollo,,http://www.linkedin.com/company/bybitexchange,https://facebook.com/Bybit,https://twitter.com/Bybit_Official,,
Amelia,Andrews,CRM Marketing Associate,amelia.andrews@uphold.com,,,http://www.linkedin.com/in/ameliaandrews19,Uphold,New York,United States,https://uphold.com,Crypto Brand,Apollo,,http://www.linkedin.com/company/upholdinc,https://facebook.com/upholdinc/,https://twitter.com/UpholdInc,,
Christian,Baroni,"Co-Founder, CEO",christian@rainbow.me,+1 602-677-5491,+1 919-864-2034,http://www.linkedin.com/in/christianbaroni,Rainbow,New York,United States,https://rainbow.me,Crypto Brand,Apollo,,http://www.linkedin.com/company/rainbowdotme,,https://twitter.com/rainbowdotme,,
Vinay,Simha,Deputy General Manager Marketing,vinaysimha@rideriver.com,+91 96865 60503,+91 88880 12586,http://www.linkedin.com/in/vinay-simha-51178145,River,Karnataka,India,https://river.com,Crypto Brand,Apollo,,http://www.linkedin.com/company/rideriver,https://facebook.com/RiverFinancialOfficial,https://twitter.com/River,,
Vilius,Semenas,CEO,vilius.semenas@coingate.com,+44 780 334 4145,+49 50 40040066,http://www.linkedin.com/in/vilius-semenas,CoinGate,Vilnius County,Lithuania,https://coingate.com,Crypto Brand,Apollo,,http://www.linkedin.com/company/coingate,https://www.facebook.com/coingatecom/,https://twitter.com/CoinGatecom/,,
Khaled,Abdellatif,Web2 Marketing Lead,khaled.abdellatif@bybit.com,+49 176 32739184,,http://www.linkedin.com/in/khaled-abdellatif,Bybit,Berlin,Germany,https://bybit.com,Crypto Brand,Apollo,,http://www.linkedin.com/company/bybitexchange,https://facebook.com/Bybit,https://twitter.com/Bybit_Official,,
Donnela,M,Social Media Marketing Manager,donnela@bitget.com,,,http://www.linkedin.com/in/donnela,Bitget,,Singapore,https://bitget.com,Crypto Brand,Apollo,,http://www.linkedin.com/company/bitget-global,https://facebook.com/BitgetGlobalOfficial,https://twitter.com/bitgetglobal,,