Original Rank,Parent Company,Owned Sub-Entity / Brand / Dispensary,Entity Type,Sub-Entity Domain / Parent Fallback,Estimated Yearly Revenue,Source URL,Notes
1,Curaleaf,Curaleaf,Retail / Parent brand,curaleaf.com,$1.26 B,https://curaleaf.com/curaleaf-brands,Official brand/retail site
1,Curaleaf,Select,Cannabis brand,selectcannabis.com,$1.26 B,https://curaleaf.com/curaleaf-brands,Owned Curaleaf brand
1,Curaleaf,Grassroots,Cannabis brand,grassrootscannabis.com,$1.26 B,https://curaleaf.com/curaleaf-brands,Owned Curaleaf brand
1,Curaleaf,Find,Cannabis brand,curaleaf.com,$1.26 B,https://curaleaf.com/curaleaf-brands,Listed under Curaleaf brands
1,Curaleaf,JAMS,Cannabis brand,curaleaf.com,$1.26 B,https://curaleaf.com/curaleaf-brands,Listed under Curaleaf brands
1,Curaleaf,B NOBLE,Cannabis brand,curaleaf.com,$1.26 B,https://curaleaf.com/curaleaf-brands,Listed under Curaleaf brands
1,Curaleaf,Reef,Cannabis brand,curaleaf.com,$1.26 B,https://ir.curaleaf.com/2025-02-03-Catch-The-High-Tide-Curaleaf-Launches-Reef-Flower-Brand-in-Florida,Curaleaf launched Reef flower brand in Florida
1,Curaleaf,BlueKudu,Producer / edibles brand,bluekudu.com,$1.26 B,https://www.prnewswire.com/news-releases/curaleaf-enters-colorado-by-acquiring-bluekudu-producer-of-premium-edible-cannabis-products-301013755.html,Acquired by Curaleaf
2,Trulieve Cannabis,Trulieve,Retail / Parent brand,trulieve.com,$1.18 B,https://www.trulieve.com/brands,Official brand page
2,Trulieve Cannabis,Alchemy,Cannabis brand,trulieve.com,$1.18 B,https://www.trulieve.com/brands,Official brand page
2,Trulieve Cannabis,Co2lors,Cannabis brand,trulieve.com,$1.18 B,https://www.trulieve.com/brands,Official brand page
2,Trulieve Cannabis,Cultivar Collection,Cannabis brand,thecultivarcollection.com,$1.18 B,https://www.trulieve.com/brands,Official brand page
2,Trulieve Cannabis,Modern Flower,Cannabis brand,trulieve.com,$1.18 B,https://www.trulieve.com/brands,Official brand page
2,Trulieve Cannabis,Momenta,Cannabis brand,trulieve.com,$1.18 B,https://www.trulieve.com/brands,Official brand page
2,Trulieve Cannabis,Muse,Cannabis brand,trulieve.com,$1.18 B,https://www.trulieve.com/brands,Official brand page
2,Trulieve Cannabis,Roll One,Cannabis brand,trulieve.com,$1.18 B,https://www.trulieve.com/brands,Official brand page
2,Trulieve Cannabis,Sweet Talk,Cannabis brand,trulieve.com,$1.18 B,https://www.trulieve.com/brands,Official brand page
2,Trulieve Cannabis,Harvest,Dispensary / acquired brand,harvesthoc.com,$1.18 B,https://investors.trulieve.com/2021-08-05-Trulieve-Introduces-New-Brand-Portfolio-Designed-to-Serve-Consumers-in-Adult-Use-and-Medical-Markets,Legacy/acquired Harvest brand
3,Green Thumb Industries,RISE Dispensaries,Retail dispensary banner,risecannabis.com,$1.17 B,https://investors.gtigrows.com/,Official investor profile
3,Green Thumb Industries,RYTHM,Cannabis brand,rythm.com,$1.17 B,https://investors.gtigrows.com/,Official investor profile
3,Green Thumb Industries,Dogwalkers,Cannabis brand,dogwalkersprerolls.com,$1.17 B,https://investors.gtigrows.com/,Official investor profile
3,Green Thumb Industries,incredibles,Cannabis brand,iloveincredibles.com,$1.17 B,https://investors.gtigrows.com/,Official investor profile
3,Green Thumb Industries,Beboe,Cannabis brand,beboe.com,$1.17 B,https://investors.gtigrows.com/,Official investor profile
3,Green Thumb Industries,&Shine,Cannabis brand,shineproducts.com,$1.17 B,https://investors.gtigrows.com/,Official investor profile
3,Green Thumb Industries,Doctor Solomon's,Cannabis brand,doctorsolomons.com,$1.17 B,https://investors.gtigrows.com/,Official investor profile
3,Green Thumb Industries,Good Green,Cannabis brand,good.green,$1.17 B,https://investors.gtigrows.com/,Official investor profile
4,Verano Holdings,Zen Leaf,Retail dispensary banner,zenleafdispensaries.com,$0.84 B,https://verano.com/shop/,Official shop/dispensary page
4,Verano Holdings,MÜV,Retail dispensary banner / product brand,muvfl.com,$0.84 B,https://verano.com/shop/,Official shop/dispensary page
4,Verano Holdings,Verano,Cannabis brand,verano.com,$0.84 B,https://verano.com/,Official brand page
4,Verano Holdings,Savvy,Cannabis brand,verano.com/brand/savvy/,$0.84 B,https://verano.com/,Official brand page
4,Verano Holdings,Bits,Cannabis brand,verano.com,$0.84 B,https://verano.com/,Official brand page
4,Verano Holdings,Encore,Cannabis brand,encoreedibles.com,$0.84 B,https://verano.com/,Official brand page
4,Verano Holdings,Avexia,Cannabis brand,avexiacannabis.com,$0.84 B,https://verano.com/,Official brand page
4,Verano Holdings,Essence,Cannabis brand,verano.com,$0.84 B,https://www.stockwatch.com/News/Item/Z-C%21VRNO-3742013/C/VRNO,Listed in Verano brand portfolio
4,Verano Holdings,Hyphen,Cannabis brand,verano.com,$0.84 B,https://www.stockwatch.com/News/Item/Z-C%21VRNO-3742013/C/VRNO,Verano vape brand
5,Tilray Brands,Tilray,Parent / medical cannabis,tilray.com,$0.83 B,https://www.tilray.com/,Parent site
5,Tilray Brands,Good Supply,Cannabis brand,goodsupplycannabis.com,$0.83 B,https://www.stocktitan.net/overview/TLRY/,Listed in Tilray cannabis portfolio
5,Tilray Brands,Redecan,Cannabis brand,redecan.ca,$0.83 B,https://www.stocktitan.net/overview/TLRY/,Listed in Tilray cannabis portfolio
5,Tilray Brands,Broken Coast,Cannabis brand,brokencoast.com,$0.83 B,https://www.stocktitan.net/overview/TLRY/,Listed in Tilray cannabis portfolio
5,Tilray Brands,Mollo,Cannabis beverage brand,mollo.com,$0.83 B,https://www.stocktitan.net/overview/TLRY/,Listed in Tilray cannabis portfolio
5,Tilray Brands,XMG,Cannabis beverage brand,xmgcannabis.com,$0.83 B,https://www.stocktitan.net/overview/TLRY/,Listed in Tilray cannabis portfolio
5,Tilray Brands,Chowie,Cannabis edible brand,tilray.com,$0.83 B,https://www.stocktitan.net/overview/TLRY/,Listed in Tilray cannabis portfolio
5,Tilray Brands,Manitoba Harvest,Hemp wellness brand,manitobaharvest.com,$0.83 B,https://www.sec.gov/Archives/edgar/data/1731348/000156459022026894/tlry-10k_20220531.htm,Tilray wellness segment
5,Tilray Brands,SweetWater Brewing,Beverage brand,sweetwaterbrew.com,$0.83 B,https://www.marketwatch.com/story/cananbis-company-tilray-buys-four-molson-coors-brewers-as-it-looks-to-become-beacon-for-craft-brands-a028250e,Tilray beverage brand
5,Tilray Brands,10 Barrel Brewing,Beverage brand,10barrel.com,$0.83 B,https://www.marketwatch.com/story/cananbis-company-tilray-buys-four-molson-coors-brewers-as-it-looks-to-become-beacon-for-craft-brands-a028250e,Tilray beverage brand
5,Tilray Brands,Montauk Brewing,Beverage brand,montaukbrewingco.com,$0.83 B,https://www.marketwatch.com/story/cananbis-company-tilray-buys-four-molson-coors-brewers-as-it-looks-to-become-beacon-for-craft-brands-a028250e,Tilray beverage brand
5,Tilray Brands,Shock Top,Beverage brand,shocktopbeer.com,$0.83 B,https://www.marketwatch.com/story/cananbis-company-tilray-buys-four-molson-coors-brewers-as-it-looks-to-become-beacon-for-craft-brands-a028250e,Tilray beverage brand
5,Tilray Brands,Alpine Beer,Beverage brand,alpinebeerco.com,$0.83 B,https://www.marketwatch.com/story/cananbis-company-tilray-buys-four-molson-coors-brewers-as-it-looks-to-become-beacon-for-craft-brands-a028250e,Tilray beverage brand
5,Tilray Brands,Blue Point Brewing,Beverage brand,bluepointbrewing.com,$0.83 B,https://www.marketwatch.com/story/cananbis-company-tilray-buys-four-molson-coors-brewers-as-it-looks-to-become-beacon-for-craft-brands-a028250e,Tilray beverage brand
5,Tilray Brands,Green Flash Brewing,Beverage brand,greenflashbrew.com,$0.83 B,https://www.marketwatch.com/story/cananbis-company-tilray-buys-four-molson-coors-brewers-as-it-looks-to-become-beacon-for-craft-brands-a028250e,Tilray beverage brand
5,Tilray Brands,Breckenridge Brewery,Beverage brand,breckenridgebrewery.com,$0.83 B,https://www.marketwatch.com/story/cananbis-company-tilray-buys-four-molson-coors-brewers-as-it-looks-to-become-beacon-for-craft-brands-a028250e,Tilray beverage brand
5,Tilray Brands,Redhook Brewing,Beverage brand,redhook.com,$0.83 B,https://www.marketwatch.com/story/cananbis-company-tilray-buys-four-molson-coors-brewers-as-it-looks-to-become-beacon-for-craft-brands-a028250e,Tilray beverage brand
5,Tilray Brands,Widmer Brothers,Beverage brand,widmerbrothers.com,$0.83 B,https://www.marketwatch.com/story/cananbis-company-tilray-buys-four-molson-coors-brewers-as-it-looks-to-become-beacon-for-craft-brands-a028250e,Tilray beverage brand
5,Tilray Brands,Square Mile Cider,Beverage brand,squaremilecider.com,$0.83 B,https://www.marketwatch.com/story/cananbis-company-tilray-buys-four-molson-coors-brewers-as-it-looks-to-become-beacon-for-craft-brands-a028250e,Tilray beverage brand
5,Tilray Brands,HiBall Energy,Beverage brand,hiball.com,$0.83 B,https://www.marketwatch.com/story/cananbis-company-tilray-buys-four-molson-coors-brewers-as-it-looks-to-become-beacon-for-craft-brands-a028250e,Tilray beverage brand
5,Tilray Brands,Happy Flower CBD,CBD beverage brand,happyflower.com,$0.83 B,https://www.marketwatch.com/story/cananbis-company-tilray-buys-four-molson-coors-brewers-as-it-looks-to-become-beacon-for-craft-brands-a028250e,Tilray beverage brand
5,Tilray Brands,Hop Valley Brewing,Beverage brand,hopvalleybrewing.com,$0.83 B,https://www.reuters.com/markets/deals/tilray-buy-four-craft-breweries-molson-coors-2024-08-13/,Acquired from Molson Coors
5,Tilray Brands,Terrapin Beer,Beverage brand,terrapinbeer.com,$0.83 B,https://www.reuters.com/markets/deals/tilray-buy-four-craft-breweries-molson-coors-2024-08-13/,Acquired from Molson Coors
5,Tilray Brands,Revolver Brewing,Beverage brand,revolverbrewing.com,$0.83 B,https://www.reuters.com/markets/deals/tilray-buy-four-craft-breweries-molson-coors-2024-08-13/,Acquired from Molson Coors
5,Tilray Brands,Atwater Brewery,Beverage brand,atwaterbeer.com,$0.83 B,https://www.reuters.com/markets/deals/tilray-buy-four-craft-breweries-molson-coors-2024-08-13/,Acquired from Molson Coors
6,SNDL Inc.,Value Buds,Retail dispensary banner / private label,valuebuds.com,$0.67 B,https://sndl.com/Our-Brands/Cannabis-Retail-Banners/default.aspx,Official retail banner page
6,SNDL Inc.,Spiritleaf,Retail dispensary banner,spiritleaf.ca,$0.67 B,https://sndl.com/Our-Brands/Cannabis-Retail-Banners/default.aspx,Official retail banner page
6,SNDL Inc.,Superette,Retail dispensary banner,superette.ca,$0.67 B,https://stratcann.com/financials/sndl-record-revenue-declining-losses-cannabis-sales/,Retail banner
6,SNDL Inc.,Versus,Cannabis brand,versuscannabis.com,$0.67 B,https://sndl.com/Our-Brands/Cannabis-Brands/default.aspx,Official cannabis brands page
6,SNDL Inc.,Top Leaf,Cannabis brand,topleaf.ca,$0.67 B,https://mgmagazine.com/press-releases/sndl-enters-into-agreement-to-acquire-cost-cannabis-and-t-cannabis-locations-from-1cm/,SNDL brand listed
6,SNDL Inc.,Contraband,Cannabis brand,sndl.com,$0.67 B,https://mgmagazine.com/press-releases/sndl-enters-into-agreement-to-acquire-cost-cannabis-and-t-cannabis-locations-from-1cm/,SNDL brand listed
6,SNDL Inc.,Palmetto,Cannabis brand,palmettocannabis.com,$0.67 B,https://mgmagazine.com/press-releases/sndl-enters-into-agreement-to-acquire-cost-cannabis-and-t-cannabis-locations-from-1cm/,SNDL brand listed
6,SNDL Inc.,Bon Jak,Cannabis brand,sndl.com,$0.67 B,https://mgmagazine.com/press-releases/sndl-enters-into-agreement-to-acquire-cost-cannabis-and-t-cannabis-locations-from-1cm/,SNDL brand listed
6,SNDL Inc.,La Plogue,Cannabis brand,sndl.com,$0.67 B,https://mgmagazine.com/press-releases/sndl-enters-into-agreement-to-acquire-cost-cannabis-and-t-cannabis-locations-from-1cm/,SNDL brand listed
6,SNDL Inc.,The Valens Company,Cannabis producer / manufacturer,thevalenscompany.com,$0.67 B,https://mjbizdaily.com/news/sndl-buying-canadian-cannabis-product-maker-valens-for-ca138-million/335653/,Acquired by SNDL
6,SNDL Inc.,Ace Liquor,Retail liquor banner,aceliquor.ca,$0.67 B,https://www.mccarthy.ca/en/experience/sndl-expands-retail-network-with-conclusion-of-superette-group-s-ccaa-proceedings,SNDL retail banner
6,SNDL Inc.,Wine and Beyond,Retail liquor banner,wineandbeyond.ca,$0.67 B,https://www.mccarthy.ca/en/experience/sndl-expands-retail-network-with-conclusion-of-superette-group-s-ccaa-proceedings,SNDL retail banner
6,SNDL Inc.,Liquor Depot,Retail liquor banner,liquordepot.ca,$0.67 B,https://www.mccarthy.ca/en/experience/sndl-expands-retail-network-with-conclusion-of-superette-group-s-ccaa-proceedings,SNDL retail banner
7,Cresco Labs,Sunnyside,Retail dispensary banner,sunnyside.shop,$0.67 B,https://www.crescolabs.com/,Official homepage/brand list
7,Cresco Labs,Cresco Cannabis,Cannabis brand,crescolabs.com,$0.67 B,https://www.crescolabs.com/brands/,Official brand list
7,Cresco Labs,High Supply,Cannabis brand,highsupplyofficial.com,$0.67 B,https://www.crescolabs.com/brands/,Official brand list
7,Cresco Labs,FloraCal,Cannabis brand,floracal.com,$0.67 B,https://www.crescolabs.com/brands/,Official brand list
7,Cresco Labs,Good News,Cannabis brand,goodnewsbrand.com,$0.67 B,https://www.crescolabs.com/brands/,Official brand list
7,Cresco Labs,Wonder Wellness Co.,Cannabis brand,wonderwellness.co,$0.67 B,https://investors.crescolabs.com/news/news-details/2026/Cresco-Labs-Opens-Sunnyside-Aberdeen-Marking-Second-Ohio-Dispensary-Opening-in-a-Month/default.aspx,Listed in Cresco portfolio
7,Cresco Labs,Mindy's,Cannabis edible brand,mindysedibles.com,$0.67 B,https://www.crescolabs.com/,Official homepage/brand list
7,Cresco Labs,Remedi,Cannabis wellness brand,remediproducts.com,$0.67 B,https://www.crescolabs.com/,Official homepage/brand list
8,Ascend Wellness (AWH),Ascend,Retail dispensary banner,letsascend.com,$0.51 B,https://awholdings.com/wp-content/uploads/static-files/13eeed68-e9c8-4146-82d1-54f71a21e005.pdf,AWH annual report
8,Ascend Wellness (AWH),Ozone,Cannabis brand,ozonecannabis.com,$0.51 B,https://awholdings.com/wp-content/uploads/static-files/13eeed68-e9c8-4146-82d1-54f71a21e005.pdf,AWH annual report
8,Ascend Wellness (AWH),Simply Herb,Cannabis brand,simplyherb.com,$0.51 B,https://awholdings.com/wp-content/uploads/static-files/13eeed68-e9c8-4146-82d1-54f71a21e005.pdf,AWH annual report
8,Ascend Wellness (AWH),Lowell Smokes,Licensed cannabis brand,lowellherbco.com,$0.51 B,https://www.newcannabisventures.com/lowell-farms-expands-to-illinois-and-massachusetts-with-ascend-wellness-licensing-agreement/,Licensing agreement
9,Ayr Wellness,AYR Cannabis Dispensary,Retail dispensary banner,ayrdispensaries.com,$0.45 B,https://www.cannabisbusinesstimes.com/us-states/new-jersey/news/15688589/ayr-wellness-introduces-its-national-portfolio-of-brands-to-new-jersey-menus,Ayr national portfolio source
9,Ayr Wellness,Kynd,Cannabis brand,kynd.com,$0.45 B,https://www.cannabisbusinesstimes.com/us-states/new-jersey/news/15688589/ayr-wellness-introduces-its-national-portfolio-of-brands-to-new-jersey-menus,Ayr brand portfolio
9,Ayr Wellness,Lost in Translation / LIT,Cannabis brand,litcannabis.com,$0.45 B,https://ir.ayrwellness.com/news-events/press-releases/detail/176/ayr-wellness-introduces-award-winning-cannabis-brand-lost,Ayr brand portfolio
9,Ayr Wellness,Road Tripper,Cannabis brand,ayrwellness.com,$0.45 B,https://www.cannabisbusinesstimes.com/us-states/new-jersey/news/15688589/ayr-wellness-introduces-its-national-portfolio-of-brands-to-new-jersey-menus,Ayr brand portfolio
9,Ayr Wellness,STIX,Cannabis brand,ayrwellness.com,$0.45 B,https://www.cannabisbusinesstimes.com/us-states/new-jersey/news/15688589/ayr-wellness-introduces-its-national-portfolio-of-brands-to-new-jersey-menus,Ayr brand portfolio
9,Ayr Wellness,Entourage,Cannabis brand,ayrwellness.com,$0.45 B,https://www.cannabisbusinesstimes.com/us-states/new-jersey/news/15688589/ayr-wellness-introduces-its-national-portfolio-of-brands-to-new-jersey-menus,Ayr brand portfolio
9,Ayr Wellness,Secret Orchard,Cannabis brand,ayrwellness.com,$0.45 B,https://www.cannabisbusinesstimes.com/us-states/new-jersey/news/15688589/ayr-wellness-introduces-its-national-portfolio-of-brands-to-new-jersey-menus,Ayr brand portfolio
9,Ayr Wellness,Wicked,Cannabis brand,ayrwellness.com,$0.45 B,https://www.cannabisbusinesstimes.com/us-states/new-jersey/news/15688589/ayr-wellness-introduces-its-national-portfolio-of-brands-to-new-jersey-menus,Ayr brand portfolio
9,Ayr Wellness,Origyn Extracts,Cannabis brand,ayrwellness.com,$0.45 B,https://ir.ayrwellness.com/news-events/press-releases/detail/151/ayr-wellness-announces-the-launch-of-kynd-premium-flower-in,Ayr brand launch source
9,Ayr Wellness,Sun Gems,Cannabis brand,ayrwellness.com,$0.45 B,https://ir.ayrwellness.com/news-events/press-releases/detail/151/ayr-wellness-announces-the-launch-of-kynd-premium-flower-in,Ayr brand launch source
10,High Tide,Canna Cabana,Retail dispensary banner,cannacabana.com,$0.40 B,https://hightideinc.com/brands/,Official brand page
10,High Tide,Grasscity,Accessory e-commerce,grasscity.com,$0.40 B,https://www.prnewswire.com/news-releases/high-tide-tops-2-million-cabana-club-and-100-000-elite-members-nationwide-302514535.html,High Tide owned ecommerce site
10,High Tide,Smoke Cartel,Accessory e-commerce,smokecartel.com,$0.40 B,https://www.prnewswire.com/news-releases/high-tide-tops-2-million-cabana-club-and-100-000-elite-members-nationwide-302514535.html,High Tide owned ecommerce site
10,High Tide,Daily High Club,Accessory e-commerce / brand,dailyhighclub.com,$0.40 B,https://www.prnewswire.com/news-releases/high-tide-tops-2-million-cabana-club-and-100-000-elite-members-nationwide-302514535.html,High Tide brand/site
10,High Tide,DankStop,Accessory e-commerce,dankstop.com,$0.40 B,https://www.prnewswire.com/news-releases/high-tide-tops-2-million-cabana-club-and-100-000-elite-members-nationwide-302514535.html,High Tide owned ecommerce site
10,High Tide,NuLeaf Naturals,CBD brand,nuleafnaturals.com,$0.40 B,https://dailyhighclub.com/pages/cabana-club-usa-membership,High Tide owned/operated website listed
10,High Tide,FAB CBD,CBD brand,fabcbd.com,$0.40 B,https://dailyhighclub.com/pages/cabana-club-usa-membership,High Tide owned/operated website listed
10,High Tide,Blessed CBD,CBD brand,blessedcbd.co.uk,$0.40 B,https://dailyhighclub.com/pages/cabana-club-usa-membership,High Tide owned/operated website listed
10,High Tide,Queen of Bud,Cannabis brand,queenofbud.com,$0.40 B,https://www.prnewswire.com/news-releases/high-tide-tops-2-million-cabana-club-and-100-000-elite-members-nationwide-302514535.html,High Tide brand
10,High Tide,Cabana Cannabis Co.,Cannabis brand,hightideinc.com,$0.40 B,https://www.prnewswire.com/news-releases/high-tide-tops-2-million-cabana-club-and-100-000-elite-members-nationwide-302514535.html,High Tide brand
10,High Tide,Vodka Glass,Accessory brand,hightideinc.com,$0.40 B,https://www.prnewswire.com/news-releases/high-tide-tops-2-million-cabana-club-and-100-000-elite-members-nationwide-302514535.html,High Tide brand
10,High Tide,Puff Puff Pass,Accessory brand,hightideinc.com,$0.40 B,https://www.prnewswire.com/news-releases/high-tide-tops-2-million-cabana-club-and-100-000-elite-members-nationwide-302514535.html,High Tide brand
10,High Tide,Dopezilla,Accessory brand,dopezilla.com,$0.40 B,https://www.prnewswire.com/news-releases/high-tide-tops-2-million-cabana-club-and-100-000-elite-members-nationwide-302514535.html,High Tide brand
10,High Tide,Atomik,Accessory brand,hightideinc.com,$0.40 B,https://www.prnewswire.com/news-releases/high-tide-tops-2-million-cabana-club-and-100-000-elite-members-nationwide-302514535.html,High Tide brand
10,High Tide,Hue,Accessory brand,hightideinc.com,$0.40 B,https://www.prnewswire.com/news-releases/high-tide-tops-2-million-cabana-club-and-100-000-elite-members-nationwide-302514535.html,High Tide brand
10,High Tide,Evolution,Accessory brand,hightideinc.com,$0.40 B,https://www.prnewswire.com/news-releases/high-tide-tops-2-million-cabana-club-and-100-000-elite-members-nationwide-302514535.html,High Tide brand
10,High Tide,Valiant,Wholesale distribution,hightideinc.com,$0.40 B,https://www.stocktitan.net/news/HITI/high-tide-to-acquire-premium-canadian-cannabis-brand-queen-of-hwr153quzzf7.html,High Tide wholesale distribution
11,The Cannabist Company,Cannabist,Retail dispensary banner,gocannabist.com,$0.34 B,https://www.cannabistcompany.com/news/press-release/2025/08/01/the-cannabist-company-celebrates-launch-of-adult-use-cannabis-sales-in-delaware,Company retail brand
11,The Cannabist Company,dreamt,Cannabis brand,cannabistcompany.com,$0.34 B,https://www.cannabistcompany.com/brands,Official brand page
11,The Cannabist Company,Seed & Strain,Cannabis brand,seedandstrain.com,$0.34 B,https://www.cannabistcompany.com/brands,Official brand page
11,The Cannabist Company,Triple Seven,Cannabis brand,triplesevencannabis.com,$0.34 B,https://www.cannabistcompany.com/brands,Official brand page
11,The Cannabist Company,Hedy,Cannabis brand,cannabistcompany.com,$0.34 B,https://www.cannabistcompany.com/brands,Official brand page
11,The Cannabist Company,gLeaf,Cannabis brand / dispensary legacy,gleaf.com,$0.34 B,https://www.cannabistcompany.com/news/press-release/2023/11/16/the-cannabist-company-announces-launch-of-popular-classix-and-seed-strain-brands-in-florida,Company brand
11,The Cannabist Company,Classix,Cannabis brand,cannabistcompany.com,$0.34 B,https://www.cannabistcompany.com/brands,Official brand page
11,The Cannabist Company,Press,Cannabis brand,cannabistcompany.com,$0.34 B,https://www.cannabistcompany.com/brands,Official brand page
11,The Cannabist Company,Amber,Cannabis brand,cannabistcompany.com,$0.34 B,https://www.cannabistcompany.com/brands,Official brand page
12,Village Farms International,Pure Sunfarms,Cannabis producer / brand,puresunfarms.com,$0.28 B,https://villagefarms.com/brands/,Official brand page
12,Village Farms International,ROSE LifeScience,Cannabis producer / distributor,roselifescience.ca,$0.28 B,https://villagefarms.com/brands/,Official brand page
12,Village Farms International,Balanced Health Botanicals,Hemp/CBD company,balancedhealthbotanicals.com,$0.28 B,https://villagefarms.com/brands/,Official brand page
12,Village Farms International,CBDistillery,CBD brand,thecbdistillery.com,$0.28 B,https://balancedhealthbotanicals.com/,BHB brand family
12,Village Farms International,Leli Holland,Cannabis entity,villagefarms.com,$0.28 B,https://villagefarms.com/wp-content/uploads/2025/05/VFF-2025-10-Q-Q1-As-Filed.pdf,Referenced in Village Farms filings
13,TerrAscend,The Apothecarium,Retail dispensary banner,apothecarium.com,$0.27 B,https://terrascend.com/,Company operations
13,TerrAscend,Gage Cannabis,Retail / cannabis brand,gagecannabis.com,$0.27 B,https://terrascend.com/,Company brand/operation
13,TerrAscend,Kind Tree,Cannabis brand,kindtreecannabis.com,$0.27 B,https://terrascend.com/,TerrAscend brand portfolio
13,TerrAscend,Valhalla,Cannabis edible brand,valhallaconfections.com,$0.27 B,https://terrascend.com/,TerrAscend brand portfolio
13,TerrAscend,Legend,Cannabis brand,terrascend.com,$0.27 B,https://terrascend.com/,TerrAscend brand portfolio
13,TerrAscend,Union Chill,Retail dispensary,unionchillnj.com,$0.27 B,https://www.globenewswire.com/news-release/2025/05/06/3075224/0/en/terrascend-signs-agreement-to-acquire-fourth-dispensary-in-new-jersey.html,Acquisition announced by TerrAscend
14,Innovative Industrial Properties,Innovative Industrial Properties,Cannabis REIT / parent only,innovativeindustrialproperties.com,$0.26 B,https://www.innovativeindustrialproperties.com/,"No consumer sub-brands identified; REIT owns real estate assets, not cannabis CPG brands"
15,Aurora Cannabis,Aurora,Medical cannabis brand,auroramj.com,$0.26 B,https://mgmagazine.com/press-releases/aurora-cannabis-completes-multimillion-dollar-investment-renames-b-c-manufacturing-facility/,Aurora portfolio
15,Aurora Cannabis,Drift,Adult-use cannabis brand,auroramj.com,$0.26 B,https://mgmagazine.com/press-releases/aurora-cannabis-completes-multimillion-dollar-investment-renames-b-c-manufacturing-facility/,Aurora portfolio
15,Aurora Cannabis,San Rafael '71,Adult-use cannabis brand,sanrafael71.com,$0.26 B,https://mgmagazine.com/press-releases/aurora-cannabis-completes-multimillion-dollar-investment-renames-b-c-manufacturing-facility/,Aurora portfolio
15,Aurora Cannabis,Daily Special,Adult-use cannabis brand,dailyspecial.ca,$0.26 B,https://mgmagazine.com/press-releases/aurora-cannabis-completes-multimillion-dollar-investment-renames-b-c-manufacturing-facility/,Aurora portfolio
15,Aurora Cannabis,Tasty's,Adult-use cannabis brand,auroramj.com,$0.26 B,https://mgmagazine.com/press-releases/aurora-cannabis-completes-multimillion-dollar-investment-renames-b-c-manufacturing-facility/,Aurora portfolio
15,Aurora Cannabis,Being,Adult-use cannabis brand,auroramj.com,$0.26 B,https://mgmagazine.com/press-releases/aurora-cannabis-completes-multimillion-dollar-investment-renames-b-c-manufacturing-facility/,Aurora portfolio
15,Aurora Cannabis,Greybeard,Adult-use cannabis brand,greybeardcannabis.com,$0.26 B,https://mgmagazine.com/press-releases/aurora-cannabis-completes-multimillion-dollar-investment-renames-b-c-manufacturing-facility/,Aurora portfolio
15,Aurora Cannabis,MedReleaf,Medical cannabis brand,medreleaf.com,$0.26 B,https://mgmagazine.com/press-releases/aurora-cannabis-completes-multimillion-dollar-investment-renames-b-c-manufacturing-facility/,Aurora portfolio
15,Aurora Cannabis,CanniMed,Medical cannabis brand,cannimed.ca,$0.26 B,https://mgmagazine.com/press-releases/aurora-cannabis-completes-multimillion-dollar-investment-renames-b-c-manufacturing-facility/,Aurora portfolio
15,Aurora Cannabis,Whistler Medical Marijuana Co.,Medical cannabis brand,whistlermedicalmarijuana.com,$0.26 B,https://mgmagazine.com/press-releases/aurora-cannabis-completes-multimillion-dollar-investment-renames-b-c-manufacturing-facility/,Aurora portfolio
15,Aurora Cannabis,Pedanios,International medical cannabis brand,pedanios.com,$0.26 B,https://mgmagazine.com/press-releases/aurora-cannabis-completes-multimillion-dollar-investment-renames-b-c-manufacturing-facility/,Aurora portfolio
15,Aurora Cannabis,IndiMed,International medical cannabis brand,auroramj.com,$0.26 B,https://mgmagazine.com/press-releases/aurora-cannabis-completes-multimillion-dollar-investment-renames-b-c-manufacturing-facility/,Aurora portfolio
15,Aurora Cannabis,CraftPlant,International medical cannabis brand,auroramj.com,$0.26 B,https://mgmagazine.com/press-releases/aurora-cannabis-completes-multimillion-dollar-investment-renames-b-c-manufacturing-facility/,Aurora portfolio
15,Aurora Cannabis,Bevo Farms,Plant propagation subsidiary,bevofarms.com,$0.26 B,https://mgmagazine.com/press-releases/aurora-cannabis-completes-multimillion-dollar-investment-renames-b-c-manufacturing-facility/,Aurora controlling interest
16,Jushi Holdings,Beyond / Hello,Retail dispensary banner,beyond-hello.com,$0.25 B,https://jushico.com/retail/,Jushi retail page
16,Jushi Holdings,Nature's Remedy,Retail dispensary banner,naturesremedyma.com,$0.25 B,https://jushico.com/careers/,Jushi retail operations
16,Jushi Holdings,NuLeaf,Retail dispensary banner,nuleafnv.com,$0.25 B,https://jushico.com/retail/,Jushi retail page
16,Jushi Holdings,Van Golden,Cannabis brand,jushico.com,$0.25 B,https://jushico.com/brands/,Jushi brand page
16,Jushi Holdings,The Bank,Cannabis brand,thebank.com,$0.25 B,https://jushico.com/brands/,Jushi brand page
16,Jushi Holdings,The Lab,Cannabis brand,jushico.com,$0.25 B,https://jushico.com/brands/,Jushi brand page
16,Jushi Holdings,Nira+,Cannabis brand,jushico.com,$0.25 B,https://jushico.com/brands/,Jushi brand page
16,Jushi Holdings,Tasteology,Cannabis brand,jushico.com,$0.25 B,https://jushico.com/brands/,Jushi brand page
16,Jushi Holdings,Sèche,Cannabis brand,jushico.com,$0.25 B,https://jushico.com/careers/,Jushi brand list
16,Jushi Holdings,Hijinks,Cannabis brand,jushico.com,$0.25 B,https://jushico.com/careers/,Jushi brand list
16,Jushi Holdings,Uncommon Kind,Cannabis brand,jushico.com,$0.25 B,https://jushico.com/careers/,Jushi brand list
17,Canopy Growth,Tweed,Cannabis brand,tweed.com,$0.19 B,https://www.canopycollection.com/,Canopy Collection
17,Canopy Growth,7ACRES,Cannabis brand,7acres.com,$0.19 B,https://www.canopycollection.com/,Canopy Collection
17,Canopy Growth,DOJA,Cannabis brand,doja.life,$0.19 B,https://www.canopycollection.com/,Canopy Collection
17,Canopy Growth,Deep Space,Cannabis beverage / edible brand,canopycollection.com,$0.19 B,https://www.canopycollection.com/,Canopy Collection
17,Canopy Growth,Claybourne,Cannabis brand,claybourneco.com,$0.19 B,https://www.canopycollection.com/,Canopy Collection
17,Canopy Growth,Wana,Cannabis edible brand,wana.com,$0.19 B,https://www.canopycollection.com/,Canopy Collection
17,Canopy Growth,Storz & Bickel,Vaporizer subsidiary,storz-bickel.com,$0.19 B,https://www.canopycollection.com/,Canopy Collection
18,Glass House Brands,Glass House Farms,Cannabis brand,glasshousefarms.org,$0.19 B,https://glasshousebrands.com/about/,Official about page
18,Glass House Brands,PLUS Products,Cannabis edible brand,plusproducts.com,$0.19 B,https://glasshousebrands.com/about/,Official about page
18,Glass House Brands,Allswell,Cannabis brand,allswellcannabis.com,$0.19 B,https://glasshousebrands.com/about/,Official about page
18,Glass House Brands,Forbidden Flowers,Cannabis brand,forbiddenflowers.com,$0.19 B,https://glasshousebrands.com/about/,Official about page
18,Glass House Brands,FIELD,Cannabis brand,fieldextracts.com,$0.19 B,https://glasshousebrands.com/about/,Official about page
18,Glass House Brands,Mama Sue Wellness,Cannabis wellness brand,mamasue.com,$0.19 B,https://glasshousebrands.com/our-brands/,Official brand page
18,Glass House Brands,The Farmacy,Retail dispensary banner,thefarmacy.com,$0.19 B,https://glasshousebrands.com/press-release/glass-house-brands-provides-updates-to-recent-events/,Glass House retail network
18,Glass House Brands,Natural Healing Center / NHC,Retail dispensary banner,nhcdispensaries.com,$0.19 B,https://glasshousebrands.com/press-release/glass-house-brands-provides-updates-to-recent-events/,Glass House retail network
18,Glass House Brands,The Pottery,Retail dispensary banner,thepottery.la,$0.19 B,https://glasshousebrands.com/press-release/glass-house-brands-provides-updates-to-recent-events/,Glass House retail network
19,OrganiGram Holdings,Organigram,Licensed producer / parent brand,organigram.ca,$0.18 B,https://www.organigram.ca/,Official portfolio page
19,OrganiGram Holdings,SHRED,Cannabis brand,shredcannabis.com,$0.18 B,https://www.organigram.ca/,Official portfolio page
19,OrganiGram Holdings,SHRED’ems,Cannabis edibles brand,organigram.ca,$0.18 B,https://www.stocktitan.net/news/OGI/organigram-unveils-bold-new-brand-identity-reflecting-market-2df7l9a09p5q.html,Organigram portfolio
19,OrganiGram Holdings,BOXHOT,Cannabis vape brand,boxhotcannabis.com,$0.18 B,https://www.organigram.ca/,Official portfolio page
19,OrganiGram Holdings,Big Bag o' Buds,Cannabis brand,bigbagobuds.com,$0.18 B,https://www.organigram.ca/,Official portfolio page
19,OrganiGram Holdings,DEBUNK,Cannabis brand,debunkcannabis.com,$0.18 B,https://www.organigram.ca/,Official portfolio page
19,OrganiGram Holdings,Rizzlers,Cannabis pre-roll brand,organigram.ca,$0.18 B,https://www.organigram.ca/,Official portfolio page
19,OrganiGram Holdings,Trailblazer,Cannabis brand,trailblazercannabis.com,$0.18 B,https://www.organigram.ca/,Official portfolio page
19,OrganiGram Holdings,Monjour,CBD/cannabis brand,monjourwellness.com,$0.18 B,https://www.organigram.ca/,Official portfolio page
19,OrganiGram Holdings,Edison,Cannabis brand,edisoncannabis.co,$0.18 B,https://www.organigram.ca/,Official portfolio page
19,OrganiGram Holdings,Tremblant Cannabis,Cannabis hash brand,tremblantcannabis.com,$0.18 B,https://www.organigram.ca/,Official portfolio page
19,OrganiGram Holdings,Holy Mountain,Cannabis brand,holymountaincannabis.com,$0.18 B,https://mgmagazine.com/press-releases/organigram-unveils-new-brand-identity/,Organigram portfolio
19,OrganiGram Holdings,Laurentian,Cannabis brand,laurentianorganic.com,$0.18 B,https://www.investing.com/equities/organigram-holdings-inc-company-profile,Organigram portfolio
19,OrganiGram Holdings,Motif Labs,Cannabis processor / subsidiary,motiflabs.ca,$0.18 B,https://mgmagazine.com/press-releases/organigram-unveils-new-brand-identity/,Wholly owned subsidiary
20,WM Technology,Weedmaps,Cannabis marketplace / software,weedmaps.com,$0.17 B,https://weedmaps.com/,Primary operating brand
21,GrowGeneration,GrowGeneration,Hydroponic/grow retail brand,growgeneration.com,$0.16 B,https://www.growgeneration.com/,Primary operating brand
22,MariMed,Betty's Eddies,Cannabis edible brand,bettyseddies.com,$0.15 B,https://www.marimedinc.com/our-brands,Official brand page
22,MariMed,Nature's Heritage,Cannabis brand,naturesheritagecannabis.com,$0.15 B,https://www.marimedinc.com/our-brands,Official brand page
22,MariMed,Bubby's Baked,Cannabis edible brand,bubbysbaked.com,$0.15 B,https://www.marimedinc.com/our-brands,Official brand page
22,MariMed,InHouse,Cannabis brand,inhousecannabis.com,$0.15 B,https://www.marimedinc.com/our-brands,Official brand page
22,MariMed,Vibations,Cannabis beverage / wellness brand,vibations.com,$0.15 B,https://finance.yahoo.com/news/marimed-launches-nature-heritage-flower-113000889.html,MariMed portfolio
22,MariMed,Panacea Wellness,Retail dispensary banner,panaceawellness.com,$0.15 B,https://www.marimedinc.com/,MariMed retail/store brand
23,Cronos Group,Spinach,Cannabis brand,spinachcannabis.com,$0.14 B,https://thecronosgroup.com/,Official homepage
23,Cronos Group,PEACE NATURALS,Medical cannabis / wellness brand,peacenaturals.com,$0.14 B,https://thecronosgroup.com/,Official homepage
23,Cronos Group,LIT,Cannabis brand,thecronosgroup.com,$0.14 B,https://thecronosgroup.com/,Official homepage
23,Cronos Group,Lord Jones,CBD / hemp-derived brand,lordjones.com,$0.14 B,https://thecronosgroup.com/,Official homepage
23,Cronos Group,COVE,Cannabis brand,thecronosgroup.com,$0.14 B,https://ir.thecronosgroup.com/brands,Investor brand page
23,Cronos Group,Happy Dance,CBD brand,happydance.com,$0.14 B,https://ir.thecronosgroup.com/news-releases/news-release-details/lord-jonestm-debuts-higher-order/,Cronos portfolio
23,Cronos Group,PEACE+,CBD brand,thecronosgroup.com,$0.14 B,https://www.sec.gov/Archives/edgar/data/1656472/000165647221000009/R7.htm,Cronos portfolio
24,Hydrofarm,Hydrofarm,Controlled environment agriculture supplier,hydrofarm.com,$0.14 B,https://www.hydrofarm.com/,Primary operating brand
25,InterCure,Canndoc,Medical cannabis producer,canndoc.com,$0.11 B,https://www.intercure.co/,InterCure cannabis operation
25,InterCure,Cookies Israel,Licensed/partner retail and brand,cookies.co,$0.11 B,https://www.intercure.co/,Licensed/partner brand under InterCure operations
26,Planet13,Planet 13,Retail dispensary banner,planet13.com,$0.10 B,https://planet13.com/,Primary retail brand
26,Planet13,Medizin,Cannabis brand / dispensary,medizinlv.com,$0.10 B,https://planet13.com/,Planet 13 brand/dispensary
27,4Front Ventures,Mission Dispensaries,Retail dispensary banner,missiondispensaries.com,$75.6 M,https://4frontventures.com/,4Front retail banner
27,4Front Ventures,Island,Cannabis brand,island.co,$75.6 M,https://4frontventures.com/,4Front brand
27,4Front Ventures,Marmas,Cannabis edibles brand,marmas.com,$75.6 M,https://4frontventures.com/,4Front brand
27,4Front Ventures,Hi-Burst,Cannabis edible brand,hiburst.com,$75.6 M,https://4frontventures.com/,4Front brand
27,4Front Ventures,Legion of Bloom,Cannabis brand,legionofbloom.com,$75.6 M,https://4frontventures.com/,4Front brand
28,Urban-gro,urban-gro,Controlled environment agriculture services,urban-gro.com,$58.24 M,https://urban-gro.com/,Primary operating brand
29,Charlotte's Web,Charlotte's Web,CBD / hemp brand,charlottesweb.com,$49.23 M,https://www.charlottesweb.com/,Primary operating brand
30,Chicago Atlantic BDC,Chicago Atlantic BDC,Cannabis/credit investment company,chicagoatlantic.com,$39.41 M,https://www.chicagoatlantic.com/,Parent only / investment vehicle
31,IM Cannabis,IMC,Medical cannabis brand / operator,imcannabis.com,$37.57 M,https://imcannabis.com/,Primary operating brand
31,IM Cannabis,Adjupharm,Medical cannabis distributor,adjupharm.de,$37.57 M,https://imcannabis.com/,IMC German subsidiary/operation
31,IM Cannabis,Trichome,Cannabis operator,trichomefinancial.com,$37.57 M,https://imcannabis.com/,IMC acquired/operating asset
32,Leafly Holdings,Leafly,Cannabis marketplace / content platform,leafly.com,$33.47 M,https://www.leafly.com/,Primary operating brand
33,Cantourage Group SE,Cantourage,Medical cannabis platform,cantourage.com,$26.04 M,https://www.cantourage.com/,Primary operating brand
33,Cantourage Group SE,Telecan,Telemedicine / cannabis access platform,telecan.eu,$26.04 M,https://www.cantourage.com/,Cantourage ecosystem/entity
34,cbdMD,cbdMD,CBD / hemp brand,cbdmd.com,$19.19 M,https://www.cbdmd.com/,Primary brand
34,cbdMD,Paw CBD,Pet CBD brand,pawcbd.com,$19.19 M,https://www.cbdmd.com/,cbdMD pet brand
34,cbdMD,ATRx,Functional mushroom / wellness brand,atrxlabs.com,$19.19 M,https://www.cbdmd.com/,cbdMD related brand
35,"RYTHM, Inc.",RYTHM,Cannabis IP / licensed brand,rythm.com,$8.77 M,https://ir.rythminc.com/news-releases/news-release-details/rythm-inc-announces-amendments-license-agreements-green-thumb/,RYTHM IP portfolio licensed to GTI
35,"RYTHM, Inc.",incredibles,Cannabis IP / licensed brand,iloveincredibles.com,$8.77 M,https://ir.rythminc.com/news-releases/news-release-details/rythm-inc-announces-amendments-license-agreements-green-thumb/,Licensed IP
35,"RYTHM, Inc.",Beboe,Cannabis IP / licensed brand,beboe.com,$8.77 M,https://ir.rythminc.com/news-releases/news-release-details/rythm-inc-announces-amendments-license-agreements-green-thumb/,Licensed IP
35,"RYTHM, Inc.",Dogwalkers,Cannabis IP / licensed brand,dogwalkersprerolls.com,$8.77 M,https://ir.rythminc.com/news-releases/news-release-details/rythm-inc-announces-amendments-license-agreements-green-thumb/,Licensed IP
35,"RYTHM, Inc.",Doctor Solomon's,Cannabis IP / licensed brand,doctorsolomons.com,$8.77 M,https://ir.rythminc.com/news-releases/news-release-details/rythm-inc-announces-amendments-license-agreements-green-thumb/,Licensed IP
35,"RYTHM, Inc.",&Shine,Cannabis IP / licensed brand,shineproducts.com,$8.77 M,https://ir.rythminc.com/news-releases/news-release-details/rythm-inc-announces-amendments-license-agreements-green-thumb/,Licensed IP
35,"RYTHM, Inc.",Good Green,Cannabis IP / licensed brand,good.green,$8.77 M,https://ir.rythminc.com/news-releases/news-release-details/rythm-inc-announces-amendments-license-agreements-green-thumb/,Licensed IP
36,22nd Century Group,22nd Century Group,Plant biotechnology / tobacco-cannabis research,xxiicentury.com,$7.84 M,https://xxiicentury.com/,Parent only / operating company
36,22nd Century Group,VLN,Reduced-nicotine cigarette brand,tryvln.com,$7.84 M,https://xxiicentury.com/,22nd Century brand
37,"Greenlane Holdings, Inc.",Greenlane,Cannabis accessories distributor,greenlane.com,$4.65 M,https://greenlane.com/,Parent brand
37,"Greenlane Holdings, Inc.",Higher Standards,Accessory brand,higherstandards.com,$4.65 M,https://greenlane.com/,Greenlane house brand
37,"Greenlane Holdings, Inc.",Pollen Gear,Packaging/accessory brand,pollengear.com,$4.65 M,https://greenlane.com/,Greenlane brand
37,"Greenlane Holdings, Inc.",VIBES,Rolling paper/accessory brand,vibespapers.com,$4.65 M,https://greenlane.com/,Distributed/associated Greenlane brand
38,Botanix Pharmaceuticals,Botanix Pharmaceuticals,Dermatology pharmaceutical company,botanixpharma.com,$3.78 M,https://botanixpharma.com/,Parent only / pharmaceutical company
39,Akanda,Akanda,Medical cannabis company,akandacorp.com,$0.83 M,https://www.akandacorp.com/,Parent brand
39,Akanda,CanMart,Medical cannabis import/distribution,canmart.com,$0.83 M,https://www.akandacorp.com/,Akanda UK operation
40,Bakhu Holdings,Bakhu Holdings,Cannabis cell-culture technology company,bakhu.com,N/A,https://bakhu.com/,Parent only / technology company