Company Name,First Name,Last Name,Title,Person Linkedin Url,tag
The Outlaw Report,LJ,Dawson,Editor in Chief,http://www.linkedin.com/in/lj-dawson,marketing_content_partnership
Herb,Matt,Gray,Founder & CEO,http://www.linkedin.com/in/mattgray1,marketing_content_partnership
Marijuana Moment,Tom,Angell,Publisher and Editor,http://www.linkedin.com/in/tomangellmedia,marketing_content_partnership
Tricycle Day,Henry,Winslow,Founder,http://www.linkedin.com/in/henrywins,marketing_content_partnership
BevNET.com,Ferron,Salniker,Spirits Editor,http://www.linkedin.com/in/ferron-salniker-12b75922a,marketing_content_partnership
Tequila & Spirits Magazine,Jose,Pinedo,Publisher,http://www.linkedin.com/in/jose-pinedo-015b31b0,marketing_content_partnership
Herbage Magazine,James,Bridges,Owner/Publisher,http://www.linkedin.com/in/james-bridges-86730711,marketing_content_partnership
Cannabis Now,Eugenio,Garcia,CEO & Founder,http://www.linkedin.com/in/eugeniopgarcia,marketing_content_partnership
Ounce Magazine,Corey,Hunt,Co-Founder,http://www.linkedin.com/in/corey-hunt-3298738a,marketing_content_partnership
Grow House Media,Patrick,Pope,Co-Founder & Chief Creative Officer,http://www.linkedin.com/in/growhousemedia,marketing_content_partnership
Leaf Magazines,Jackie,Bryant,Editor,http://www.linkedin.com/in/jacquelineannebryant,marketing_content_partnership
MJBiz,Chris,Roberts,Executive Editor,http://www.linkedin.com/in/chris-roberts-147b816,marketing_content_partnership
The Medical Letter,Corinne,Morrison,Associate Editor,http://www.linkedin.com/in/corinne-morrison-5ab26074,marketing_content_partnership
High at 9 News,Jason,Beck,Host of High At 9 News,http://www.linkedin.com/in/jasonbeck420,marketing_content_partnership
Coming Soon!,Eric,Lord,Founding Member of a new Start-Up,http://www.linkedin.com/in/eric-lord-86a32433,marketing_content_partnership
The Other Magazine,Peter,Shafran,Publisher,http://www.linkedin.com/in/peter-shafran-902a53321,marketing_content_partnership
She Blaze Podcast,Dasheeda,Dawson,Podcast Host,http://www.linkedin.com/in/dasheedadawson,marketing_content_partnership
Psychedelic Pathways Magazine,Strider,Peterson,Publisher,http://www.linkedin.com/in/petersonjohnc,marketing_content_partnership
Wine & Spirits Daily,Sarah,Barrett,Managing Editor,http://www.linkedin.com/in/sarah-barrett-b5401aa7,marketing_content_partnership
Cannabis & Tech Today,Andrew,Behringer,Director of Strategic Partnerships,http://www.linkedin.com/in/andrew-behringer-27891647,marketing_content_partnership
Coming Soon!,Lisa,Selan,Editor In Chief,http://www.linkedin.com/in/lisa-selan-5b084933,marketing_content_partnership
Leaf Magazines,Amanda,Lopez,Content Director,http://www.linkedin.com/in/amanda-lopez-7703661a7,marketing_content_partnership
Leafly,Morgan,Rosendale,Branded Content Editor,http://www.linkedin.com/in/morgan-rosendale-83b0a2230,marketing_content_partnership
Cannabis Observer,Gregory,Foster,Founder + Citizen Observer,http://www.linkedin.com/in/gregoryfoster,marketing_content_partnership
CannaConnect,Natalie,Campion,Communications Partner,http://www.linkedin.com/in/nataliecampion,marketing_content_partnership
Full Pour,Alexander,Peartree,Writer & Editor,http://www.linkedin.com/in/alexander-peartree-61a25b47,marketing_content_partnership
Physician's Weekly,Chris,Cole,Associate Editor,http://www.linkedin.com/in/chris-cole-9155467,marketing_content_partnership
Montana Cannabis Magazine,Allie,Bonthius,Founder,http://www.linkedin.com/in/allie-bonthius-1173441b5,marketing_content_partnership
Heady NJ,Dan,Ulloa,Editor & Publisher,http://www.linkedin.com/in/danulloa,marketing_content_partnership
Decoding Bio,Pablo,Lubroth,Co-Founder & Director,http://www.linkedin.com/in/pablolubroth,marketing_content_partnership
Cannabis Wire,Nushin,Rashidian,Co-founder,http://www.linkedin.com/in/nushinrashidian,marketing_content_partnership
Cannabis Business Times,Tony,Lange,Editor,http://www.linkedin.com/in/tony-lange,marketing_content_partnership
Cannabis Vape Reviews,Jesse,Brownstein,Founder & Owner,http://www.linkedin.com/in/jessebrownstein,marketing_content_partnership
The Medical Letter,Susie,Wong,Director of Content Operations,http://www.linkedin.com/in/susie-wong-5189b72a,marketing_content_partnership
mg Magazine,Christopher,Jones,Senior Editor,http://www.linkedin.com/in/christopher-jones-101a895b,marketing_content_partnership
Broccoli,Anja,Charbonneau,Editor in Chief & Creative Director,http://www.linkedin.com/in/anja-charbonneau-20713785,marketing_content_partnership
HIGH TIMES,Kyle,Rosner,Director of Partnerships,http://www.linkedin.com/in/kyle-rosner-6989a385,marketing_content_partnership
The CannaDiva,Tanya,Osborne,Founder,http://www.linkedin.com/in/tanyaosborne,marketing_content_partnership
The Medical Letter,Jean-Marie,Pflomm,Editor in Chief,http://www.linkedin.com/in/jean-marie-pflomm-20671945,marketing_content_partnership
TNMNews.com,Christine,Sclafani,Culture Host,http://www.linkedin.com/in/christinesclafani,marketing_content_partnership
BevNET.com,Monica,Watrous,Managing Editor,http://www.linkedin.com/in/monica-watrous-9929501a,marketing_content_partnership
Food and Beverage Magazine,Lauren,Kane,"Director, Editor-in-Chief",http://www.linkedin.com/in/laurenpkane,marketing_content_partnership
Leaf Magazines,Kayl,Wohl,Copy Editor,http://www.linkedin.com/in/kayl-wohl,marketing_content_partnership
PharmaBoardroom,Joseph,Kun,Regional Editor: North America and Northern Europe Lead,http://www.linkedin.com/in/josephkun,marketing_content_partnership
Cannabis Business Times,Eric,Sandy,Digital Editor,http://www.linkedin.com/in/ericsandy,marketing_content_partnership
Cannabis United,Alex,Thomas,Director of Creative Partnerships,http://www.linkedin.com/in/alexandermichaelthomas,marketing_content_partnership
Vaping360.com,Jim,McDonald,News Editor,http://www.linkedin.com/in/jim-mcdonald-646842145,marketing_content_partnership
The Morning Blunt,Amber,Wagner,Editor In Chief,http://www.linkedin.com/in/amber-wagner-ba4411122,marketing_content_partnership
BevNET.com,Ryan,Galang,Video Editor,http://www.linkedin.com/in/ryan-galang-145153a0,marketing_content_partnership
CannaCribs,Nate,Lipton,"Co-Founder, Host",http://www.linkedin.com/in/nate-lipton-953a5b1a,marketing_content_partnership
The 3050 Company,Trevor,Baruh,Founder,http://www.linkedin.com/in/trevorbaruh,marketing_content_partnership
904 Happy Hour,Charles,Wagoner,Founder & President,http://www.linkedin.com/in/charles-wagoner-jr-26aa6a43,marketing_content_partnership
WeedWeek,Alex,Halperin,Editor and Publisher,http://www.linkedin.com/in/alexhalperin,marketing_content_partnership
TNMNews.com,Todd,Denkin,President | Host | Founder,http://www.linkedin.com/in/todddenkin,marketing_content_partnership
The Bluntness Inc.,Harrison,Wise,Founder and Publisher,http://www.linkedin.com/in/harrisongwise,marketing_content_partnership
Cannabis Capital: The Podcast,Ross,O'Brien,Host,http://www.linkedin.com/in/rossobrien,marketing_content_partnership
BevNET.com,Jeff,Klineman,Editor In Chief,http://www.linkedin.com/in/jklineman,marketing_content_partnership
The Cannabis Community,Amna,Shamim,Director of Content Marketing,http://www.linkedin.com/in/amna-shamim,marketing_content_partnership
Ganjapreneur,Graham,Abbott,Chief Editor,http://www.linkedin.com/in/grahamabbottganjapreneur,marketing_content_partnership
WeedBudz,Ry,Russell,Host / Executive Producer / On-Air Talent,http://www.linkedin.com/in/russellry,marketing_content_partnership
Grow House Media,Liz,Grow,CEO & Co-Founder,http://www.linkedin.com/in/lizgrow,marketing_content_partnership
MJ Venture,Patrick,Wagner,Senior Editor,http://www.linkedin.com/in/patrick-wagner-a929b085,marketing_content_partnership
Cannabis Talk 101,Joe,Grande,Program Director / Podcast Host,http://www.linkedin.com/in/joegrande,marketing_content_partnership
Highly Capitalized,Andy,Kovtun,Content Marketing Director,http://www.linkedin.com/in/andy-kovtun,marketing_content_partnership
Fat Nugs Magazine,Dustin,Hoxworth,Creator & Editor-At-Large,http://www.linkedin.com/in/dustinhoxworth,marketing_content_partnership
Greenway Media,William,Crook,Founder/Developer,http://www.linkedin.com/in/williamgc,marketing_content_partnership
"Jage Media, Inc.",Kim,Jage,Co-Founder & CMO,http://www.linkedin.com/in/sal-vassallo,marketing_content_partnership
Cannabis Business Times,Noelle,Skodzinski,Co-founder/Editor,http://www.linkedin.com/in/nskodzinski,marketing_content_partnership
Hemp Connoisseur Magazine,David,Maddalena,"Founder, Publisher, News Director",http://www.linkedin.com/in/davemaddalena,marketing_content_partnership
Salt Lake City Weekly,Cole,Fullmer,Cannabis Editor,http://www.linkedin.com/in/colefullmer,marketing_content_partnership
Herb,Robert,Vecchio,Co-Founder & CEO,http://www.linkedin.com/in/robert-vecchio-a1161016,marketing_content_partnership
Fat Nugs Magazine,Jessica,Reilly-Chevalier,Editor,http://www.linkedin.com/in/jessica-reilly-writer,marketing_content_partnership
Cannabis Now,Maria,Wyllie,Director of Brand Partnerships // Senior Editor,http://www.linkedin.com/in/mariawyllie,marketing_content_partnership
Food and Beverage Magazine,Michael,Politz,Publisher / Founder,http://www.linkedin.com/in/politz,marketing_content_partnership
Leafly,Anna,Elliott,Senior Content Editor,http://www.linkedin.com/in/anna-elliott-b5671987,marketing_content_partnership
MedicateOH & MedicateKY,Gabrielle,Dion,Founder and Publisher,http://www.linkedin.com/in/gabrielledion,marketing_content_partnership
Decoding Bio,Mikaela,Kimpton,COO & Editor,http://www.linkedin.com/in/mikaela-kimpton,marketing_content_partnership
Cannabis Now,Michael,Rosenfeld,"Director, Marketing and Partnerships",http://www.linkedin.com/in/michaelrosenfeld,marketing_content_partnership
BevNET.com,Adrianne,Deluca,Assistant Managing Editor - Newsletters,http://www.linkedin.com/in/adriannedeluca,marketing_content_partnership
Svn Space,Monica,Campana,Founder & Director of Brand Partnerships,http://www.linkedin.com/in/monica-campana-1a3607172,marketing_content_partnership
Broccoli,Jessica,Gray,Partnerships Director,http://www.linkedin.com/in/grayjessica,marketing_content_partnership
BevNET.com,Martin,Caballero,Managing Editor,http://www.linkedin.com/in/mcaballero1,marketing_content_partnership
Honeysuckle Media,Jaime,Lubin,Editor At Large,http://www.linkedin.com/in/jaime-lubin-b5609935,marketing_content_partnership
Chronogram Media,Jan,Dewey,Publisher,http://www.linkedin.com/in/jan-dewey-83396334,marketing_content_partnership
Psychedelics for Climate Action (PSYCA),Marissa,Feinberg,Founder,http://www.linkedin.com/in/marissafeinberg,marketing_content_partnership
Project CBD,Martin,Lee,Co-Founder & Director,http://www.linkedin.com/in/martin-a-lee,marketing_content_partnership
Cannabis Marketing Podcast (DailyStory),Rob,Howard,Founder & Host,https://www.linkedin.com/in/robmhoward/,marketing_content_partnership
Cannabis Marketing Live (MediaJel),Jake,Litke,"CEO, and host of Cannabis Marketing Live",https://www.linkedin.com/in/jlitke/,marketing_content_partnership
Cannabis Marketing Live (MediaJel),Sadie,Reyes,President — corporate operations,https://www.linkedin.com/in/sadiereyes/,marketing_content_partnership
Cannabis Marketing Live (MediaJel),JENNY,SHI,"VP, Media Strategy & Operations",https://www.linkedin.com/in/jennyrshi/,marketing_content_partnership
Cannabis Marketing Live (MediaJel),Cortney,Brown,Chief Marketing Officer,https://www.linkedin.com/in/cortney-e-brown/,marketing_content_partnership
The Green Repeal (SoHo Experiential),Rick,Kiley,"Co-Founder, Managing Partner, Podcast Co-Host",https://www.linkedin.com/in/rickkiley/,marketing_content_partnership
The Green Repeal (SoHo Experiential),Jeff,Boedges,"Co-Founder, Managing Partner, Podcast Co-Host",https://www.linkedin.com/in/jeff-boedges-3b64b25/,marketing_content_partnership
The Green Repeal (SoHo Experiential),Matt,Kabel,President,https://www.linkedin.com/in/matt-kabel-9204124/,marketing_content_partnership
The Green Repeal (SoHo Experiential),Katie,Hansen,"VP, Production",https://www.linkedin.com/in/katie-hansen-94705512/,marketing_content_partnership
The Green Repeal (SoHo Experiential),Anne,Holliday-Woodard,Director of Strategic Growth,https://www.linkedin.com/in/anne-holliday-woodard-b6403b6/,marketing_content_partnership
The Green Repeal (SoHo Experiential),John,Millward,"Partner, Chief Creative & Growth Officer",https://www.linkedin.com/in/john-millward-90b8368/,marketing_content_partnership
MJBizDaily,Darcel,Duncan,Group Director of Content & Editorial,https://www.linkedin.com/in/darcel-duncan/?skipRedirect=true,marketing_content_partnership
MJBizDaily,Melody,Brown,Group Vice President of Editorial,https://www.linkedin.com/in/melody-brown-77983717b/?skipRedirect=true,marketing_content_partnership
MJBizDaily,Karalynn,Sprouse,Executive Vice President,https://www.linkedin.com/in/karalynn-sprouse-a48a66/?skipRedirect=true,marketing_content_partnership
MJBizDaily,Harrison,Radie,"Vice President, Sales & Partnerships",https://www.linkedin.com/in/harris-radie/?skipRedirect=true,marketing_content_partnership
MJBizDaily,Chris,Roberts,Executive Editor,https://www.linkedin.com/in/chris-roberts-147b816/?skipRedirect=true,marketing_content_partnership
MJBizDaily,Chris,Olson,Lead Conference Content Programmer,https://www.linkedin.com/in/chris-olson-28b98a24/?skipRedirect=true,marketing_content_partnership
Ganjapreneur,Noel,Abbott,Staff writer,https://www.linkedin.com/in/noelabbott,marketing_content_partnership
Cannabis Business Times (GIE Media),Noelle,Skodzinski,"Editorial Director, Cannabis Group & Co-Founder of CBT",https://www.linkedin.com/in/nskodzinski/,marketing_content_partnership
Cannabis Business Times (GIE Media),Jim,Gilbride,Group Publisher,https://www.linkedin.com/in/jimgilbride,marketing_content_partnership
Cannabis Business Times (GIE Media),Melissa,Schiller,Senior Digital Editor,https://www.linkedin.com/in/melissa-schiller/?skipRedirect=true,marketing_content_partnership
Cannabis Business Times (GIE Media),Tony,Lange,Associate Editor,https://www.linkedin.com/in/tony-lange/?skipRedirect=true,marketing_content_partnership
Cannabis Business Times (GIE Media),Eric,Sandy,Digital Editor ,https://www.linkedin.com/in/ericsandy/?skipRedirect=true,marketing_content_partnership
Dispensary Marketing Podcast (Cannabud Marketing),Brandon,Quan,"Founder, Cannabud Marketing & Podcast Host",https://www.linkedin.com/in/brandonnquan,marketing_content_partnership
The Broccoli Report,Anja,Charbonneau,"Founder, Editor-in-Chief & Creative Director",https://www.linkedin.com/in/anja-charbonneau-20713785/?skipRedirect=true,marketing_content_partnership
The Broccoli Report,Jessica,Gray,Director of Partnerships,https://www.linkedin.com/in/grayjessica/?skipRedirect=true,marketing_content_partnership
The Broccoli Report,Stephanie,Madewell,Editor,https://www.linkedin.com/in/stephaniemadewell/?skipRedirect=true,marketing_content_partnership
The Broccoli Report,Lauren,Tussey,Editorial Assistant,https://www.linkedin.com/in/laurentussey/?skipRedirect=true,marketing_content_partnership
The Broccoli Report,Alice,May,Designer,https://www.linkedin.com/in/alice-du-65974422/?skipRedirect=true,marketing_content_partnership
SupplySide Supplement Journal ,Christine,Kapperman,Content Director,https://www.linkedin.com/in/christine-kapperman/?skipRedirect=true,marketing_content_partnership
SupplySide Supplement Journal ,Cassandra,(Cassie),"Senior Editorial Content Director, SupplySide (oversees both Supplement Journal and Food & Beverage Journal)",https://www.linkedin.com/in/cassandra-smith-boise-write/?skipRedirect=true,marketing_content_partnership
SupplySide Supplement Journal ,Hank,Schultz,Senior Editor,https://www.linkedin.com/in/hank-schultz-45a52515/?skipRedirect=true,marketing_content_partnership
SupplySide Supplement Journal ,Devon,"Gholam,",Editor,https://www.linkedin.com/in/devongholam/?skipRedirect=true,marketing_content_partnership
SupplySide Supplement Journal ,Karen,Butler,Senior Managing Editor (content marketing/custom content specialist),https://www.linkedin.com/in/karenbutler777/?skipRedirect=true,marketing_content_partnership
Cannabis Marketing Association,Lisa,Buffo,Founder & CEO,https://www.linkedin.com/in/lisabuffo/?skipRedirect=true,marketing_content_partnership
NCIA (National Cannabis Industry Association),Bethany,Moore,"Director of Communications (also hosts NCIA's weekly podcast ""Cannabis Industry Voice,"" and personally coordinates member blog/podcast contributions)",https://www.linkedin.com/in/beatnikbetty/?skipRedirect=true,marketing_content_partnership
NCIA (National Cannabis Industry Association),Brooke,Gilbert,Chief Operating Officer,https://www.linkedin.com/in/brooke-gilbert-0105/?skipRedirect=true,marketing_content_partnership
NCIA (National Cannabis Industry Association),Kaliko,Castille,Director of Marketing,https://www.linkedin.com/in/kalikocastille/?skipRedirect=true,marketing_content_partnership
ATACH (American Trade Association of Cannabis and Hemp),Monica,McCafferty,Director of Communications,https://www.linkedin.com/in/monicamccafferty/?skipRedirect=true,marketing_content_partnership
ATACH (American Trade Association of Cannabis and Hemp),Christopher,Herghelegiu,Secretary & Co-Founder,https://www.linkedin.com/in/christopher-herk-herghelegiu-9ab5b022/?skipRedirect=true,marketing_content_partnership
American Kratom Association (AKA),Mac,Haddow,Senior Fellow on Public Policy,https://www.linkedin.com/in/mac-haddow-7723452/?skipRedirect=true,marketing_content_partnership
Dutchie,Ross,Lipson,Founder & CEO,https://www.linkedin.com/in/ross-lipson/?skipRedirect=true,marketing_content_partnership
Dutchie,Spencer,Scott,Chief Revenue Officer,https://www.linkedin.com/in/spencerscott/?skipRedirect=true,marketing_content_partnership
Dutchie,Chris,Ridings,"SVP, Head of Customer Success",https://www.linkedin.com/in/chrisridings/?skipRedirect=true,marketing_content_partnership
Dutchie,Alexander,Hails,"SVP, Head of Product and Design",https://www.linkedin.com/in/alexander-hails-a6a04a53/?skipRedirect=true,marketing_content_partnership
Dutchie,Jonathan,Eisner,"VP, Deputy General Counsel",https://www.linkedin.com/in/jaeisner/?skipRedirect=true,marketing_content_partnership
Springbig,Jaret,Christopher,CEO & President (joined May 2025),https://www.linkedin.com/in/jaretchristopher/?skipRedirect=true,marketing_content_partnership
Springbig,David,Schachter,VP of Business Development (joined May 2025),https://www.linkedin.com/in/davidaschachter/?skipRedirect=true,marketing_content_partnership
Springbig,James,Cabral,Chief Operating Officer,https://www.linkedin.com/in/jamescabral/?skipRedirect=true,marketing_content_partnership
Springbig,Jeff,Harris,Co-Founder,https://www.linkedin.com/in/jeffrey-harris-4416484/?skipRedirect=true,marketing_content_partnership
Dope CFO,Andrew,"Hunzicker,",Founder,https://www.linkedin.com/in/andrew-hunzicker-cpa-founder-of-dopecfo-ba896917/?skipRedirect=true,marketing_content_partnership
Dope CFO,Naomi,"Granger,",Co-Founder,https://www.linkedin.com/in/naomi-granger-87855816a/?skipRedirect=true,marketing_content_partnership
"CWCBExpo / CMB (New York, LA, Chicago)",Gretchen,Gailey,CWCBExpo Management,https://www.linkedin.com/in/gretchengailey/?skipRedirect=true,marketing_content_partnership
NECANN,John,Marshall,VP of Business Development,https://www.linkedin.com/in/jamarshall82/?skipRedirect=true,marketing_content_partnership
NECANN,Kris,Hultgren,Sales & Marketing (joined 2017),https://www.linkedin.com/in/kris-hultgren-b0a3a2171/?skipRedirect=true,marketing_content_partnership
NECANN,Angela,Florida,Sales & Marketing,https://www.linkedin.com/in/angela-florida-2a740a335/?skipRedirect=true,marketing_content_partnership
NECANN,Marc,Shepard,Founder / Leadership,https://www.linkedin.com/in/marcshepard/?skipRedirect=true,marketing_content_partnership
Cannabis Investors & Entrepreneurs,Alan,"Brochstein,","Group Administrator, Founder of New Cannabis Ventures & 420 Investor",https://www.linkedin.com/in/marcshepard/,marketing_content_partnership