Contact Id,Corporate Phone
Z8FXCMfr0GiUHfmazurK,+4561724837
mCcAB2cLaBbeiATWAj7e,+14013533232
500x3yISun1VRb1qBuAY,+33184237344
Eg9Aj6VwLBKcdMfzk4mq,+13077890255
hHOHVWzKeV5rhInpEpwJ,+48660106083
twzALpvqJlWyi7RJRfS7,+33970943659
SATLVtIcyTonCcYFT0fI,+18338228872
SQdBPnAe1ivoaAf8tO05,+17782770050
1PhsoYUYvawJebhAzZFn,+442079460018
3GmCuqX1vL0QVKgWrV3b,+448001613244
PBYiXfrcWnITi4N2EvSJ,+17148233750
uNcH3eI9QMtLef55O3OZ,+441254865915
rOdirKXiitormKm9XjNt,+16123511595
DfBQH5e7qUKL17c15REN,+442045388876
fIdN2REswLrp17aDBHsl,+441908229934
uivdeZbDtk3qTfyVMhgO,+79315214407
zvj0DRVYjGvTfi4ktE7o,+33637868460
2IVMapKFGDUblJb6vAFF,+13054447675
EXcXss7CgOYIC9I9fVVu,+302103005444
ZSVxSYLPvbmowp7Cs3pb,+16503009292
gvbzqbfONJscyAJRJlYz,+12486479999
sZ98zW2GrTGRBQll8CYs,+19209074380
5IqjJCaicw0nyw0MMx0w,+18176336300
7r4qAmg2Rw5XJHfspEga,+18449366667
gnjfWco3SvG7lMqAQN8A,+19127481861
zzKnQTvMsOHKNrrqRlV4,+33558758354
AIPGLc5G2nh0ScfOEknm,+994123103001
jpHksdyCQldfuWYiKrpS,+31850603428
dj4guCpW0A4liLESWXsj,+18056606821
bhksZUYO7ClKHU6lIETb,+33470080880
tnslnanFFxja4xC100u4,+17073883105
Pm3X1DJamIMzwC4uUzgj,+302104224520
3OwM8tfZW0lraTrkPjzJ,+33164805442
pa09fqFBhEptMyitdG2A,+420724892225
6nyigRtWDJ9jsnTs2h5v,+18502222048
4zAlPYUjRHUWTKs49IX9,+12176794315
w5PXENxW5R6vbmr7mPZD,+33972538927
Gv3YtkwSvSQSkJPUZtAE,+441212851033
OCW0fDch1Oef5rBda00p,+27114663823
wb3zJImTbnRHt1pgjmMv,+15196010222
SnDvWodpBnrhX6EvNHNb,+18669847673
sQvHqmKg9niY7EWrtXXg,+15042184400
wqbE4JyRdvTwUsxRvmmp,+353599722590
dJjkzpZ6c4If85ruvSVZ,+33183814070
yeqbzCpaidtElMK1llVe,+441162344820
DwYEE1bY5qst5KJkEkHq,+33556101616
H17xg3webqLvYV5qGfcX,+358207933014
h4OOFL7WESLnvVBQcvzz,+18479448200
y97UooB3S0v3R0ryBBvh,+18136060060
Y0LqkhSr3TnWVgusvlYg,+4570300340
ue3zJUINSUlvV2Nblt6e,+8675586702654
EoWlcEMH7Y5TS22qmqxO,+447715566995
fEhpCyDdd5kMLJTkUp5l,+34657601814
89Y3zl6ZTONgl3fpzhls,+49308866360
GTd8VcjS4q3apJzRuOa1,+34947022231
uWqDW1HqJqhwpOCCx5he,+15092168337
b78PN0NQM1CvKVVWFthp,+41774883792
foPoUlYnGTRCWM8wlD5W,+420377433166
P2tlMSrfYMrS8fmE48Kq,+33458100331
YVA1zvxZbjDVhgPYGkj7,+35314418469
JcL8oEOlOqBPTPj3Zx2X,+447340676909
0KxZYrPEwBiujT8iPorG,+18055318888
JU6Mbp7ax3v26t9giCAJ,+13109994756
KQ1TGLBdtotf7MCmylHc,+40371231994
VcFge02fnRLBnRc3qyAK,+3904321705800
QgxB5SyM47pD2ZKQI2Sl,+33148150145
gbmI1q3G1ZH7h7OPHvJX,+40723339667
5er96GeMrAkCWMqbwvQD,+17162536442
dbURgSHywTeqD1MDYunJ,+393921221228
tZvHqZXj562mellVivcA,+302721069213
VWCoiKTkUYa36VmTpDX0,+18885580891
b6xSI3ESWSpMz3tWwwVa,+17347078340
gsvDqVXOhSNVAeserZ4Q,+212708151191
IEXCztZEys0TOoeg5YTu,+18882291836
k28rG0a1LHaqrDMkEw2H,+18007043660
neezUfqv2DVuw5qQIdFj,+16044234220
GW8iawOw632cigtnt8HV,+18478311454
urVLMqwRN0mU9G2OBPRD,+14153773866
2NsJbL9ezKBzxgoeHZAo,+33442293665
vp1cKSm3AMXLwnIvRC0q,+18332756569
2YbbCDk5tDKuzNIJdQfo,+18333569253
M0ZqBfRXi4JVv2o4y6Pa,+15034077404
vLcGsaarqenVVfm8mGts,+441924525150
sHyrveuLFdsDJw9PeAzX,+13102799042
5R32Gl3kiWJ1GJWjyAgy,+18667833227
nQiQpPfCvNjiZgHm10Nl,+18887323588
n3sLR9MNad5tfmfEmp9i,+3902780231
WMhsqxevqAMkXonr9OPx,+441273681138
wMpFPEVKsELMxclRYRtJ,+18004912447
xWtgelChvIICTLW3BRp6,+441772217000
ab5MhlWuSHtE60cnTJnC,+33470565768
t4MEnnWJszcYeq84GoDt,+19054708273
WMVHrYowrciWPf8zwS3V,+441615374600
27yatA7Oyhl1XEpUV8Fy,+14109600574
2J4NdQessQdY2DUsMAkj,+33185097436
ZKd6d3fQUrTipBAuqruI,+15098749935
3YS717Lavz5BeUJg8Btz,+13105106232
cPD5WcmzdpP5ugTdTEOQ,+448007720234
LFdpxYyWrEuIdoxfKNBU,+18882220673
MARwKYTJJOevrCBf0VGy,+34937822242
b6ECujxUVnPGfcLGw03w,+441772305000
N36jMss2syk4hsLqe9lb,+33557889590
EYCjNb3wNhFZB0zoUYxn,+442046100803
rE4HRvbaT586nEWAZhol,+41566310370
dCGeBKr7FGweM9J2FA4f,+48573811979
nip4YWCqeJecilMBmdfO,+18017479734
kzJPWE6TPOYgpUoOopLN,+441744454940
XbCzBZKnkNdI0qyOCPRn,+19186211003
C11AwFXeiVl9p6LQNEka,+17076932222
60lBCGotIHnmtJapjP71,+19095292273
wTgh7dQicjKcJEOHg3Xe,+15105026967
goq4kIHMUYuWKQcjyNw9,+15032964906
i9v3eFsWrnlURvq4zEBy,+13034404324
l71uqH19PeJaVuj6bTnK,+14135232367
ClaBlnlgfygz49IcnqYE,+17184867422
oHw4pqobNoOcuCvohQBK,+16167762182
UwtSYCbFF1WObVyIpKkP,+442037408479
6FZK8lmWrRuckf0Xq4Dv,+17732272739
RzFNrsUZ8wCe5lH4rP8I,+17602947899
VkXvT7BnGxhDWd45Wasb,+19704989070
pLuttpB1xsGSGV04AI2w,+13142412337
NAoNTHp2lEjKALq8LGji,+13129150071
jtEXeybuuJBxVxhOTZ0F,+13146326882
DEjbui3QOFTO7bP0uptr,+19252148743
ryuw8ioL34Y27ZcUH51T,+15617679152
apu7wNHwqk9C2J9GwP2f,+15306058966
EnelZ9cxdTKrc4BS7D2S,+19855142128
a3ldvNRxc5BA7HnU286o,+13154479288
s5RL70RRNsw0AOfiiub0,+19197536859
KaClt6z8OsYHCQCYJ2Dj,+17024978540
9DH1yEJDRxoLlN3lZMaj,+17206896948
AC4gmoqrY029z3iuW1ih,+19162090038
bKNa5CWwX52DrCcCJZQZ,+15035458739
c5EqrJl0nQg3KAFF42Fi,+17325400308
