Contact Id,Email,HasMushSender,MushSenderValue,Tags
KLGyHJ6j7KtNwBzBY0sq,sarah@grassandco.com,YES,cameron@livetransparent.com,
aZYJzw7fY9p5MmM8VEPA,aubrey@plantpeople.co,YES,cameron@livetransparent.org,
jS7hWjOa18U3i52AYDKf,michael@nootropicsdepot.com,YES,cameron@livetransparent.com,
GI95P6jZP9y6qhpJ6AVb,heather.emge@compasspathways.com,YES,cameron@livetransparent.co,
f13Lx0KkFh3ggwKATEDo,zain@londonnootropics.com,YES,cameron@livetransparent.com,
MGrZ6ERAWwUzbhzC9MOH,daniella@everydaydose.com,YES,cameron@livetransparent.co,
DR7jlvVXsFChCRQI7pzF,malinda@koicbd.com,YES,cameron@livetransparent.agency,
Rp4XSwBVxfCMYfBDvOSy,roger@clevrblends.com,YES,cameron@livetransparent.org,
LOvuvppTlMYbTyGW0WRJ,alli@supermush.com,YES,cameron@livetransparent.org,
dNPn183JA3KlH4hX7hQc,shez@londonnootropics.com,YES,cameron@livetransparent.org,
c1sERYhRdhW4w4lmGN7t,scott.frohman@odysseyelixir.com,YES,cameron@livetransparent.co,
pWc3GWc39QD6atUoTLzd,william@magicmind.com,YES,cameron@livetransparent.org,
JGhIVlFhDFf8fGNhV77q,audrey@frenchmush.com,YES,cameron@livetransparent.com,
OiAqR2IC4eVYjn918Pmj,colin@aloha.com,YES,cameron@livetransparent.org,
ZBzqPM75tzzznVsCXdUe,alexdorr@mushroomrevival.com,YES,cameron@livetransparent.agency,
AArN9vQEFQ0rlKjTvIwU,jkeyes@lairdsuperfood.com,YES,cameron@livetransparent.co,
1MAMsrKKNFBsbeYjeQee,michelle.lin@moonjuice.com,YES,cameron@livetransparent.co,
hFprHMuGGfpmJ1aT3iyJ,drdulake@ferapets.com,YES,cameron@livetransparent.com,
f9eOPtjfIFQUbnx1BevT,brenda@koicbd.com,YES,cameron@livetransparent.org,
a0gh99WRXIAixijXd3Yj,david@spacegoods.com,YES,cameron@livetransparent.agency,
JUAiUqIsP6xb3loS3Xff,will@mycosymbiotics.com,YES,cameron@livetransparent.agency,
79Vs9pLgyh7uQUlN70U1,sarah@alicemushrooms.com,YES,cameron@livetransparent.agency,
V8E0U5dLtw3ewNeiUP2c,colette.asmussen@compasspathways.com,YES,cameron@livetransparent.agency,
3EIHxLwjI1bJuwAcEOre,caitie@cymbiotika.com,YES,cameron@livetransparent.agency,
BEIb9G152HzJ6Et4hzrx,lindsay@alicemushrooms.com,YES,cameron@livetransparent.org,
Wa87iST2H9wO8JKaShar,brian@supermush.com,YES,cameron@livetransparent.com,
4ohHI9Ez6RYByQ3YAkbd,rachael.coan@organixx.com,YES,cameron@livetransparent.com,
zlSusmoO5GpAq8LfeO0G,tori.wixson@organixx.com,YES,cameron@livetransparent.org,
1P1C9CAhimDVfq8BpP4S,drew.neillie@onnit.com,YES,cameron@livetransparent.co,
JjG4YKGCnVKHoq9WyGke,nick@knownaturals.com,YES,cameron@livetransparent.com,
32fBJYvTgbtc7QCAqHMs,vicky@cymbiotika.com,YES,cameron@livetransparent.com,
Z5MlZ3hvQHVwmwjU9ZAd,federico.troiani@moonjuice.com,YES,cameron@livetransparent.org,
Fcc2JGdW1pQYgr4RHywM,antonia@mothermade.co.nz,YES,cameron@livetransparent.com,
Hd0Dp1iThkebcQXQ9nV4,zmcadam@lairdsuperfood.com,YES,cameron@livetransparent.co,
qYzh2fmSSRuA0C0U4Ipl,kristine@cymbiotika.com,YES,cameron@livetransparent.agency,
ujesoo53FTtODTmOxNLq,andrew.tseng@grapeking.com.tw,YES,cameron@livetransparent.co,
3S54KbqUQmjG8D6pvu3W,jov@gaiaherbs.com,YES,cameron@livetransparent.agency,
UjLB1wNFSESYXiYkJZOQ,egan.pratt@compasspathways.com,YES,cameron@livetransparent.agency,
EgUfRABMV9allQ9VS223,javier@cymbiotika.com,YES,cameron@livetransparent.co,
GsEQIu59ytK8fe4nK2PP,malia@ommushrooms.com,YES,cameron@livetransparent.co,
M66yUB2lIXFUKn00m0Of,keith.knapp@onnit.com,YES,cameron@livetransparent.agency,
A5OSkUxaH2T71kbeZAJI,shawn@theshroomworks.com,YES,cameron@livetransparent.co,
KufXhbgqAd0lTObqtHXt,nirmal.nair@semperaorganics.com,YES,cameron@livetransparent.agency,
HyZ7rSgCmidRG0MUAZia,erin@exhalewell.com,YES,cameron@livetransparent.agency,
oSrdbSynTH8Y7hYLFmwg,andrew@dirteaworld.com,YES,cameron@livetransparent.agency,
jeyghdvdkg8p00pmr81g,amanda@moonjuice.com,YES,cameron@livetransparent.agency,
8KxYyKn704NdTm3TRufX,hsantos@doublewoodsupplements.com,YES,cameron@livetransparent.agency,
cLSpA5iNvb4bzFRzDvSU,ghost@everydaydose.com,YES,cameron@livetransparent.agency,
L45NBbbpqlP1DcsLIyQC,eric.puro@kaapabiotech.com,YES,cameron@livetransparent.com,
poHNvQ21F3GdY4gFkyxh,francesca@cymbiotika.com,YES,cameron@livetransparent.com,
YdoYZiMADmFrfd7UlFSx,shermanjill@yahoo.com,YES,cameron@livetransparent.agency,
XbgwBeP59voEtveHxd1V,chervin@cymbiotika.com,YES,cameron@livetransparent.co,
lCTqjqk7Rs4C0egSzNwP,aymane@frenchmush.com,YES,cameron@livetransparent.co,
INFhfYwdmdnQyYOFRmDa,simon@dirteaworld.com,YES,cameron@livetransparent.com,
rdoK1RWDtkbkSyb12083,jessica@dirteaworld.com,YES,cameron@livetransparent.agency,
24AgD3lPdNfbX0D4WsGh,ben.chesler@northspore.com,YES,cameron@livetransparent.agency,
G20oNv50qGfwzvXpfKU9,sarah@foursigmatic.com,YES,cameron@livetransparent.org,
UPjnnI4LssQsbxQoMz6z,jeff@knownaturals.com,YES,cameron@livetransparent.agency,
u3UWbXddR71dd7I4FYgT,skye@nammex.com,YES,cameron@livetransparent.co,
xvpfs9kxQuoIuFkNKSOa,mervi@kaapabiotech.com,YES,cameron@livetransparent.org,
rgi6UWL4WFS5yVrIdLT0,sandra@ommushrooms.com,YES,cameron@livetransparent.co,
zMwrHkHZYAgPUYNI639a,neil@beckleyretreats.com,YES,cameron@livetransparent.org,
JfMrBnjExzpubJxJvxRw,jessica.justh@gmail.com,YES,cameron@livetransparent.com,
i2BCqqxYP5jMswhTjpEv,jack@everydaydose.com,YES,cameron@livetransparent.org,
XfPLonYpsIJYPcYLQJc1,jon@northspore.com,YES,cameron@livetransparent.com,
SoRIbI42eb88w2BvsIes,douglas@naturalmystic.life,YES,cameron@livetransparent.org,
Duw6ubx8bIdGMNqG7I4F,alexandre@mushngo.com,YES,cameron@livetransparent.co,
5yJ5JrWU0O9uo8bcaRLV,sammy@everydaydose.com,YES,cameron@livetransparent.com,
1x2BEcwTKTq8tjrs2p2i,hannah@clevrblends.com,YES,cameron@livetransparent.com,
fqxq01KzmjlZT5yZF4HB,charlotte@alicemushrooms.com,YES,cameron@livetransparent.com,
QMNLvK2Csku9BWMsQWcy,seppo.riikonen@kaapabiotech.com,YES,cameron@livetransparent.agency,
Sxd6byMUliwQJjDsfmPn,markus@foursigmatic.com,YES,cameron@livetransparent.org,
Bs6XAyYgV177HHLecber,paola@frenchmush.com,YES,cameron@livetransparent.org,
sMD9os9kQJ0lvzZ50SzN,gabe@plantpeople.co,YES,cameron@livetransparent.co,
T6ECx8Pi8xlqaTTIFmBa,ajudd@lairdsuperfood.com,YES,cameron@livetransparent.com,
lbHpMIcyVyqalv6dFk6H,erika@koicbd.com,YES,cameron@livetransparent.co,
2acJMxc5ILGPfUzlAy71,amanda.banhara@kaapabiotech.com,YES,cameron@livetransparent.co,
zmFnKKJ0Td0wcRST7Rit,elise@whennaturecalls.nl,YES,cameron@livetransparent.org,
3gURwYmFt0dc6pCRZkVm,judy.h@fungi.com,YES,cameron@livetransparent.org,
7Kv5q309kK1YcZYvVTJJ,antoine@frenchmush.com,YES,cameron@livetransparent.org,
2JiKGWQ7Cfw479iSv7Br,kbliffert@gaiaherbs.com,YES,cameron@livetransparent.co,
SQ4eduq7taxedltKy61L,alyssa@wundergroundcoffee.com,YES,cameron@livetransparent.com,
nr5mrv5EXTNyByYhUle1,virginia@meltingforest.com,YES,cameron@livetransparent.co,
vFfBS56tAr4YKQQTJZK2,kelsey@ommushrooms.com,YES,cameron@livetransparent.org,
P6wvtYH1MD5JB6mTG8E3,james@magicmind.co,YES,cameron@livetransparent.com,
HAqoJAskr7HHllWZxbAI,jeremy@cymbiotika.com,YES,cameron@livetransparent.org,
z53Mb7piYHLoOGz5Dtpt,amy@clevrblends.com,YES,cameron@livetransparent.com,
5zyyboYTYHMe5oArscyB,aschain@nootropicsdepot.com,YES,cameron@livetransparent.agency,
bwWee7ZfLvIND2Mz0Qra,kevin.pierce@mudwtr.com,YES,cameron@livetransparent.co,
vkl8y66wcHZBm5zM94Zb,mart@foodsporen.com,YES,cameron@livetransparent.com,
Nc4VA99V3wpisBQOUypB,miranda.h@fungi.com,YES,cameron@livetransparent.agency,
pnmopFnfyS9XiVbLQOXi,jessica@bulkwholesalemushrooms.com,YES,cameron@livetransparent.co,
4weUOPtDyf2byh4zDbQC,arianna@frenchmush.com,YES,cameron@livetransparent.co,
wodwqY3Btroq6LQgNDVj,shahab@cymbiotika.com,YES,cameron@livetransparent.org,
53KGIm2sls5lxmM0Vnny,jordanl@everydaydose.com,YES,cameron@livetransparent.co,
aO8Gis8i9uYM3XQqWmCw,shane@mudwtr.com,YES,cameron@livetransparent.com,
7NRCNHg1IEBiA0Odl94Z,carolyn.graves@gaiaherbs.com,YES,cameron@livetransparent.org,
Lt8zqzrIToK26SdeTU0K,kevin.k@fungi.com,YES,cameron@livetransparent.com,
fu18lNsyqmTdCvGv0UZq,amrata@cymbiotika.com,YES,cameron@livetransparent.org,
WZVVnE1FUqnOo1g708Rs,nicole.carfagnini@compasspathways.com,YES,cameron@livetransparent.co,
jrqyZH3ytsoSqxGZbhbn,jody@wground.co,YES,cameron@livetransparent.agency,
b7Hz8XeXaQkrlI2fwLvx,raphaelle@frenchmush.com,YES,cameron@livetransparent.co,
EUrxvf3bdSOFioMRXNhs,matt@northspore.com,YES,cameron@livetransparent.agency,
zGBhv1Fogbzh7dBHxZOI,katherine.egan@compasspathways.com,YES,cameron@livetransparent.com,
3icjqcTafwKFGRxWgr4h,joe@magicmind.com,YES,cameron@livetransparent.org,
16qYPaS9eT54VuNtXmyC,gianna@everydaydose.com,YES,cameron@livetransparent.org,
MuMDkDpO1d8h7w1KMsgF,jessica@mothermade.co.nz,YES,cameron@livetransparent.org,
oF6NbkU1OZ2Hh6qCtNEQ,taylor@alohamedicinals.com,YES,cameron@livetransparent.agency,
kyE0vrst6D3Aj9wWiVV2,rob@magicmind.com,YES,cameron@livetransparent.agency,
FpU2Fgng26d8zDuKJcLV,brianna.sheck@organixx.com,YES,cameron@livetransparent.co,
yCZSVldehjWCYtO57Vht,cshields11@gmail.com,YES,cameron@livetransparent.com,apollo_csuite_and_marketing_sep2026|linkedin_state_queued|powerdialer_salesoutreach_new_done|powerdialer_salesoutreach_qualified
rk6jqv9xpKLZSmOYG3Xc,jill@foursigmatic.com,YES,cameron@livetransparent.com,apollo_csuite_and_marketing_sep2026|linkedin_state_queued|powerdialer_salesoutreach_new_done
qE3Xx8kZIdOLrLcioOwz,aaron@drinkbrez.com,NO,,emerald|cannabis-retail-sso-executive-1|seq enrolled - emerald|seq emerald - executives sso|seq emerald - intro backfill pending|sso_executive
4nosJTSPqasgf8hWTXTR,kylee@ommushrooms.com,NO,,10-100m|cold-outreach|seq enrolled - cannabis ads|seq variant a
UqcKoEkyKsDbGQb7q1HO,cnadeau@koicbd.com,NO,,10-100m|cold-outreach|seq enrolled - cannabis ads|seq variant a
s0K1jYuXlL2R8IBoBbkw,matt@grassandco.com,YES,cameron@livetransparent.co,apollo_email_opened
gDEeKCPhfaMXcNQDrUOv,madison@foursigmatic.com,YES,cameron@livetransparent.com,apollo_email_opened
