First Name,Last Name,Title,Email,Corporate Phone,LinkedIn URL,Business Name,State,Country,Website,Vertical,Source,Company Linkedin Url,Facebook Url,Twitter Url
Marianne,Brennan,Co-Founder,marianne@ayrloom.com,+1 800-222-1222,http://www.linkedin.com/in/marianne-brennan-1505325,ayrloom,New York,United States,https://ayrloom.com,Cannabis,Apollo,http://www.linkedin.com/company/ayrloom,https://www.facebook.com/ayrloom,
Ryan,Clark,Founder / CEO,rclark@boskygenetics.com,+1 559-827-3106,http://www.linkedin.com/in/ryan-clark-152680143,Bosky Genetics,California,United States,https://boskygenetics.com,Cannabis,Apollo,http://www.linkedin.com/company/bosky-genetics-llc,,
Francis,Bustamante,Marketing Director,francis@cultivatelv.com,+1 702-778-1173,http://www.linkedin.com/in/francis-bustamante-a37297224,Cultivate Las Vegas,Nevada,United States,https://cultivatelv.com,Cannabis,Apollo,http://www.linkedin.com/company/cultivate-lv,https://www.facebook.com/cultivatelv,
Jason,Andrews,Co-Founder & Cannabis Evangelist,jason@dadirriextracts.com,,http://www.linkedin.com/in/jason-andrews-56252275,Dadirri,Colorado,United States,https://dadirriextracts.com,Cannabis,Apollo,http://www.linkedin.com/company/dadirri-extracts,https://www.facebook.com/dadirriextracts/,
Brandi,Kiel,Marketing Manager,que.kiel@butterworld.com,+1 616-557-6699,http://www.linkedin.com/in/brandi-kiel-1a009552,butter cannabis co.,Michigan,United States,https://butterworld.com,Cannabis,Apollo,http://www.linkedin.com/company/butterworld,,
Ashley,Schriener,Co-Founder/ Chief Executive Officer,ashley@dadirriextracts.com,,http://www.linkedin.com/in/ashley-schriener-731a3534,Dadirri,Colorado,United States,https://dadirriextracts.com,Cannabis,Apollo,http://www.linkedin.com/company/dadirri-extracts,https://www.facebook.com/dadirriextracts/,
Kay,Driscoll,Chief Marketing Officer,kdriscoll@ayrloom.com,+1 800-222-1222,http://www.linkedin.com/in/kaylyndriscoll,ayrloom,New York,United States,https://ayrloom.com,Cannabis,Apollo,http://www.linkedin.com/company/ayrloom,https://www.facebook.com/ayrloom,
Gabriela,Prahl,Marketing Associate,wc.gprahl@eaze.com,+1 714-612-6535,http://www.linkedin.com/in/gabriela-prahl-8b237027b,Eaze,Guatemala Department,Guatemala,https://eaze.com,Cannabis,Apollo,http://www.linkedin.com/company/eaze-up,https://www.facebook.com/eazeteam,http://twitter.com/eaze
Viktoriya,Kondratyuk,Marketing Team,viktoriya@thebloombrand.com,+1 800-952-5210,http://www.linkedin.com/in/viktoriya-kondratyuk-b8902472,BLOOM,,United States,https://thebloombrands.com,Cannabis,Apollo,http://www.linkedin.com/company/bloombrand,https://facebook.com/thebloombrand1/,https://twitter.com/thebloombrands
Jonathan,Kolodinski,Chief Executive Officer,jon@cremedecanna.com,,http://www.linkedin.com/in/jkolodinski,Creme De Canna Collective,California,United States,https://cremedecanna.com,Cannabis,Apollo,http://www.linkedin.com/company/creme-de-canna-collective,,
Bilal,Suleiman,Marketing Manager,bsuleiman@ember-valley.com,+1 530-691-4141,http://www.linkedin.com/in/bilal-suleiman,Ember Valley,California,United States,https://ember-valley.com,Cannabis,Apollo,http://www.linkedin.com/company/ember-valley,,
Zach,Spohler,Co-Founder,zach@artet.com,+1 646-637-8209,http://www.linkedin.com/in/zachspohler,Artet,California,United States,https://artet.com,Cannabis,Apollo,http://www.linkedin.com/company/drinkartet,,
Ori,Bytton,Founder & CEO,ori@natura.io,+1 916-209-0038,http://www.linkedin.com/in/oribytton,Natura (Natura Life Science),California,United States,https://natura.io,Cannabis,Apollo,http://www.linkedin.com/company/natura-lifescience,,
Vitaly,Mekk,Founder | Co-CEO,vitaly@thebloombrands.com,+1 800-952-5210,http://www.linkedin.com/in/vitalymekk,BLOOM,California,United States,https://thebloombrands.com,Cannabis,Apollo,http://www.linkedin.com/company/bloombrand,https://facebook.com/thebloombrand1/,https://twitter.com/thebloombrands
Xander,Shepherd,Co-Founder,xander214@gmail.com,+1 646-637-8209,http://www.linkedin.com/in/xandershepherd,Artet,New York,United States,https://artet.com,Cannabis,Apollo,http://www.linkedin.com/company/drinkartet,,
Stuart,Wilson,Chief Executive Officer,stuart@dropscandies.com,,http://www.linkedin.com/in/stuart-wilson-a923602a3,Drops Candies,Oregon,United States,https://dropscandies.com,Cannabis,Apollo,http://www.linkedin.com/company/drops-candies,,
Johnathan,Martishius,CBO & Co-Founder,johnny@strong.ag,+1 510-502-6967,http://www.linkedin.com/in/johnathan-martishius-606638230,Coastal Sun Farm,California,United States,https://coastalsunfarm.com,Cannabis,Apollo,http://www.linkedin.com/company/coastal-sun-farm,,
Emma,Arnold,Marketing Channel Manager,emma@natura.io,+1 916-209-0038,http://www.linkedin.com/in/emma-arnold071300,Natura (Natura Life Science),California,United States,https://natura.io,Cannabis,Apollo,http://www.linkedin.com/company/natura-lifescience,,
Govind,Rao,CEO,fisunil@gmail.com,+1 714-612-6535,http://www.linkedin.com/in/govind-rao-98a97512,Eaze,Karnataka,India,https://eaze.com,Cannabis,Apollo,http://www.linkedin.com/company/eaze-up,https://www.facebook.com/eazeteam,http://twitter.com/eaze
Bolaji,Sonusi,Digital Marketing COO,bos12ng@yahoo.com,+1 800-952-5210,http://www.linkedin.com/in/bolaji-sonusi-7b488315,BLOOM,,Nigeria,https://thebloombrands.com,Cannabis,Apollo,http://www.linkedin.com/company/bloombrand,https://facebook.com/thebloombrand1/,https://twitter.com/thebloombrands
Adam,Stephens,Vice President of Marketing,asteph427@gmail.com,+1 916-209-0038,http://www.linkedin.com/in/adamjamesstephens,Natura (Natura Life Science),California,United States,https://natura.io,Cannabis,Apollo,http://www.linkedin.com/company/natura-lifescience,,
Kally,Compton,Digital Marketing Manager,kally@heyflamer.com,,http://www.linkedin.com/in/kallycompton,FLAMER,New York,United States,https://heyflamer.com,Cannabis,Apollo,http://www.linkedin.com/company/hey-flamer,,
Paras,Chhabra,CEO,paras@thebodegaboyz.com,,http://www.linkedin.com/in/paraschhabra00,Bodega Boyz,Oklahoma,United States,https://thebodegaboyz.com,Cannabis,Apollo,http://www.linkedin.com/company/bodega-boyz,https://www.facebook.com/bodegaboyzok/,
Vinayak,Shastry,Co-Founder,vinnie@ember-valley.com,+1 530-691-4141,http://www.linkedin.com/in/vinayak-shastry-00aa314a,Ember Valley,California,United States,https://ember-valley.com,Cannabis,Apollo,http://www.linkedin.com/company/ember-valley,,
Allison,Pankow,CMO,allison@thebloombrand.com,+1 800-952-5210,http://www.linkedin.com/in/allisonpankow,BLOOM,California,United States,https://thebloombrands.com,Cannabis,Apollo,http://www.linkedin.com/company/bloombrand,https://facebook.com/thebloombrand1/,https://twitter.com/thebloombrands
Maxwell,Spohler,Co-Founder,maxwell@artet.com,+1 646-637-8209,http://www.linkedin.com/in/maxspohler,Artet,California,United States,https://artet.com,Cannabis,Apollo,http://www.linkedin.com/company/drinkartet,,
Michael,M,Marketing Director,michaelm@buddiesbrand.com,,http://www.linkedin.com/in/michaeljonaxl,Buddies Brand,Nevada,United States,https://buddiesbrand.com,Cannabis,Apollo,http://www.linkedin.com/company/buddiesbrand,https://www.facebook.com/BuddiesBrand,https://twitter.com/buddiesbrand
Dylan,Hunt,Marketing and Data Manager,dylan.h@culturecannabisclub.com,+1 909-529-2273,http://www.linkedin.com/in/dylan-hunt-836a09183,Culture Cannabis Club,Colorado,United States,https://culturecannabisclub.com,Cannabis,Apollo,http://www.linkedin.com/company/culture-cannabis-club,,https://twitter.com/culturecannaclb
Ryan,Muse,Chief Executive Officer,ryan@ember-valley.com,+1 530-691-4141,http://www.linkedin.com/in/ryan-muse-15034b15a,Ember Valley,California,United States,https://ember-valley.com,Cannabis,Apollo,http://www.linkedin.com/company/ember-valley,,
Tyler,Smith,Co-Founder / CEbrO,tyler@3brosgrow.com,+1 925-214-8743,http://www.linkedin.com/in/tyler-smith-26834915a,3 Bros Grow,California,United States,https://3brosgrow.com,Cannabis,Apollo,http://www.linkedin.com/company/3-bros-grow,,
Eddie,Brennan,President & CEO,eddie@ayrloom.com,+1 800-222-1222,http://www.linkedin.com/in/eddie-brennan-a4853115,ayrloom,New York,United States,https://ayrloom.com,Cannabis,Apollo,http://www.linkedin.com/company/ayrloom,https://www.facebook.com/ayrloom,
Liz,Balduzzi,Marketing and Digital Content Manager,lbalduzzi@ayrloom.com,+1 800-222-1222,http://www.linkedin.com/in/lizbalduzzi,ayrloom,New York,United States,https://ayrloom.com,Cannabis,Apollo,http://www.linkedin.com/company/ayrloom,https://www.facebook.com/ayrloom,
David,Pyle,Senior Director of Marketing,david.pyle@eaze.com,+1 714-612-6535,http://www.linkedin.com/in/david-m-pyle,Eaze,Oregon,United States,https://eaze.com,Cannabis,Apollo,http://www.linkedin.com/company/eaze-up,https://www.facebook.com/eazeteam,http://twitter.com/eaze
Ching,Ho,CEO,ching@dragonflymichigan.com,,http://www.linkedin.com/in/hungchingho,Dragonfly Brands,Michigan,United States,https://dragonflymichigan.com,Cannabis,Apollo,http://www.linkedin.com/company/dragonflycannabis,,
Luis,Delgado,Founder & CEO,luis@casaverdefarms.com,,http://www.linkedin.com/in/luis-delgado-9a53a057,Casa Verde Farms,Florida,United States,https://casaverdefarms.com,Cannabis,Apollo,http://www.linkedin.com/company/casa-verde-farms,,
Amanda,Jacobs,Director of ECommerce and Lifecycle Marketing,amanda.jacobs@eaze.com,+1 714-612-6535,http://www.linkedin.com/in/amanda-jacobs-276a4613,Eaze,Colorado,United States,https://eaze.com,Cannabis,Apollo,http://www.linkedin.com/company/eaze-up,https://www.facebook.com/eazeteam,http://twitter.com/eaze
Cari,Carmona,VP of Marketing,cari@thebodegaboyz.com,,http://www.linkedin.com/in/cari-carmona-ab75a648,Bodega Boyz,Oklahoma,United States,https://thebodegaboyz.com,Cannabis,Apollo,http://www.linkedin.com/company/bodega-boyz,https://www.facebook.com/bodegaboyzok/,
Alexandra,Solano,VP of Marketing,alexandra@truehumboldt.com,+1 707-693-2222,http://www.linkedin.com/in/alexandra-solano-8140608a,Bear Humboldt,California,United States,https://bearhumboldt.com,Cannabis,Apollo,http://www.linkedin.com/company/bear-humboldt,,
Wyatt,Harms,CEO,wyatt@heyflamer.com,,http://www.linkedin.com/in/wyattharms,FLAMER,New York,United States,https://heyflamer.com,Cannabis,Apollo,http://www.linkedin.com/company/hey-flamer,,
Alex,Gonzales,Content Marketing & Operations Lead,alex.gonzales@eaze.com,+1 714-612-6535,http://www.linkedin.com/in/alexisgonzales,Eaze,California,United States,https://eaze.com,Cannabis,Apollo,http://www.linkedin.com/company/eaze-up,https://www.facebook.com/eazeteam,http://twitter.com/eaze
Blake,Matthews,Managing Partner and Co-Founder,southpawfx@gmail.com,+1 323-265-7060,http://www.linkedin.com/in/blake-matthews-a6380a30,The Cure Company,Florida,United States,https://thecurecompany.com,Cannabis,Apollo,http://www.linkedin.com/company/thecurecompany,https://www.facebook.com/thecurecompany,https://twitter.com/thecurecompany?lang=en
Brett,Schlesinger,Founder/CEO,brett@emeraldsun.com,,http://www.linkedin.com/in/brett-schlesinger-61451854,Emerald Sun,California,United States,https://emeraldsun.com,Cannabis,Apollo,http://www.linkedin.com/company/emeraldsun,,
Devin,Schriener,Co-Founder / COO,devin@dadirriextracts.com,,http://www.linkedin.com/in/devin-schriener-90682110b,Dadirri,Colorado,United States,https://dadirriextracts.com,Cannabis,Apollo,http://www.linkedin.com/company/dadirri-extracts,https://www.facebook.com/dadirriextracts/,
Denny,Garcia,Marketing Manager,denny.g@natura.io,+1 916-209-0038,http://www.linkedin.com/in/denny-garcia-a2b975190,Natura (Natura Life Science),California,United States,https://natura.io,Cannabis,Apollo,http://www.linkedin.com/company/natura-lifescience,,
