Email,LT Campaign Crypto Brands Oct 2026 Sender Email
yohannie.linggasari@bybit.com,cameron@livetransparent.com
renan.manzelli@bitget.com,cameron@livetransparent.co
michel@bitrefill.com,cameron@livetransparent.agency
markus.hofmeister@okx.com,cameron@livetransparent.org
vip.sasidharan@bingx.com,cameron@livetransparent.com
lina.wang@okg.com,cameron@livetransparent.co
dariusz@cointracking.info,cameron@livetransparent.agency
pilar.zhouchen@bybit.com,cameron@livetransparent.org
vcross@moonpay.com,cameron@livetransparent.com
saffi.l@bingx.com,cameron@livetransparent.co
daniel.kan@okx.com,cameron@livetransparent.agency
vanida.englerdchaphat@okx.com,cameron@livetransparent.org
stephen@bitpay.com,cameron@livetransparent.com
rebecca.siow@bitget.com,cameron@livetransparent.co
irmantas@coingate.com,cameron@livetransparent.agency
mubashir.talha@okx.com,cameron@livetransparent.org
victoria.furtuna@bitpanda.com,cameron@livetransparent.com
muskan.bhandari@transak.com,cameron@livetransparent.co
matej.zak@satoshilabs.com,cameron@livetransparent.agency
kirill.stepanenko@mexc.com,cameron@livetransparent.org
lara@rarible.com,cameron@livetransparent.com
maggietan@mexc.com,cameron@livetransparent.co
mael.gaillard@ledger.fr,cameron@livetransparent.agency
antoni@nexo.com,cameron@livetransparent.org
charline.mura@bybit.com,cameron@livetransparent.com
rachel.austin@bitget.com,cameron@livetransparent.co
susandra.soumetho@okx.com,cameron@livetransparent.agency
krobertson@bitpay.com,cameron@livetransparent.org
eduard@bitget.com,cameron@livetransparent.com
eugenia.salvioli@bitpanda.com,cameron@livetransparent.co
alexandra@cointracker.com,cameron@livetransparent.agency
jean.mennesson@ledger.fr,cameron@livetransparent.org
ariel.wengroff@ledger.fr,cameron@livetransparent.com
faisal.rizky@bybit.com,cameron@livetransparent.co
emmanuel.asamoah@bybit.com,cameron@livetransparent.agency
mtombler@bitpay.com,cameron@livetransparent.org
cony.jin@okx.com,cameron@livetransparent.com
khushi.chaudhary@bitget.com,cameron@livetransparent.co
rifad.mahasneh@okx.com,cameron@livetransparent.agency
cindy1.chen@bybit.com,cameron@livetransparent.org
carolyn.vivianty@okx.com,cameron@livetransparent.com
sofi.grigoryan@coinstats.app,cameron@livetransparent.co
varunjose@rideriver.com,cameron@livetransparent.agency
kimberly.jin@bitget.com,cameron@livetransparent.org
vmolina@moonpay.com,cameron@livetransparent.com
santiago.bullrich@nexo.com,cameron@livetransparent.co
ludovica.notari@bitpanda.com,cameron@livetransparent.agency
lilia.m@bitget.com,cameron@livetransparent.org
zac@tokentax.co,cameron@livetransparent.com
abel.bassey@bybit.com,cameron@livetransparent.co
bijal@rideriver.com,cameron@livetransparent.agency
sarah.traxler@bitpanda.com,cameron@livetransparent.org
fabian.steger@bitpanda.com,cameron@livetransparent.com
eva.khoroshina@bybit.com,cameron@livetransparent.co
derek.dai@bybit.com,cameron@livetransparent.agency
matteo.mariat@ledger.fr,cameron@livetransparent.org
jonas@coingate.com,cameron@livetransparent.com
a@rarible.com,cameron@livetransparent.co
sami@transak.com,cameron@livetransparent.agency
j@zora.co,cameron@livetransparent.org
gracy.chen@bitget.com,cameron@livetransparent.com
brian.lancey@okx.com,cameron@livetransparent.co
annalena.zwertvaegher@ledger.fr,cameron@livetransparent.agency
vipin@rideriver.com,cameron@livetransparent.org
harshit.gangwar@transak.com,cameron@livetransparent.com
georg.harer@bybit.com,cameron@livetransparent.co
daniel.i@bitget.com,cameron@livetransparent.agency
felix.fan@trustwallet.com,cameron@livetransparent.org
y.zhou@bybit.com,cameron@livetransparent.com
patricia.garcia@bitpanda.com,cameron@livetransparent.co
esther.g@bitget.com,cameron@livetransparent.agency
i@rarible.com,cameron@livetransparent.org
mlaw@kucoin.com,cameron@livetransparent.com
alex@tokentax.co,cameron@livetransparent.co
kristin.hamamcioglu@okx.com,cameron@livetransparent.agency
patel.mustejab@bybit.com,cameron@livetransparent.org
joanne.su@bybit.com,cameron@livetransparent.com
alysha@rideriver.com,cameron@livetransparent.co
maja.zivanovic@bitstamp.net,cameron@livetransparent.agency
dionne.alaveras@uphold.com,cameron@livetransparent.org
matyas.dousa@bitpanda.com,cameron@livetransparent.com
sanjatheresa.mayer@bitpanda.com,cameron@livetransparent.co
ali.shoaib@okx.com,cameron@livetransparent.agency
james@okx.com,cameron@livetransparent.org
aleksander.kolenkov@nexo.io,cameron@livetransparent.com
nawaz.sulemanji@okx.com,cameron@livetransparent.co
laurence.delisle@uniswap.org,cameron@livetransparent.agency
sandra@aave.com,cameron@livetransparent.org
mireya.fernandez@bitpanda.com,cameron@livetransparent.com
schristian@okx.com,cameron@livetransparent.co
simon.mcloughlin@uphold.com,cameron@livetransparent.agency
devak.devendran@bitpanda.com,cameron@livetransparent.org
stephen.mcnamara@uphold.com,cameron@livetransparent.com
kiran.anjum@bybit.com,cameron@livetransparent.co
nicholas.daley@okx.com,cameron@livetransparent.agency
kattia.rahi@satoshilabs.com,cameron@livetransparent.org
demi@tokentax.co,cameron@livetransparent.com
tfang@kucoin.com,cameron@livetransparent.co
dean.d@okx.com,cameron@livetransparent.agency
caroline@moonpay.com,cameron@livetransparent.org
hua.zhang@bybit.com,cameron@livetransparent.com
luis.renaud@okx.com,cameron@livetransparent.co
kr@lido.fi,cameron@livetransparent.agency
lukas.enzersdorfer@bitpanda.com,cameron@livetransparent.org
pascal@ledger.fr,cameron@livetransparent.com
robin@uphold.com,cameron@livetransparent.co
alan.gutierrez@bitstamp.net,cameron@livetransparent.agency
emreo@kucoin.com,cameron@livetransparent.org
caroline.gaubert-amy@bybit.com,cameron@livetransparent.com
lina.huang@bybit.com,cameron@livetransparent.co
jimmy.choi@bybit.com,cameron@livetransparent.agency
benedikt.angerer@bitpanda.com,cameron@livetransparent.org
dominik.schmidinger@bitpanda.com,cameron@livetransparent.com
adam.rarch@bitget.com,cameron@livetransparent.co
emoloney@moonpay.com,cameron@livetransparent.agency
biplab@rideriver.com,cameron@livetransparent.org
elena.faranda@bitpanda.com,cameron@livetransparent.com
yuvaraj@kucoin.com,cameron@livetransparent.co
nondumiso.ntombikayise@bybit.com,cameron@livetransparent.agency
kife.wee@okx.com,cameron@livetransparent.org
wong.yaw@bitget.com,cameron@livetransparent.com
berk.cinar@bybit.com,cameron@livetransparent.co
eleonora.kolesnikova@satoshilabs.com,cameron@livetransparent.agency
frederico.meneses@uphold.com,cameron@livetransparent.org
mitchell@coinledger.io,cameron@livetransparent.com
justin.lee@okx.com,cameron@livetransparent.co
cory@swanbitcoin.com,cameron@livetransparent.agency
jeanne.soon@bingx.com,cameron@livetransparent.org
buesra.tastuener@bitpanda.com,cameron@livetransparent.com
dieter.prath@bitpanda.com,cameron@livetransparent.co
marta.wacirz@satoshilabs.com,cameron@livetransparent.agency
regil@rideriver.com,cameron@livetransparent.org
chris.grundy@okx.com,cameron@livetransparent.com
frederica.michell@okx.com,cameron@livetransparent.co
cassie.h@mexc.com,cameron@livetransparent.agency
lory@aave.com,cameron@livetransparent.org
karol.lang@bitget.com,cameron@livetransparent.com
mike@rainbow.me,cameron@livetransparent.co
star.xu@okx.com,cameron@livetransparent.agency
stani@aave.com,cameron@livetransparent.org
jenny.nguyen@mexc.com,cameron@livetransparent.com
yesul@bitget.com,cameron@livetransparent.co
lucia.trebucq@uphold.com,cameron@livetransparent.agency
sidra.butt@okx.com,cameron@livetransparent.org
aaron.hickle@okx.com,cameron@livetransparent.com
ani.davlashelidze@bybit.com,cameron@livetransparent.co
christiane.vinzenz@bitpanda.com,cameron@livetransparent.agency
berken@cointracking.info,cameron@livetransparent.org
parrot.t@okx.com,cameron@livetransparent.com
galen.c@lido.fi,cameron@livetransparent.co
anika.considine@uphold.com,cameron@livetransparent.agency
ouriel@zengo.com,cameron@livetransparent.org
lindsay.ross@bitpanda.com,cameron@livetransparent.com
lauri.hanninen@satoshilabs.com,cameron@livetransparent.co
sonia.novikova@river.com,cameron@livetransparent.agency
kaya.huang@bybit.com,cameron@livetransparent.org
april.xu@bybit.com,cameron@livetransparent.com
marc.c@bitget.com,cameron@livetransparent.co
lasha.shelia@bybit.com,cameron@livetransparent.agency
cinta.kencana@bybit.com,cameron@livetransparent.org
haider@okx.com,cameron@livetransparent.com
david@coinledger.io,cameron@livetransparent.co
mwallenberg@moonpay.com,cameron@livetransparent.agency
agnieszka@cointracking.info,cameron@livetransparent.org
bohan.yang1@okx.com,cameron@livetransparent.com
xguo@okx.com,cameron@livetransparent.co
matt@mexc.com,cameron@livetransparent.agency
serpil.ural@bitstamp.net,cameron@livetransparent.org
kyle.pang@bitget.com,cameron@livetransparent.com
osman.saeed@bybit.com,cameron@livetransparent.co
munene.m@bitget.com,cameron@livetransparent.agency
erkan.unlue@bybit.com,cameron@livetransparent.org
garret.trucksess@uphold.com,cameron@livetransparent.com
vs@lido.fi,cameron@livetransparent.co
hannah.vanek@opensea.io,cameron@livetransparent.agency
aravind@rideriver.com,cameron@livetransparent.org
syed.rishad@bybit.com,cameron@livetransparent.com
juliana.bao@okx.com,cameron@livetransparent.co
malika.suiinbekova@bybit.com,cameron@livetransparent.agency
snap@bybit.com,cameron@livetransparent.org
shubham.sharma@bitget.com,cameron@livetransparent.com
shoshanab@zengo.com,cameron@livetransparent.co
sfreidlin@moonpay.com,cameron@livetransparent.agency
zhongtai.liu@okx.com,cameron@livetransparent.org
erald.ghoos@okx.com,cameron@livetransparent.com
ankit.goel@bybit.com,cameron@livetransparent.co
jasmyn.collings@uphold.com,cameron@livetransparent.agency
brady@swanbitcoin.com,cameron@livetransparent.org
edgaras.abracinskas@coingate.com,cameron@livetransparent.com
malissa.wong@okx.com,cameron@livetransparent.co
ariel.mondelo-bueno-ext@ledger.fr,cameron@livetransparent.agency
anointing.atangana@bybit.com,cameron@livetransparent.org
tamzil@okx.com,cameron@livetransparent.com
akjan.belessova@bybit.com,cameron@livetransparent.co
denis@bitget.com,cameron@livetransparent.agency
abubakker.nazir@rideriver.com,cameron@livetransparent.org
lyubcho@nexo.com,cameron@livetransparent.com
korhan@bingx.com,cameron@livetransparent.co
james.holder@bitpanda.com,cameron@livetransparent.agency
lauren@uphold.com,cameron@livetransparent.org
chelsea@tokentax.co,cameron@livetransparent.com
mhamilton@okx.com,cameron@livetransparent.co
jim.roth@uphold.com,cameron@livetransparent.agency
anees@rideriver.com,cameron@livetransparent.org
mlee@bitpay.com,cameron@livetransparent.com
aiim.kopbayeva@bybit.com,cameron@livetransparent.co
alessandra.nardelli@bitpanda.com,cameron@livetransparent.agency
geoff.lyons@uphold.com,cameron@livetransparent.org
ivan@moonpay.com,cameron@livetransparent.com
nancy.beaton@uphold.com,cameron@livetransparent.co
marta.radi@bitpanda.com,cameron@livetransparent.agency
bzielke@bitpay.com,cameron@livetransparent.org
bob@okx.com,cameron@livetransparent.com
elizabeth.olson@okx.com,cameron@livetransparent.co
alexandre.lazaron@bybit.com,cameron@livetransparent.agency
spencer.neo@okx.com,cameron@livetransparent.org
federico.variola@phemex.com,cameron@livetransparent.com
grzegorz.pisula@bitget.com,cameron@livetransparent.co
sandra.cid@bitpanda.com,cameron@livetransparent.agency
yvonne@mexc.com,cameron@livetransparent.org
julie.machado@bybit.com,cameron@livetransparent.com
devin.finzer@opensea.io,cameron@livetransparent.co
dennisraj@rideriver.com,cameron@livetransparent.agency
will.chan@bitget.com,cameron@livetransparent.org
ashleigh@ledgersalem.com,cameron@livetransparent.com
stella.su@okx.com,cameron@livetransparent.co
mtheobald@bitpay.com,cameron@livetransparent.agency
jack@magiceden.io,cameron@livetransparent.org
marius@cointracking.info,cameron@livetransparent.com
jose.tovar@bitpanda.com,cameron@livetransparent.co
kai.guo@bybit.com,cameron@livetransparent.agency
caroline.halpin@ledger.fr,cameron@livetransparent.org
wandersong@kucoin.com,cameron@livetransparent.com
jenny.liu@okx.com,cameron@livetransparent.co
oliver.stauber@bitget.com,cameron@livetransparent.agency
sinem@okx.com,cameron@livetransparent.org
alice.mayr@bitpanda.com,cameron@livetransparent.com
marc.t@bitget.com,cameron@livetransparent.co
james.quin@okx.com,cameron@livetransparent.agency
harrison.woodward@ledger.fr,cameron@livetransparent.org
manossa.ounsombath@bitpanda.com,cameron@livetransparent.com
syed.dhihan@bybit.com,cameron@livetransparent.co
holly.goodhart@uphold.com,cameron@livetransparent.agency
amanda.guggenbuehl@bitget.com,cameron@livetransparent.org
ray.liang@okx.com,cameron@livetransparent.com
ananya@rideriver.com,cameron@livetransparent.co
melinda.jacobs@okx.com,cameron@livetransparent.agency
tony@bitpay.com,cameron@livetransparent.org
isabel.quintero@uphold.com,cameron@livetransparent.com
yan@swanbitcoin.com,cameron@livetransparent.co
morgan.burris@uphold.com,cameron@livetransparent.agency
jin@rainbow.me,cameron@livetransparent.org
lazar@nexo.com,cameron@livetransparent.com
zhuorui.fu@bybit.com,cameron@livetransparent.co
jlee@kucoin.com,cameron@livetransparent.agency
yanyi.ho@okx.com,cameron@livetransparent.org
nancy.n@bingx.com,cameron@livetransparent.com
olivia.yang@bingx.com,cameron@livetransparent.co
ale@aave.com,cameron@livetransparent.agency
john.bolling@uphold.com,cameron@livetransparent.org
michael.page@okx.com,cameron@livetransparent.com
eren.orung@okx.com,cameron@livetransparent.co
darren.w@bitget.com,cameron@livetransparent.agency
maya.bayoud@bybit.com,cameron@livetransparent.org
owen.tay@okx.com,cameron@livetransparent.com
andre.moreira@uphold.com,cameron@livetransparent.co
jarrod.tuck@okx.com,cameron@livetransparent.agency
amankalra@transak.com,cameron@livetransparent.org
elene@opensea.io,cameron@livetransparent.com
martyna.basara@bitget.com,cameron@livetransparent.co
tariq.khalifa@bybit.com,cameron@livetransparent.agency
josianne.micallef@bitpanda.com,cameron@livetransparent.org
narek@coinstats.app,cameron@livetransparent.com
victoria.dengg@bitpanda.com,cameron@livetransparent.co
mario.troyanov@bitpanda.com,cameron@livetransparent.agency
bc@kucoin.com,cameron@livetransparent.org
utkarsh.dubey_os@bybit.com,cameron@livetransparent.com
umberto.zanin@bitget.com,cameron@livetransparent.co
rnoder@ledgergroup.com,cameron@livetransparent.agency
dmitrijus@coingate.com,cameron@livetransparent.org
cynthia@bingx.com,cameron@livetransparent.com
kaya@skyvisionpartners.com,cameron@livetransparent.co
kishan.borad@uphold.com,cameron@livetransparent.agency
dom.garaventa@uniswap.org,cameron@livetransparent.org
thibaud.hermet@ledger.fr,cameron@livetransparent.com
parul.sharma@bybit.com,cameron@livetransparent.co
amelia.andrews@uphold.com,cameron@livetransparent.agency
christian@rainbow.me,cameron@livetransparent.org
vinaysimha@rideriver.com,cameron@livetransparent.com
vilius.semenas@coingate.com,cameron@livetransparent.co
khaled.abdellatif@bybit.com,cameron@livetransparent.agency
donnela@bitget.com,cameron@livetransparent.org
