Source Email,Source Phone,Source Company,Match Status,Contact ID,Existing Email,Existing Name,Existing Phone
yohannie.linggasari@bybit.com,+62 812 73459590,Bybit,no_exact_phone_match,,,,
renan.manzelli@bitget.com,+55 11 94010-1951,Bitget,no_exact_phone_match,,,,
michel@bitrefill.com,+46 733 77 45 05,Bitrefill,no_exact_phone_match,,,,
markus.hofmeister@okx.com,+49 175 3186479,OKX,no_exact_phone_match,,,,
vip.sasidharan@bingx.com,+971 56 947 4697,BingX,no_exact_phone_match,,,,
lina.wang@okg.com,+86 130 8118 1329,OKX,no_exact_phone_match,,,,
dariusz@cointracking.info,+49 1512 3426947,CoinTracking,no_exact_phone_match,,,,
vcross@moonpay.com,+49 179 3996793,MoonPay,no_exact_phone_match,,,,
daniel.kan@okx.com,+1 408-410-2380,OKX,no_exact_phone_match,,,,
vanida.englerdchaphat@okx.com,+1 626-315-5503,OKX,no_exact_phone_match,,,,
stephen@bitpay.com,+1 678-523-2166,BitPay,no_exact_phone_match,,,,
rebecca.siow@bitget.com,+86 138 1191 3590,Bitget,no_exact_phone_match,,,,
irmantas@coingate.com,+370 604 65469,CoinGate,no_exact_phone_match,,,,
victoria.furtuna@bitpanda.com,+39 389 161 8611,Bitpanda,no_exact_phone_match,,,,
muskan.bhandari@transak.com,+91 93765 95766,Transak,no_exact_phone_match,,,,
matej.zak@satoshilabs.com,+420 724 142 041,Trezor,no_exact_phone_match,,,,
kirill.stepanenko@mexc.com,+84 38 3001 089,MEXC,no_exact_phone_match,,,,
maggietan@mexc.com,+60 4-461 3038,MEXC,no_exact_phone_match,,,,
a@rarible.com,+1 952-345-2647,Rarible,no_exact_phone_match,,,,
esther.g@bitget.com,+43 7435 500634,Bitget,no_exact_phone_match,,,,
kr@lido.fi,+45 29 67 43 43,Lido Finance,no_exact_phone_match,,,,
lukas.enzersdorfer@bitpanda.com,+43 676 5540864,Bitpanda,no_exact_phone_match,,,,
pascal@ledger.fr,+33 6 10 69 04 06,Ledger,no_exact_phone_match,,,,
robin@uphold.com,+91 87096 98090,Uphold,no_exact_phone_match,,,,
emreo@kucoin.com,+971 50 427 1511,KuCoin Exchange,no_exact_phone_match,,,,
caroline.gaubert-amy@bybit.com,+33 6 69 23 45 87,Bybit,no_exact_phone_match,,,,
lina.huang@bybit.com,+86 155 0100 7166,Bybit,no_exact_phone_match,,,,
benedikt.angerer@bitpanda.com,+43 660 7043104,Bitpanda,no_exact_phone_match,,,,
dominik.schmidinger@bitpanda.com,+43 650 7032320,Bitpanda,no_exact_phone_match,,,,
adam.rarch@bitget.com,+65 8102 1884,Bitget,no_exact_phone_match,,,,
emoloney@moonpay.com,+1 914-413-5130,MoonPay,no_exact_phone_match,,,,
biplab@rideriver.com,+91 76398 46095,River,no_exact_phone_match,,,,
elena.faranda@bitpanda.com,+43 677 62940027,Bitpanda,no_exact_phone_match,,,,
kife.wee@okx.com,+65 8288 8031,OKX,no_exact_phone_match,,,,
frederico.meneses@uphold.com,+351 914 029 284,Uphold,no_exact_phone_match,,,,
mitchell@coinledger.io,+1 314-541-1093,CoinLedger,no_exact_phone_match,,,,
justin.lee@okx.com,+65 3163 6951,OKX,no_exact_phone_match,,,,
cory@swanbitcoin.com,+1 618-203-9685,Swan Bitcoin,no_exact_phone_match,,,,
jeanne.soon@bingx.com,+1 659-297-1324,BingX,no_exact_phone_match,,,,
buesra.tastuener@bitpanda.com,+43 681 20405187,Bitpanda,no_exact_phone_match,,,,
dieter.prath@bitpanda.com,+43 676 3576932,Bitpanda,no_exact_phone_match,,,,
marta.wacirz@satoshilabs.com,+48 60 778 14 10,Trezor,no_exact_phone_match,,,,
regil@rideriver.com,+91 99724 58384,River,no_exact_phone_match,,,,
chris.grundy@okx.com,+49 176 80529075,OKX,no_exact_phone_match,,,,
frederica.michell@okx.com,+1 917-769-6321,OKX,no_exact_phone_match,,,,
cassie.h@mexc.com,+44 788 478 1031,MEXC,no_exact_phone_match,,,,
lory@aave.com,+353 86 366 3210,Aave Labs,no_exact_phone_match,,,,
mike@rainbow.me,+1 508-446-2924,Rainbow,no_exact_phone_match,,,,
star.xu@okx.com,+86 186 1186 9680,OKX,no_exact_phone_match,,,,
stani@aave.com,+358 45 8777202,Aave Labs,no_exact_phone_match,,,,
jenny.nguyen@mexc.com,+84 93 927 55 44,MEXC,no_exact_phone_match,,,,
sidra.butt@okx.com,+1 415-619-9889,OKX,no_exact_phone_match,,,,
aaron.hickle@okx.com,+1 614-354-1738,OKX,no_exact_phone_match,,,,
ani.davlashelidze@bybit.com,+995 555 25 19 19,Bybit,no_exact_phone_match,,,,
christiane.vinzenz@bitpanda.com,+43 676 6318925,Bitpanda,no_exact_phone_match,,,,
berken@cointracking.info,+49 172 4536331,CoinTracking,no_exact_phone_match,,,,
galen.c@lido.fi,+65 9840 7195,Lido Finance,no_exact_phone_match,,,,
ouriel@zengo.com,+972 52-302-3131,Zengo Wallet,no_exact_phone_match,,,,
lindsay.ross@bitpanda.com,+43 676 7610916,Bitpanda,no_exact_phone_match,,,,
lauri.hanninen@satoshilabs.com,+420 736 420 426,Trezor,no_exact_phone_match,,,,
kaya.huang@bybit.com,+886 960 111 933,Bybit,no_exact_phone_match,,,,
cinta.kencana@bybit.com,+62 812 87383275,Bybit,no_exact_phone_match,,,,
haider@okx.com,+1 917-755-9108,OKX,no_exact_phone_match,,,,
david@coinledger.io,+1 816-830-9808,CoinLedger,no_exact_phone_match,,,,
mwallenberg@moonpay.com,+49 162 8651062,MoonPay,no_exact_phone_match,,,,
agnieszka@cointracking.info,+48 79 070 64 86,CoinTracking,no_exact_phone_match,,,,
bohan.yang1@okx.com,+65 9618 0637,OKX,no_exact_phone_match,,,,
serpil.ural@bitstamp.net,+90 533 578 3300,Bitstamp by Robinhood,no_exact_phone_match,,,,
osman.saeed@bybit.com,+971 50 109 8096,Bybit,no_exact_phone_match,,,,
munene.m@bitget.com,+254 796 793103,Bitget,no_exact_phone_match,,,,
erkan.unlue@bybit.com,+90 544 340 7269,Bybit,no_exact_phone_match,,,,
garret.trucksess@uphold.com,+1 267-897-0019,Uphold,no_exact_phone_match,,,,
vs@lido.fi,+352 37 23 34 3,Lido Finance,no_exact_phone_match,,,,
lauren@uphold.com,+44 20 3974 6317,Uphold,no_exact_phone_match,,,,
geoff.lyons@uphold.com,+44 20 7593 5660,Uphold,no_exact_phone_match,,,,
ivan@moonpay.com,+1 978-430-4635,MoonPay,no_exact_phone_match,,,,
nancy.beaton@uphold.com,+1 913-706-9051,Uphold,no_exact_phone_match,,,,
marta.radi@bitpanda.com,+44 73 7633 2439,Bitpanda,no_exact_phone_match,,,,
bzielke@bitpay.com,+1 678-592-7106,BitPay,no_exact_phone_match,,,,
elizabeth.olson@okx.com,+33 7 66 50 87 30,OKX,no_exact_phone_match,,,,
alexandre.lazaron@bybit.com,+55 41 99162-0973,Bybit,no_exact_phone_match,,,,
spencer.neo@okx.com,+66 96 019 6001,OKX,no_exact_phone_match,,,,
federico.variola@phemex.com,+39 366 687 3759,Phemex,no_exact_phone_match,,,,
grzegorz.pisula@bitget.com,+48 51 760 43 45,Bitget,no_exact_phone_match,,,,
sandra.cid@bitpanda.com,+43 676 6313723,Bitpanda,no_exact_phone_match,,,,
yvonne@mexc.com,+86 139 1042 9394,MEXC,no_exact_phone_match,,,,
julie.machado@bybit.com,+55 21 98074-1386,Bybit,no_exact_phone_match,,,,
devin.finzer@opensea.io,+1 925-389-6343,OpenSea,no_exact_phone_match,,,,
will.chan@bitget.com,+886 933 108 967,Bitget,no_exact_phone_match,,,,
ashleigh@ledgersalem.com,+1 617-281-0313,Ledger,no_exact_phone_match,,,,
stella.su@okx.com,+886 928 277 754,OKX,no_exact_phone_match,,,,
mtheobald@bitpay.com,+1 678-860-8426,BitPay,no_exact_phone_match,,,,
jack@magiceden.io,+852 9010 9829,Magic Eden,no_exact_phone_match,,,,
marius@cointracking.info,+49 176 57791251,CoinTracking,no_exact_phone_match,,,,
jose.tovar@bitpanda.com,+34 686 52 56 99,Bitpanda,no_exact_phone_match,,,,
caroline.halpin@ledger.fr,+353 1 543 5104,Ledger,no_exact_phone_match,,,,
jenny.liu@okx.com,+86 151 1008 0063,OKX,no_exact_phone_match,,,,
oliver.stauber@bitget.com,+43 676 9099459,Bitget,no_exact_phone_match,,,,
sinem@okx.com,+90 532 165 4208,OKX,no_exact_phone_match,,,,
alice.mayr@bitpanda.com,+43 657 132819,Bitpanda,no_exact_phone_match,,,,
james.quin@okx.com,+65 8882 2354,OKX,no_exact_phone_match,,,,
harrison.woodward@ledger.fr,+44 778 898 5058,Ledger,no_exact_phone_match,,,,
manossa.ounsombath@bitpanda.com,+43 676 6827994,Bitpanda,no_exact_phone_match,,,,
holly.goodhart@uphold.com,+1 773-480-7899,Uphold,no_exact_phone_match,,,,
amanda.guggenbuehl@bitget.com,+52 33 1076 8401,Bitget,no_exact_phone_match,,,,
ananya@rideriver.com,+91 99990 02413,River,no_exact_phone_match,,,,
melinda.jacobs@okx.com,+1 415-413-6798,OKX,no_exact_phone_match,,,,
tony@bitpay.com,+1 404-353-3000,BitPay,no_exact_phone_match,,,,
isabel.quintero@uphold.com,+1 201-282-8587,Uphold,no_exact_phone_match,,,,
yan@swanbitcoin.com,+1 773-319-5525,Swan Bitcoin,no_exact_phone_match,,,,
morgan.burris@uphold.com,+1 303-505-3949,Uphold,no_exact_phone_match,,,,
jin@rainbow.me,+1 757-272-8623,Rainbow,no_exact_phone_match,,,,
lazar@nexo.com,+359 88 350 1638,Nexo,no_exact_phone_match,,,,
zhuorui.fu@bybit.com,+971 58 501 3084,Bybit,no_exact_phone_match,,,,
jlee@kucoin.com,+1 858-800-4008,KuCoin Exchange,no_exact_phone_match,,,,
yanyi.ho@okx.com,+65 9125 4595,OKX,no_exact_phone_match,,,,
ale@aave.com,+54 9 11 5756-1044,Aave Labs,no_exact_phone_match,,,,
john.bolling@uphold.com,+1 212-597-6028,Uphold,no_exact_phone_match,,,,
michael.page@okx.com,+1 919-619-1160,OKX,no_exact_phone_match,,,,
darren.w@bitget.com,+65 9723 8887,Bitget,no_exact_phone_match,,,,
maya.bayoud@bybit.com,+971 50 989 6242,Bybit,no_exact_phone_match,,,,
owen.tay@okx.com,+65 9111 5021,OKX,no_exact_phone_match,,,,
andre.moreira@uphold.com,+351 912 027 129,Uphold,no_exact_phone_match,,,,
jarrod.tuck@okx.com,+852 3427 6851,OKX,no_exact_phone_match,,,,
amankalra@transak.com,+91 99996 68004,Transak,no_exact_phone_match,,,,
martyna.basara@bitget.com,+86 132 6220 8352,Bitget,no_exact_phone_match,,,,
tariq.khalifa@bybit.com,+971 55 600 8110,Bybit,no_exact_phone_match,,,,
josianne.micallef@bitpanda.com,+356 7900 2709,Bitpanda,no_exact_phone_match,,,,
narek@coinstats.app,+1 551-242-8077,CoinStats,no_exact_phone_match,,,,
victoria.dengg@bitpanda.com,+43 699 11000817,Bitpanda,no_exact_phone_match,,,,
mario.troyanov@bitpanda.com,+49 173 5625137,Bitpanda,no_exact_phone_match,,,,
bc@kucoin.com,+7 926 149-99-79,KuCoin Exchange,no_exact_phone_match,,,,
utkarsh.dubey_os@bybit.com,+91 74092 27240,Bybit,no_exact_phone_match,,,,
umberto.zanin@bitget.com,+39 346 827 5257,Bitget,no_exact_phone_match,,,,
dmitrijus@coingate.com,+370 682 00031,CoinGate,no_exact_phone_match,,,,
cynthia@bingx.com,+1 364-804-2086,BingX,no_exact_phone_match,,,,
kishan.borad@uphold.com,+91 95869 22124,Uphold,no_exact_phone_match,,,,
dom.garaventa@uniswap.org,+1 925-914-7574,Uniswap,no_exact_phone_match,,,,
thibaud.hermet@ledger.fr,+33 6 77 84 94 98,Ledger,no_exact_phone_match,,,,
parul.sharma@bybit.com,+971 55 607 9521,Bybit,no_exact_phone_match,,,,
christian@rainbow.me,+1 602-677-5491,Rainbow,no_exact_phone_match,,,,
vinaysimha@rideriver.com,+91 96865 60503,River,no_exact_phone_match,,,,
vilius.semenas@coingate.com,+44 780 334 4145,CoinGate,no_exact_phone_match,,,,
khaled.abdellatif@bybit.com,+49 176 32739184,Bybit,no_exact_phone_match,,,,
