Email,Vertical
chelsea.phillips@anheuser-busch.com,Alcohol
francis@cultivatelv.com,Cannabis
kdriscoll@ayrloom.com,Cannabis
jon@cremedecanna.com,Cannabis
zach@artet.com,Cannabis
ori@natura.io,Cannabis
xander214@gmail.com,Cannabis
stuart@dropscandies.com,Cannabis
asteph427@gmail.com,Cannabis
kally@heyflamer.com,Cannabis
allison@thebloombrand.com,Cannabis
maxwell@artet.com,Cannabis
michaelm@buddiesbrand.com,Cannabis
ryan@ember-valley.com,Cannabis
tyler@3brosgrow.com,Cannabis
ching@dragonflymichigan.com,Cannabis
devin@dadirriextracts.com,Cannabis
