First Name,Last Name,Title,Email,Corporate Phone,LinkedIn URL,Business Name,State,Country,Website,Vertical,Source,"Source Detail (the specific campaign, form, or calendar link tag)",Company Linkedin Url,Facebook Url,Twitter Url,,Shared with Ed?
Brianna,Sheck,"Marketing Content, Promotion, and Project Manager",brianna.sheck@organixx.com,+1 877-750-6455,http://www.linkedin.com/in/creativearsenal,Organixx,Nevada,United States,https://organixx.com,Mushroom,Apollo,,http://www.linkedin.com/company/organixx,,,,
Rob,Webb,CMO,rob@magicmind.com,+1 213-568-6315,http://www.linkedin.com/in/robwebb1,Magic Mind,California,United States,https://magicmind.com,Mushroom,Apollo,,http://www.linkedin.com/company/magic-mind-1,,,,
Taylor,Bradbury,Director of Marketing and OpEx,taylor@alohamedicinals.com,+1 775-886-6300,http://www.linkedin.com/in/taylor-bradbury3,Aloha Medicinals,Oregon,United States,https://alohamedicinals.com,Mushroom,Apollo,,http://www.linkedin.com/company/aloha-medicinals,https://www.facebook.com/AmericanBotanicals,https://twitter.com/alohamedicinals,,
Jessica,Clarke,Co-Founder,jessica@mothermade.co.nz,,http://www.linkedin.com/in/jessica-clarke-b5699a84,Mother Made Ltd,Auckland,New Zealand,https://mothermade.uk,Mushroom,Apollo,,http://www.linkedin.com/company/mother-made-ltd,,,,
Gianna,Caro,"Vice President, Product and Retail Marketing",gianna@everydaydose.com,+1 708-567-5225,http://www.linkedin.com/in/giannadecaro,Everyday Dose,California,United States,https://everydaydose.com,Mushroom,Apollo,,http://www.linkedin.com/company/everydaydose,,,,
Joe,Lam,Product Marketing,joe@magicmind.com,+1 213-568-6315,http://www.linkedin.com/in/lamjoseph,Magic Mind,California,United States,https://magicmind.com,Mushroom,Apollo,,http://www.linkedin.com/company/magic-mind-1,,,,
Katherine,Egan,Marketing,katherine.egan@compasspathways.com,+1 646-905-3974,http://www.linkedin.com/in/katherine-egan-0363b815b,Compass Pathways,New York,United States,https://compasspathways.com,Mushroom,Apollo,,http://www.linkedin.com/company/compass-pathways,,https://twitter.com/CompassPathway,,
Matthew,McInnis,Co-founder,matt@northspore.com,+1 207-352-0264,http://www.linkedin.com/in/matthew-mcinnis-98b42a23,North Spore,Maine,United States,https://northspore.com,Mushroom,Apollo,,http://www.linkedin.com/company/northspore,https://facebook.com/northspore,,,
Raphaelle,Vercier,Chargée Marketing Italie,raphaelle@frenchmush.com,,http://www.linkedin.com/in/rapha%c3%ablle-vercier-271379257,French Mush,Ile-de-France,France,https://frenchmush.com,Mushroom,Apollo,,http://www.linkedin.com/company/french-mush,https://www.Facebook.com/FrenchMush,,,
Jody,Hall,Founder & CEO,jody@wground.co,,http://www.linkedin.com/in/jody-hall-b380666,Wunderground,Washington,United States,https://wundergroundcoffee.com,Mushroom,Apollo,,http://www.linkedin.com/company/wunderground-coffee,,,,
Nicole,Carfagnini,"Director, Payer Marketing",nicole.carfagnini@compasspathways.com,+1 646-905-3974,http://www.linkedin.com/in/nicolecarfagnini,Compass Pathways,Illinois,United States,https://compasspathways.com,Mushroom,Apollo,,http://www.linkedin.com/company/compass-pathways,,https://twitter.com/CompassPathway,,
Amrata,Aurora,"Sr. Director, Data Analytics - Digital Marketing",amrata@cymbiotika.com,+1 855-983-8888,http://www.linkedin.com/in/amrata-aurora-ms-mba-01b076a8,Cymbiotika,California,United States,https://cymbiotika.com,Mushroom,Apollo,,http://www.linkedin.com/company/cymbiotika,https://www.facebook.com/Cymbiotika/,https://twitter.com/realcymbiotika,,
Kevin,Kohn,Digital Marketing Specialist,kevin.k@fungi.com,+1 360-426-9292,http://www.linkedin.com/in/kevin-kohn-1589545b,Fungi Perfecti LLC,Washington,United States,https://fungi.com,Mushroom,Apollo,,http://www.linkedin.com/company/fungi-perfecti-llc,http://www.facebook.com/FungiPerfecti,,,
Carolyn,Graves,"Marketing Manager, Generalist",carolyn.graves@gaiaherbs.com,+1 828-884-4242,http://www.linkedin.com/in/carolyn-graves,Gaia Herbs,South Carolina,United States,https://gaiaherbs.com,Mushroom,Apollo,,http://www.linkedin.com/company/gaia-herbs,https://www.facebook.com/GaiaHerbs/,https://twitter.com/GaiaHerbs,,
Shane,Heath,Founder & CEO,shane@mudwtr.com,,http://www.linkedin.com/in/shane-heath,MUD\WTR,California,United States,https://mudwtr.com,Mushroom,Apollo,,http://www.linkedin.com/company/mudwtr,,https://twitter.com/drinkmudwtr,,
Jordan,Leberman,Growth Marketing Manager,jordanl@everydaydose.com,+1 708-567-5225,http://www.linkedin.com/in/jordan-leberman,Everyday Dose,California,United States,https://everydaydose.com,Mushroom,Apollo,,http://www.linkedin.com/company/everydaydose,,,,
Shahab,Elmi,Founder and CEO,shahab@cymbiotika.com,+1 855-983-8888,http://www.linkedin.com/in/shahabelmi-cymbiotikafounder,Cymbiotika,California,United States,https://cymbiotika.com,Mushroom,Apollo,,http://www.linkedin.com/company/cymbiotika,https://www.facebook.com/Cymbiotika/,https://twitter.com/realcymbiotika,,
Arianna,Marchese,Assistant Marketing Digital & Influence,arianna@frenchmush.com,,http://www.linkedin.com/in/ariannamarchese,French Mush,Ile-de-France,France,https://frenchmush.com,Mushroom,Apollo,,http://www.linkedin.com/company/french-mush,https://www.Facebook.com/FrenchMush,,,
Jessica,Escarcega,Founder,jessica@bulkwholesalemushrooms.com,+1 619-875-6959,http://www.linkedin.com/in/jessica-escarcega-465110396,Bulk Wholesale Mushrooms,California,United States,https://bulkwholesalemushrooms.com,Mushroom,Apollo,,http://www.linkedin.com/company/bulk-wholesale-mushroom,,,,
Miranda,Holmes,"Project Manager, Marketing",miranda.h@fungi.com,+1 360-426-9292,http://www.linkedin.com/in/miranda-holmes-pmp-2a4a0873,Fungi Perfecti LLC,Washington,United States,https://fungi.com,Mushroom,Apollo,,http://www.linkedin.com/company/fungi-perfecti-llc,http://www.facebook.com/FungiPerfecti,,,
Mart,Stoffele,Founder & Productdeveloper,mart@foodsporen.com,,http://www.linkedin.com/in/mart-stoffele-059b4466,Foodsporen,North Brabant,Netherlands,https://foodsporen.com,Mushroom,Apollo,,http://www.linkedin.com/company/foodsporen,https://www.facebook.com/foodsporen,,,
Kevin,Pierce,Growth Marketing Manager,kevin.pierce@mudwtr.com,,http://www.linkedin.com/in/kevinpierce93,MUD\WTR,Tennessee,United States,https://mudwtr.com,Mushroom,Apollo,,http://www.linkedin.com/company/mudwtr,,https://twitter.com/drinkmudwtr,,
Aaron,Schain,Digital Marketing Specialist,aschain@nootropicsdepot.com,+1 480-779-0257,http://www.linkedin.com/in/schainco,Nootropics Depot,Arizona,United States,https://nootropicsdepot.com,Mushroom,Apollo,,http://www.linkedin.com/company/nootropics-depot,https://www.facebook.com/Nootropics-Depot-1016387141746806,https://twitter.com/NootropicsDepot,,
Amy,Sagar,Head of Marketing,amy@clevrblends.com,+1 805-448-6905,http://www.linkedin.com/in/amy-sagar,Clevr Blends,New York,United States,https://clevrblends.com,Mushroom,Apollo,,http://www.linkedin.com/company/clevr-blends,https://facebook.com/clevrblends/,https://twitter.com/clevr_blends,,
Jeremy,Payne,Director of Lifecycle Marketing,jeremy@cymbiotika.com,+1 855-983-8888,http://www.linkedin.com/in/jeremyrene,Cymbiotika,California,United States,https://cymbiotika.com,Mushroom,Apollo,,http://www.linkedin.com/company/cymbiotika,https://www.facebook.com/Cymbiotika/,https://twitter.com/realcymbiotika,,
James,Beshara,Founder & Executive Chairman,james@magicmind.co,+1 213-568-6315,http://www.linkedin.com/in/jjbeshara,Magic Mind,California,United States,https://magicmind.com,Mushroom,Apollo,,http://www.linkedin.com/company/magic-mind-1,,,,
Kelsey,O'Brien,Director of Brand Marketing & Innovation,kelsey@ommushrooms.com,+1 888-278-2509,http://www.linkedin.com/in/kelsey-o-brien-b5239872,Om Mushroom Superfood,Illinois,United States,https://ommushrooms.com,Mushroom,Apollo,,http://www.linkedin.com/company/ommushroom,https://facebook.com/ommushrooms,https://twitter.com/ommushrooms,,
Virginia,Provencio,Founder and CFO,virginia@meltingforest.com,+1 800-475-2304,http://www.linkedin.com/in/virginia-provencio,Melting Forest,California,United States,https://meltingforest.com,Mushroom,Apollo,,http://www.linkedin.com/company/meltingforest,https://www.facebook.com/meltingforestdrinks,,,
Alyssa,Lisle,Founding Member,alyssa@wundergroundcoffee.com,,http://www.linkedin.com/in/alyssa-lisle,Wunderground,Washington,United States,https://wundergroundcoffee.com,Mushroom,Apollo,,http://www.linkedin.com/company/wunderground-coffee,,,,
Kyle,Bliffert,President and CEO,kbliffert@gaiaherbs.com,+1 828-884-4242,http://www.linkedin.com/in/kylebliffert,Gaia Herbs,North Carolina,United States,https://gaiaherbs.com,Mushroom,Apollo,,http://www.linkedin.com/company/gaia-herbs,https://www.facebook.com/GaiaHerbs/,https://twitter.com/GaiaHerbs,,
Antoine,Alibert,CEO,antoine@frenchmush.com,,http://www.linkedin.com/in/antoine-alibert-32a2a5103,French Mush,,France,https://frenchmush.com,Mushroom,Apollo,,http://www.linkedin.com/company/french-mush,https://www.Facebook.com/FrenchMush,,,
Judy,Hoysak,Director of Marketing,judy.h@fungi.com,+1 360-426-9292,http://www.linkedin.com/in/jhoysak,Fungi Perfecti LLC,Washington,United States,https://fungi.com,Mushroom,Apollo,,http://www.linkedin.com/company/fungi-perfecti-llc,http://www.facebook.com/FungiPerfecti,,,
Elise,S,eCommerce & Marketing Strategist,elise@whennaturecalls.nl,+31 20 330 0700,http://www.linkedin.com/in/elisekcs,When Nature Calls,Noord-Holland,Netherlands,https://whennaturecalls.nl,Mushroom,Apollo,,http://www.linkedin.com/company/whennaturecalls,,,,
Amanda,Banhara,Marketing Manager,amanda.banhara@kaapabiotech.com,+358 45 1680982,http://www.linkedin.com/in/amandabanhara,KÄÄPÄ Biotech,Stockholm County,Sweden,https://kaapabiotech.com,Mushroom,Apollo,,http://www.linkedin.com/company/k%c3%a4%c3%a4p%c3%a4-biotech,,,,
Dariana,Ortega,Marketing & Social Media Cordinator,erika@koicbd.com,+1 877-774-4779,http://www.linkedin.com/in/dariana-ortega-961301251,Koi CBD,California,United States,https://koicbd.com,Mushroom,Apollo,,http://www.linkedin.com/company/koi-cbd,https://www.facebook.com/KOICBD,https://twitter.com/koicbd,,
Andy,Judd,Chief Marketing Officer,ajudd@lairdsuperfood.com,+1 888-670-6796,http://www.linkedin.com/in/andy-judd,Laird Superfood,Tennessee,United States,https://lairdsuperfood.com,Mushroom,Apollo,,http://www.linkedin.com/company/laird-superfood,https://facebook.com/lairdsuperfood,https://twitter.com/lairdsuperfood,,
Gabe,Kennedy,Co-Founder & Board Member,gabe@plantpeople.co,+1 855-422-0990,http://www.linkedin.com/in/gabe-kennedy-31898830,Plant People,Colorado,United States,https://plantpeople.co,Mushroom,Apollo,,http://www.linkedin.com/company/plant-people,https://www.facebook.com/plantpeoples/,https://twitter.com/plantpeople,,
Paola,Carbonnel,Responsable Marketing E-commerce,paola@frenchmush.com,,http://www.linkedin.com/in/paola-carbonnel-39b9934b,French Mush,Pays de la Loire,France,https://frenchmush.com,Mushroom,Apollo,,http://www.linkedin.com/company/french-mush,https://www.Facebook.com/FrenchMush,,,
Markus,Karjalainen,Growth & Retention Marketing,markus@foursigmatic.com,+1 424-330-0000,http://www.linkedin.com/in/karjalainenmarkus,Four Sigmatic,New York,United States,https://foursigmatic.com,Mushroom,Apollo,,http://www.linkedin.com/company/foursigmatic,https://facebook.com/foursigmatic,https://twitter.com/foursigmatic,,
Seppo,Riikonen,"Co-Founder, Board Member, Quality Management Advisor",seppo.riikonen@kaapabiotech.com,+358 45 1680982,http://www.linkedin.com/in/seppo-riikonen-a222991,KÄÄPÄ Biotech,Uusimaa,Finland,https://kaapabiotech.com,Mushroom,Apollo,,http://www.linkedin.com/company/k%c3%a4%c3%a4p%c3%a4-biotech,,,,
Charlotte,Cruze,Co-Founder,charlotte@alicemushrooms.com,+1 859-537-0802,http://www.linkedin.com/in/charlotte-cruze-322095292,Alice Mushrooms,New York,United States,https://alicemushrooms.com,Mushroom,Apollo,,http://www.linkedin.com/company/alice-mushrooms,,,,
Hannah,Mendoza,Co-Founder & CEO,hannah@clevrblends.com,+1 805-448-6905,http://www.linkedin.com/in/mendozahannah,Clevr Blends,California,United States,https://clevrblends.com,Mushroom,Apollo,,http://www.linkedin.com/company/clevr-blends,https://facebook.com/clevrblends/,https://twitter.com/clevr_blends,,
Sammy,Pereira,Influencer Marketing Coordinator,sammy@everydaydose.com,+1 708-567-5225,http://www.linkedin.com/in/sammy-pereira-35a084291,Everyday Dose,Texas,United States,https://everydaydose.com,Mushroom,Apollo,,http://www.linkedin.com/company/everydaydose,,,,
Alexandre,Rousseau-Perez,CEO,alexandre@mushngo.com,,http://www.linkedin.com/in/alexandre-rousseau-perez,MushNGo,Dubai,United Arab Emirates,https://mushngo.com,Mushroom,Apollo,,http://www.linkedin.com/company/mushngo,,,,
Douglas,Gordon,CEO Marley One (Natural Mystic Wellness),douglas@naturalmystic.life,+1 866-275-3901,http://www.linkedin.com/in/douglaskgordon,Marley One,New York,United States,https://marleyonewellness.com,Mushroom,Apollo,,http://www.linkedin.com/company/marleyonewellness,,,,
Jon,Carver,Co-Founder | Head Mycologsit,jon@northspore.com,+1 207-352-0264,http://www.linkedin.com/in/jon-carver-5a3873180,North Spore,Maine,United States,https://northspore.com,Mushroom,Apollo,,http://www.linkedin.com/company/northspore,https://facebook.com/northspore,,,
Jack,Savage,Founder & CEO,jack@everydaydose.com,+1 708-567-5225,http://www.linkedin.com/in/jack-e-savage,Everyday Dose,Texas,United States,https://everydaydose.com,Mushroom,Apollo,,http://www.linkedin.com/company/everydaydose,,,,
Jessica,Justh,Director of Marketing,jessica.justh@gmail.com,+1 570-437-0203,http://www.linkedin.com/in/jessicajusth,Double Wood Supplements,Pennsylvania,United States,https://doublewoodsupplements.com,Mushroom,Apollo,,http://www.linkedin.com/company/double-wood-supplements,https://www.facebook.com/doublewoodsupplements,https://twitter.com/SupplementsDW,,
Neil,Markey,Co-Founder and CEO,neil@beckleyretreats.com,+1 240-285-1009,http://www.linkedin.com/in/neilpmarkey,Beckley Retreats,Massachusetts,United States,https://beckleyretreats.com,Mushroom,Apollo,,http://www.linkedin.com/company/beckley-retreats,https://www.facebook.com/beckleyretreats/,https://twitter.com/beckleyretreats,,
Sandra,Carter,Founder,sandra@ommushrooms.com,+1 888-278-2509,http://www.linkedin.com/in/sandra-carter-3b6b3241,Om Mushroom Superfood,,United States,https://ommushrooms.com,Mushroom,Apollo,,http://www.linkedin.com/company/ommushroom,https://facebook.com/ommushrooms,https://twitter.com/ommushrooms,,
Mervi,Alavuotunki,Marketing Specialist,mervi@kaapabiotech.com,+358 45 1680982,http://www.linkedin.com/in/mervi-alavuotunki-4099961b7,KÄÄPÄ Biotech,,Finland,https://kaapabiotech.com,Mushroom,Apollo,,http://www.linkedin.com/company/k%c3%a4%c3%a4p%c3%a4-biotech,,,,
Skye,Chilton,Chief Executive Officer,skye@nammex.com,+1 604-886-7799,http://www.linkedin.com/in/skyechilton,Nammex: Organic Mushroom Extracts,British Columbia,Canada,https://nammex.com,Mushroom,Apollo,,http://www.linkedin.com/company/nammex-organic-mushroom-extracts,,https://twitter.com/nammex,,
Jeff,Beverly,Co-Founder and Managing Partner,jeff@knownaturals.com,+1 419-777-1397,http://www.linkedin.com/in/jeffbeverly,Slightly Elevated,Colorado,United States,https://liveslightlyelevated.com,Mushroom,Apollo,,http://www.linkedin.com/company/slightly-elevated,https://www.facebook.com/LiveSlightlyElevated/,,,
Sarah,Hamilton,Brand Marketing Professional,sarah@foursigmatic.com,+1 424-330-0000,http://www.linkedin.com/in/sarahjhamilton,Four Sigmatic,Colorado,United States,https://foursigmatic.com,Mushroom,Apollo,,http://www.linkedin.com/company/foursigmatic,https://facebook.com/foursigmatic,https://twitter.com/foursigmatic,,
Benjamin,Chesler,Chief Executive Officer,ben.chesler@northspore.com,+1 207-352-0264,http://www.linkedin.com/in/benchesler,North Spore,Maine,United States,https://northspore.com,Mushroom,Apollo,,http://www.linkedin.com/company/northspore,https://facebook.com/northspore,,,
Jessica,Salmanpour,CEO Dirtea,jessica@dirteaworld.com,+44 793993,http://www.linkedin.com/in/jessica-salmanpour-537640216,DIRTEA,,United Kingdom,https://dirteaworld.com,Mushroom,Apollo,,http://www.linkedin.com/company/dirtea,https://www.facebook.com/dirteaworld/,https://twitter.com/dirteaworld?lang=en,,
Simon,Salter,Founder,simon@dirteaworld.com,+44 793993,http://www.linkedin.com/in/simonbsalter,DIRTEA,England,United Kingdom,https://dirteaworld.com,Mushroom,Apollo,,http://www.linkedin.com/company/dirtea,https://www.facebook.com/dirteaworld/,https://twitter.com/dirteaworld?lang=en,,
Aymane,Es-Satte,Responsable E-commerce & Growth Marketing,aymane@frenchmush.com,,http://www.linkedin.com/in/aymanessatte,French Mush,Ile-de-France,France,https://frenchmush.com,Mushroom,Apollo,,http://www.linkedin.com/company/french-mush,https://www.Facebook.com/FrenchMush,,,
Chervin,Jafarieh,Founder of Cymbiotika,chervin@cymbiotika.com,+1 855-983-8888,http://www.linkedin.com/in/chervin-jafarieh-907807205,Cymbiotika,California,United States,https://cymbiotika.com,Mushroom,Apollo,,http://www.linkedin.com/company/cymbiotika,https://www.facebook.com/Cymbiotika/,https://twitter.com/realcymbiotika,,
Jill,Sherman,Head of Marketing & E-Commerce,shermanjill@yahoo.com,+1 207-854-3500,http://www.linkedin.com/in/jillcsherman,North Spore,Maine,United States,https://northspore.com,Mushroom,Apollo,,http://www.linkedin.com/company/northspore,https://facebook.com/northspore,,,
Francesca,Carbone,Marketing Project Manager,francesca@cymbiotika.com,+1 855-983-8888,http://www.linkedin.com/in/francesca-carbone-290514260,Cymbiotika,California,United States,https://cymbiotika.com,Mushroom,Apollo,,http://www.linkedin.com/company/cymbiotika,https://www.facebook.com/Cymbiotika/,https://twitter.com/realcymbiotika,,
Eric,Puro,CEO,eric.puro@kaapabiotech.com,+358 45 1680982,http://www.linkedin.com/in/eric-puro-448948183,KÄÄPÄ Biotech,,Finland,https://kaapabiotech.com,Mushroom,Apollo,,http://www.linkedin.com/company/k%c3%a4%c3%a4p%c3%a4-biotech,,,,
Fabio,Pereira,Founder,ghost@everydaydose.com,+1 708-567-5225,http://www.linkedin.com/in/fabio-pereira-397877181,Everyday Dose,Texas,United States,https://everydaydose.com,Mushroom,Apollo,,http://www.linkedin.com/company/everydaydose,,,,
Helia,Santos,Chief Executive Officer,hsantos@doublewoodsupplements.com,+1 570-437-0203,http://www.linkedin.com/in/helia-santos-236a157,Double Wood Supplements,New Jersey,United States,https://doublewoodsupplements.com,Mushroom,Apollo,,http://www.linkedin.com/company/double-wood-supplements,https://www.facebook.com/doublewoodsupplements,https://twitter.com/SupplementsDW,,
Amanda,Bacon,Founder of Moon Juice,amanda@moonjuice.com,+1 310-399-2929,http://www.linkedin.com/in/amanda-bacon-b46192100,Moon Juice,California,United States,https://moonjuice.com,Mushroom,Apollo,,http://www.linkedin.com/company/moon-juice,https://www.facebook.com/moonjuice,,,
Andrew,Salter,Founder & CMO,andrew@dirteaworld.com,+44 793993,http://www.linkedin.com/in/andrewsalter,DIRTEA,England,United Kingdom,https://dirteaworld.com,Mushroom,Apollo,,http://www.linkedin.com/company/dirtea,https://www.facebook.com/dirteaworld/,https://twitter.com/dirteaworld?lang=en,,
Erin,Zadoorian,Chief Executive Officer,erin@exhalewell.com,+1 323-448-3810,http://www.linkedin.com/in/erin-zadoorian-95282419b,Exhale Wellness,California,United States,https://exhalewell.com,Mushroom,Apollo,,http://www.linkedin.com/company/exhale-wellness-official,,,,
Nirmal,Nair,Founder & CEO,nirmal.nair@semperaorganics.com,+1 408-752-4139,http://www.linkedin.com/in/nirmalnair1,Sempera Organics Inc.,California,United States,https://semperaorganics.com,Mushroom,Apollo,,http://www.linkedin.com/company/sempera-organics,https://www.facebook.com/semperaorganics,https://twitter.com/semperaorganics,,
Shawn,Dunn,Owner/ Founder,shawn@theshroomworks.com,+1 818-489-7085,http://www.linkedin.com/in/shawn-dunn-%f0%9f%8d%84-b88713105,shroomworks,California,United States,https://theshroomworks.com,Mushroom,Apollo,,http://www.linkedin.com/company/shroomworks,,,,
Keith,Knapp,"Director, Marketing Operations",keith.knapp@onnit.com,+1 855-666-4899,http://www.linkedin.com/in/keithknapp,ONNIT,Ohio,United States,https://onnit.com,Mushroom,Apollo,,http://www.linkedin.com/company/onnit-labs,https://facebook.com/Onnit,https://twitter.com/onnit,,
Malia,Botello,"Marketing Associate, OM Mushrooms",malia@ommushrooms.com,+1 888-278-2509,http://www.linkedin.com/in/malia-botello-,Om Mushroom Superfood,California,United States,https://ommushrooms.com,Mushroom,Apollo,,http://www.linkedin.com/company/ommushroom,https://facebook.com/ommushrooms,https://twitter.com/ommushrooms,,
Javier,Hernandez,VP Marketing,javier@cymbiotika.com,+1 855-983-8888,http://www.linkedin.com/in/javier-hernandez-1676a2a,Cymbiotika,California,United States,https://cymbiotika.com,Mushroom,Apollo,,http://www.linkedin.com/company/cymbiotika,https://www.facebook.com/Cymbiotika/,https://twitter.com/realcymbiotika,,
Egan,Pratt,"Director, Site of Care Marketing",egan.pratt@compasspathways.com,+1 646-905-3974,http://www.linkedin.com/in/egan-s-pratt-8173997,Compass Pathways,Maryland,United States,https://compasspathways.com,Mushroom,Apollo,,http://www.linkedin.com/company/compass-pathways,,https://twitter.com/CompassPathway,,
Jesse,Vest,Marketing Operations Lead,jov@gaiaherbs.com,+1 828-884-4242,http://www.linkedin.com/in/jesse-oates-vest-77096526,Gaia Herbs,North Carolina,United States,https://gaiaherbs.com,Mushroom,Apollo,,http://www.linkedin.com/company/gaia-herbs,https://www.facebook.com/GaiaHerbs/,https://twitter.com/GaiaHerbs,,
Andrew,Tseng,Chief Executive Officer,andrew.tseng@grapeking.com.tw,+886 8 0002 8686,http://www.linkedin.com/in/andrew-tseng-369ab54,Grape King Bio,,Taiwan,https://grapeking.com.tw,Mushroom,Apollo,,http://www.linkedin.com/company/grape-king-bio,https://www.facebook.com/grapekingbio/,,,
Kristine,Guanzon,Retail Marketing Manager,kristine@cymbiotika.com,+1 855-983-8888,http://www.linkedin.com/in/kristine-guanzon,Cymbiotika,,United States,https://cymbiotika.com,Mushroom,Apollo,,http://www.linkedin.com/company/cymbiotika,https://www.facebook.com/Cymbiotika/,https://twitter.com/realcymbiotika,,
Zach,McAdam,Director of Marketing,zmcadam@lairdsuperfood.com,+1 888-670-6796,http://www.linkedin.com/in/zachmcadam,Laird Superfood,Texas,United States,https://lairdsuperfood.com,Mushroom,Apollo,,http://www.linkedin.com/company/laird-superfood,https://facebook.com/lairdsuperfood,https://twitter.com/lairdsuperfood,,
Antonia,Antonio,Marketing Manager,antonia@mothermade.co.nz,,http://www.linkedin.com/in/antonia-antonio,Mother Made Ltd,,United Kingdom,https://mothermade.uk,Mushroom,Apollo,,http://www.linkedin.com/company/mother-made-ltd,,,,
Federico,Troiani,Chief Executive Officer,federico.troiani@moonjuice.com,+1 310-399-2929,http://www.linkedin.com/in/federico-troiani-mba,Moon Juice,California,United States,https://moonjuice.com,Mushroom,Apollo,,http://www.linkedin.com/company/moon-juice,https://www.facebook.com/moonjuice,,,
Vicky,Evans,Affiliate & Influencer Marketing Senior Specialist,vicky@cymbiotika.com,+1 855-983-8888,http://www.linkedin.com/in/vicky-evans-baaa21161,Cymbiotika,California,United States,https://cymbiotika.com,Mushroom,Apollo,,http://www.linkedin.com/company/cymbiotika,https://www.facebook.com/Cymbiotika/,https://twitter.com/realcymbiotika,,
Nick,Zavakos,Co-Founder and Managing Partner,nick@knownaturals.com,+1 419-777-1397,http://www.linkedin.com/in/nick-zavakos-3b8824264,Slightly Elevated,South Carolina,United States,https://liveslightlyelevated.com,Mushroom,Apollo,,http://www.linkedin.com/company/slightly-elevated,https://www.facebook.com/LiveSlightlyElevated/,,,
Drew,Neillie,Marketing + Brand Partnerships Manager,drew.neillie@onnit.com,+1 855-666-4899,http://www.linkedin.com/in/drewneillie,ONNIT,Texas,United States,https://onnit.com,Mushroom,Apollo,,http://www.linkedin.com/company/onnit-labs,https://facebook.com/Onnit,https://twitter.com/onnit,,
Tori,Wixson,Social Media Marketing Specialist,tori.wixson@organixx.com,+1 877-750-6455,http://www.linkedin.com/in/tori-wixson,Organixx,Oregon,United States,https://organixx.com,Mushroom,Apollo,,http://www.linkedin.com/company/organixx,,,,
Rachael,Coan,Marketing and Project Manager,rachael.coan@organixx.com,+1 877-750-6455,http://www.linkedin.com/in/rachael-coan-01b331b,Organixx,Ohio,United States,https://organixx.com,Mushroom,Apollo,,http://www.linkedin.com/company/organixx,,,,
Brian,Friedman,"Chief Operating Officer, Chief Product Officer and Co-Founder",brian@supermush.com,,http://www.linkedin.com/in/brianmfriedman,SuperMush,California,United States,https://supermush.com,Mushroom,Apollo,,http://www.linkedin.com/company/supermush1,,,,
Lindsay,Goodstein,Founder & CEO,lindsay@alicemushrooms.com,+1 859-537-0802,http://www.linkedin.com/in/lindsay-goodstein-a1266054,Alice Mushrooms,California,United States,https://alicemushrooms.com,Mushroom,Apollo,,http://www.linkedin.com/company/alice-mushrooms,,,,
Caitie,Hathaway,Digital Marketing,caitie@cymbiotika.com,+1 855-983-8888,http://www.linkedin.com/in/caitie-hathaway-62b652226,Cymbiotika,California,United States,https://cymbiotika.com,Mushroom,Apollo,,http://www.linkedin.com/company/cymbiotika,https://www.facebook.com/Cymbiotika/,https://twitter.com/realcymbiotika,,
Colette,Asmussen,"Director, HCP Marketing",colette.asmussen@compasspathways.com,+1 646-905-3974,http://www.linkedin.com/in/colette-asmussen-89336721,Compass Pathways,Pennsylvania,United States,https://compasspathways.com,Mushroom,Apollo,,http://www.linkedin.com/company/compass-pathways,,https://twitter.com/CompassPathway,,
Sarah,Tweed,Vice President Marketing,sarah@alicemushrooms.com,+1 859-537-0802,http://www.linkedin.com/in/sarah-christie-tweed-31497162,Alice Mushrooms,Colorado,United States,https://alicemushrooms.com,Mushroom,Apollo,,http://www.linkedin.com/company/alice-mushrooms,,,,
William,Padilla-Brown,"Founder, CEO, and Chief Scientist",will@mycosymbiotics.com,,http://www.linkedin.com/in/william-padilla-brown-b6803956,MycoSymbiotics,Pennsylvania,United States,https://mycosymbiotics.com,Mushroom,Apollo,,http://www.linkedin.com/company/mycosymbiotics,,,,
David,Randall,CEO,david@spacegoods.com,+44 20 3808 4218,http://www.linkedin.com/in/davidrandall1,Spacegoods,England,United Kingdom,https://spacegoods.com,Mushroom,Apollo,,http://www.linkedin.com/company/spacegoods,,,,
Brenda,Gomez,Director of Marketing,brenda@koicbd.com,+1 877-774-4779,http://www.linkedin.com/in/brenda-gomez-05140224b,Koi CBD,California,United States,https://koicbd.com,Mushroom,Apollo,,http://www.linkedin.com/company/koi-cbd,https://www.facebook.com/KOICBD,https://twitter.com/koicbd,,
Michelle,Dulake,Co-Founder,drdulake@ferapets.com,+1 626-656-3372,http://www.linkedin.com/in/michelle-dulake-117abb43,Fera Pets,California,United States,https://ferapets.com,Mushroom,Apollo,,http://www.linkedin.com/company/fera-pets,https://facebook.com/ferapetorganics,https://twitter.com/ferapetorganics,,
Michelle,Lin,Marketing Director,michelle.lin@moonjuice.com,+1 310-399-2929,http://www.linkedin.com/in/michelle-lin-7964303,Moon Juice,California,United States,https://moonjuice.com,Mushroom,Apollo,,http://www.linkedin.com/company/moon-juice,https://www.facebook.com/moonjuice,,,
Jessica,Keyes,Director of Brand Marketing,jkeyes@lairdsuperfood.com,+1 888-670-6796,http://www.linkedin.com/in/jessicabuchenau,Laird Superfood,Colorado,United States,https://lairdsuperfood.com,Mushroom,Apollo,,http://www.linkedin.com/company/laird-superfood,https://facebook.com/lairdsuperfood,https://twitter.com/lairdsuperfood,,
Alex,Dorr,"Founder, and CEO",alexdorr@mushroomrevival.com,+1 203-676-5399,http://www.linkedin.com/in/mushroomrevival,Mushroom Revival Inc.,Texas,United States,https://mushroomrevival.com,Mushroom,Apollo,,http://www.linkedin.com/company/mushroomrevival,,,,
Colin,Geaghan,Partnerships Marketing Manager,colin@aloha.com,+1 855-400-8584,http://www.linkedin.com/in/colingeaghan,Four Sigmatic,California,United States,https://foursigmatic.com,Mushroom,Apollo,,http://www.linkedin.com/company/foursigmatic,https://facebook.com/foursigmatic,https://twitter.com/foursigmatic,,
Audrey,Smolak,Co-Founder,audrey@frenchmush.com,,http://www.linkedin.com/in/audrey-smolak-bbbaaa17,French Mush,,France,https://frenchmush.com,Mushroom,Apollo,,http://www.linkedin.com/company/french-mush,https://www.Facebook.com/FrenchMush,,,
William,Hicks,Chief Executive Officer,william@magicmind.com,+1 213-568-6315,http://www.linkedin.com/in/william-cree-hicks,Magic Mind,Texas,United States,https://magicmind.com,Mushroom,Apollo,,http://www.linkedin.com/company/magic-mind-1,,,,
Scott,Frohman,Founder & CEO,scott.frohman@odysseyelixir.com,+1 954-960-4363,http://www.linkedin.com/in/scott-frohman-15125961,Odyssey Functional Energy,,United States,https://odysseyelixir.com,Mushroom,Apollo,,http://www.linkedin.com/company/drinkodysseyenergy,https://www.facebook.com/odysseyelixir,https://twitter.com/odysseyelixir,,
Shez,Shaikh,Co-Founder,shez@londonnootropics.com,+44 7875 249484,http://www.linkedin.com/in/shez-shaikh-478b804b,London Nootropics,England,United Kingdom,https://londonnootropics.com,Mushroom,Apollo,,http://www.linkedin.com/company/london-nootropics,https://www.facebook.com/london.nootropics,,,
Travis,Duncan,Chief Executive Officer,travis@drinkbrez.com,+1 802-242-2739,http://www.linkedin.com/in/travisfreedom,BRĒZ,Florida,United States,https://drinkbrez.com,Mushroom,Apollo,,http://www.linkedin.com/company/drinkbrez,,,,
Alli,Schaper,Co-Founder & CEO,alli@supermush.com,,http://www.linkedin.com/in/allischaper,SuperMush,Texas,United States,https://supermush.com,Mushroom,Apollo,,http://www.linkedin.com/company/supermush1,,,,
Roger,Coppola,Co-Founder & COO,roger@clevrblends.com,+1 805-448-6905,http://www.linkedin.com/in/roger-coppola-0393a251,Clevr Blends,California,United States,https://clevrblends.com,Mushroom,Apollo,,http://www.linkedin.com/company/clevr-blends,https://facebook.com/clevrblends/,https://twitter.com/clevr_blends,,
Malinda,Ridenour,Chief Financial Officer/Co-founder,malinda@koicbd.com,+1 877-774-4779,http://www.linkedin.com/in/malinda-ridenour-797876191,Koi CBD,California,United States,https://koicbd.com,Mushroom,Apollo,,http://www.linkedin.com/company/koi-cbd,https://www.facebook.com/KOICBD,https://twitter.com/koicbd,,
Daniella,Antolinez Rios,Executive Assistant to Chief Executive Officer,daniella@everydaydose.com,+1 708-567-5225,http://www.linkedin.com/in/daniella-antolinez,Everyday Dose,Valle del Cauca,Colombia,https://everydaydose.com,Mushroom,Apollo,,http://www.linkedin.com/company/everydaydose,,,,
Zain,Peer,Co-Founder,zain@londonnootropics.com,+44 7875 249484,http://www.linkedin.com/in/zainpeer,London Nootropics,England,United Kingdom,https://londonnootropics.com,Mushroom,Apollo,,http://www.linkedin.com/company/london-nootropics,https://www.facebook.com/london.nootropics,,,
Heather,Emge,Marketing Director - Medical Ed,heather.emge@compasspathways.com,+1 646-905-3974,http://www.linkedin.com/in/heather-emge-6b37475,Compass Pathways,Indiana,United States,https://compasspathways.com,Mushroom,Apollo,,http://www.linkedin.com/company/compass-pathways,,https://twitter.com/CompassPathway,,
Michael,Packman,Marketing Operations Manager,michael@nootropicsdepot.com,+1 480-779-0257,http://www.linkedin.com/in/michael-packman,Nootropics Depot,Arizona,United States,https://nootropicsdepot.com,Mushroom,Apollo,,http://www.linkedin.com/company/nootropics-depot,https://www.facebook.com/Nootropics-Depot-1016387141746806,https://twitter.com/NootropicsDepot,,
Aubrey,Wagner,Marketing Coordinator,aubrey@plantpeople.co,+1 855-422-0990,http://www.linkedin.com/in/aubreywagner,Plant People,Texas,United States,https://plantpeople.co,Mushroom,Apollo,,http://www.linkedin.com/company/plant-people,https://www.facebook.com/plantpeoples/,https://twitter.com/plantpeople,,
Sarah,Fletcher,Founding Team,sarah@grassandco.com,+44 333 242 7332,http://www.linkedin.com/in/svfletcher,Grass & Co.,,United Kingdom,https://mushroomsandco.com,Mushroom,Apollo,,http://www.linkedin.com/company/grass-and-co,https://facebook.com/GrassandCo1/,https://twitter.com/grassandco1,,
