Email,LT Campaign Mushroom Brands Oct 2026 Sender Email
ajudd@lairdsuperfood.com,cameron@livetransparent.com
alexandre@mushngo.com,cameron@livetransparent.co
alexdorr@mushroomrevival.com,cameron@livetransparent.agency
alli@supermush.com,cameron@livetransparent.org
alyssa@wundergroundcoffee.com,cameron@livetransparent.com
amanda.banhara@kaapabiotech.com,cameron@livetransparent.co
amanda@moonjuice.com,cameron@livetransparent.agency
amrata@cymbiotika.com,cameron@livetransparent.org
amy@clevrblends.com,cameron@livetransparent.com
andrew.tseng@grapeking.com.tw,cameron@livetransparent.co
andrew@dirteaworld.com,cameron@livetransparent.agency
antoine@frenchmush.com,cameron@livetransparent.org
antonia@mothermade.co.nz,cameron@livetransparent.com
arianna@frenchmush.com,cameron@livetransparent.co
aschain@nootropicsdepot.com,cameron@livetransparent.agency
aubrey@plantpeople.co,cameron@livetransparent.org
audrey@frenchmush.com,cameron@livetransparent.com
aymane@frenchmush.com,cameron@livetransparent.co
ben.chesler@northspore.com,cameron@livetransparent.agency
brenda@koicbd.com,cameron@livetransparent.org
brian@supermush.com,cameron@livetransparent.com
brianna.sheck@organixx.com,cameron@livetransparent.co
caitie@cymbiotika.com,cameron@livetransparent.agency
carolyn.graves@gaiaherbs.com,cameron@livetransparent.org
charlotte@alicemushrooms.com,cameron@livetransparent.com
chervin@cymbiotika.com,cameron@livetransparent.co
colette.asmussen@compasspathways.com,cameron@livetransparent.agency
colin@aloha.com,cameron@livetransparent.org
daniella@everydaydose.com,cameron@livetransparent.com
david@spacegoods.com,cameron@livetransparent.co
douglas@naturalmystic.life,cameron@livetransparent.agency
drdulake@ferapets.com,cameron@livetransparent.org
drew.neillie@onnit.com,cameron@livetransparent.com
egan.pratt@compasspathways.com,cameron@livetransparent.co
elise@whennaturecalls.nl,cameron@livetransparent.agency
eric.puro@kaapabiotech.com,cameron@livetransparent.org
erika@koicbd.com,cameron@livetransparent.com
erin@exhalewell.com,cameron@livetransparent.co
federico.troiani@moonjuice.com,cameron@livetransparent.agency
francesca@cymbiotika.com,cameron@livetransparent.org
gabe@plantpeople.co,cameron@livetransparent.com
ghost@everydaydose.com,cameron@livetransparent.co
gianna@everydaydose.com,cameron@livetransparent.agency
hannah@clevrblends.com,cameron@livetransparent.org
heather.emge@compasspathways.com,cameron@livetransparent.com
hsantos@doublewoodsupplements.com,cameron@livetransparent.co
jack@everydaydose.com,cameron@livetransparent.agency
james@magicmind.co,cameron@livetransparent.org
javier@cymbiotika.com,cameron@livetransparent.com
jeff@knownaturals.com,cameron@livetransparent.co
jeremy@cymbiotika.com,cameron@livetransparent.agency
jessica.justh@gmail.com,cameron@livetransparent.org
jessica@bulkwholesalemushrooms.com,cameron@livetransparent.com
jessica@dirteaworld.com,cameron@livetransparent.co
jessica@mothermade.co.nz,cameron@livetransparent.agency
jkeyes@lairdsuperfood.com,cameron@livetransparent.org
jody@wground.co,cameron@livetransparent.com
joe@magicmind.com,cameron@livetransparent.co
jon@northspore.com,cameron@livetransparent.agency
jordanl@everydaydose.com,cameron@livetransparent.org
jov@gaiaherbs.com,cameron@livetransparent.com
judy.h@fungi.com,cameron@livetransparent.co
katherine.egan@compasspathways.com,cameron@livetransparent.agency
kbliffert@gaiaherbs.com,cameron@livetransparent.org
keith.knapp@onnit.com,cameron@livetransparent.com
kelsey@ommushrooms.com,cameron@livetransparent.co
kevin.k@fungi.com,cameron@livetransparent.agency
kevin.pierce@mudwtr.com,cameron@livetransparent.org
kristine@cymbiotika.com,cameron@livetransparent.com
lindsay@alicemushrooms.com,cameron@livetransparent.co
malia@ommushrooms.com,cameron@livetransparent.agency
malinda@koicbd.com,cameron@livetransparent.org
markus@foursigmatic.com,cameron@livetransparent.com
mart@foodsporen.com,cameron@livetransparent.co
matt@northspore.com,cameron@livetransparent.agency
mervi@kaapabiotech.com,cameron@livetransparent.org
michael@nootropicsdepot.com,cameron@livetransparent.com
michelle.lin@moonjuice.com,cameron@livetransparent.co
miranda.h@fungi.com,cameron@livetransparent.agency
neil@beckleyretreats.com,cameron@livetransparent.org
nick@knownaturals.com,cameron@livetransparent.com
nicole.carfagnini@compasspathways.com,cameron@livetransparent.co
nirmal.nair@semperaorganics.com,cameron@livetransparent.agency
paola@frenchmush.com,cameron@livetransparent.org
rachael.coan@organixx.com,cameron@livetransparent.com
raphaelle@frenchmush.com,cameron@livetransparent.co
rob@magicmind.com,cameron@livetransparent.agency
roger@clevrblends.com,cameron@livetransparent.org
sammy@everydaydose.com,cameron@livetransparent.com
sandra@ommushrooms.com,cameron@livetransparent.co
sarah@alicemushrooms.com,cameron@livetransparent.agency
sarah@foursigmatic.com,cameron@livetransparent.org
sarah@grassandco.com,cameron@livetransparent.com
scott.frohman@odysseyelixir.com,cameron@livetransparent.co
seppo.riikonen@kaapabiotech.com,cameron@livetransparent.agency
shahab@cymbiotika.com,cameron@livetransparent.org
shane@mudwtr.com,cameron@livetransparent.com
shawn@theshroomworks.com,cameron@livetransparent.co
shermanjill@yahoo.com,cameron@livetransparent.agency
shez@londonnootropics.com,cameron@livetransparent.org
simon@dirteaworld.com,cameron@livetransparent.com
skye@nammex.com,cameron@livetransparent.co
taylor@alohamedicinals.com,cameron@livetransparent.agency
tori.wixson@organixx.com,cameron@livetransparent.org
travis@drinkbrez.com,cameron@livetransparent.com
vicky@cymbiotika.com,cameron@livetransparent.co
virginia@meltingforest.com,cameron@livetransparent.agency
will@mycosymbiotics.com,cameron@livetransparent.org
william@magicmind.com,cameron@livetransparent.com
zain@londonnootropics.com,cameron@livetransparent.co
zmcadam@lairdsuperfood.com,cameron@livetransparent.agency
