First Name,Last Name,Email,Title,Company Name,Corporate Phone,Apollo Person LinkedIn URL,Website,State,Country,Vertical,Source,Apollo Company LinkedIn URL,Apollo Facebook URL,Apollo Twitter URL,Enrich Phone via Apollo
Brianna,Sheck,brianna.sheck@organixx.com,"Marketing Content, Promotion, and Project Manager",Organixx,+1 877-750-6455,http://www.linkedin.com/in/creativearsenal,https://organixx.com,Nevada,United States,Mushroom,Apollo,http://www.linkedin.com/company/organixx,,,Yes
Rob,Webb,rob@magicmind.com,CMO,Magic Mind,+1 213-568-6315,http://www.linkedin.com/in/robwebb1,https://magicmind.com,California,United States,Mushroom,Apollo,http://www.linkedin.com/company/magic-mind-1,,,Yes
Taylor,Bradbury,taylor@alohamedicinals.com,Director of Marketing and OpEx,Aloha Medicinals,+1 775-886-6300,http://www.linkedin.com/in/taylor-bradbury3,https://alohamedicinals.com,Oregon,United States,Mushroom,Apollo,http://www.linkedin.com/company/aloha-medicinals,https://www.facebook.com/AmericanBotanicals,https://twitter.com/alohamedicinals,Yes
Jessica,Clarke,jessica@mothermade.co.nz,Co-Founder,Mother Made Ltd,,http://www.linkedin.com/in/jessica-clarke-b5699a84,https://mothermade.uk,Auckland,New Zealand,Mushroom,Apollo,http://www.linkedin.com/company/mother-made-ltd,,,Yes
Gianna,Caro,gianna@everydaydose.com,"Vice President, Product and Retail Marketing",Everyday Dose,+1 708-567-5225,http://www.linkedin.com/in/giannadecaro,https://everydaydose.com,California,United States,Mushroom,Apollo,http://www.linkedin.com/company/everydaydose,,,Yes
Joe,Lam,joe@magicmind.com,Product Marketing,Magic Mind,+1 213-568-6315,http://www.linkedin.com/in/lamjoseph,https://magicmind.com,California,United States,Mushroom,Apollo,http://www.linkedin.com/company/magic-mind-1,,,Yes
Katherine,Egan,katherine.egan@compasspathways.com,Marketing,Compass Pathways,+1 646-905-3974,http://www.linkedin.com/in/katherine-egan-0363b815b,https://compasspathways.com,New York,United States,Mushroom,Apollo,http://www.linkedin.com/company/compass-pathways,,https://twitter.com/CompassPathway,Yes
Matthew,McInnis,matt@northspore.com,Co-founder,North Spore,+1 207-352-0264,http://www.linkedin.com/in/matthew-mcinnis-98b42a23,https://northspore.com,Maine,United States,Mushroom,Apollo,http://www.linkedin.com/company/northspore,https://facebook.com/northspore,,Yes
Raphaelle,Vercier,raphaelle@frenchmush.com,Chargée Marketing Italie,French Mush,,http://www.linkedin.com/in/rapha%c3%ablle-vercier-271379257,https://frenchmush.com,Ile-de-France,France,Mushroom,Apollo,http://www.linkedin.com/company/french-mush,https://www.Facebook.com/FrenchMush,,Yes
Jody,Hall,jody@wground.co,Founder & CEO,Wunderground,,http://www.linkedin.com/in/jody-hall-b380666,https://wundergroundcoffee.com,Washington,United States,Mushroom,Apollo,http://www.linkedin.com/company/wunderground-coffee,,,Yes
Nicole,Carfagnini,nicole.carfagnini@compasspathways.com,"Director, Payer Marketing",Compass Pathways,+1 646-905-3974,http://www.linkedin.com/in/nicolecarfagnini,https://compasspathways.com,Illinois,United States,Mushroom,Apollo,http://www.linkedin.com/company/compass-pathways,,https://twitter.com/CompassPathway,Yes
Amrata,Aurora,amrata@cymbiotika.com,"Sr. Director, Data Analytics - Digital Marketing",Cymbiotika,+1 855-983-8888,http://www.linkedin.com/in/amrata-aurora-ms-mba-01b076a8,https://cymbiotika.com,California,United States,Mushroom,Apollo,http://www.linkedin.com/company/cymbiotika,https://www.facebook.com/Cymbiotika/,https://twitter.com/realcymbiotika,Yes
Kevin,Kohn,kevin.k@fungi.com,Digital Marketing Specialist,Fungi Perfecti LLC,+1 360-426-9292,http://www.linkedin.com/in/kevin-kohn-1589545b,https://fungi.com,Washington,United States,Mushroom,Apollo,http://www.linkedin.com/company/fungi-perfecti-llc,http://www.facebook.com/FungiPerfecti,,Yes
Carolyn,Graves,carolyn.graves@gaiaherbs.com,"Marketing Manager, Generalist",Gaia Herbs,+1 828-884-4242,http://www.linkedin.com/in/carolyn-graves,https://gaiaherbs.com,South Carolina,United States,Mushroom,Apollo,http://www.linkedin.com/company/gaia-herbs,https://www.facebook.com/GaiaHerbs/,https://twitter.com/GaiaHerbs,Yes
Shane,Heath,shane@mudwtr.com,Founder & CEO,MUD\WTR,,http://www.linkedin.com/in/shane-heath,https://mudwtr.com,California,United States,Mushroom,Apollo,http://www.linkedin.com/company/mudwtr,,https://twitter.com/drinkmudwtr,Yes
Jordan,Leberman,jordanl@everydaydose.com,Growth Marketing Manager,Everyday Dose,+1 708-567-5225,http://www.linkedin.com/in/jordan-leberman,https://everydaydose.com,California,United States,Mushroom,Apollo,http://www.linkedin.com/company/everydaydose,,,Yes
Shahab,Elmi,shahab@cymbiotika.com,Founder and CEO,Cymbiotika,+1 855-983-8888,http://www.linkedin.com/in/shahabelmi-cymbiotikafounder,https://cymbiotika.com,California,United States,Mushroom,Apollo,http://www.linkedin.com/company/cymbiotika,https://www.facebook.com/Cymbiotika/,https://twitter.com/realcymbiotika,Yes
Arianna,Marchese,arianna@frenchmush.com,Assistant Marketing Digital & Influence,French Mush,,http://www.linkedin.com/in/ariannamarchese,https://frenchmush.com,Ile-de-France,France,Mushroom,Apollo,http://www.linkedin.com/company/french-mush,https://www.Facebook.com/FrenchMush,,Yes
Jessica,Escarcega,jessica@bulkwholesalemushrooms.com,Founder,Bulk Wholesale Mushrooms,+1 619-875-6959,http://www.linkedin.com/in/jessica-escarcega-465110396,https://bulkwholesalemushrooms.com,California,United States,Mushroom,Apollo,http://www.linkedin.com/company/bulk-wholesale-mushroom,,,Yes
Miranda,Holmes,miranda.h@fungi.com,"Project Manager, Marketing",Fungi Perfecti LLC,+1 360-426-9292,http://www.linkedin.com/in/miranda-holmes-pmp-2a4a0873,https://fungi.com,Washington,United States,Mushroom,Apollo,http://www.linkedin.com/company/fungi-perfecti-llc,http://www.facebook.com/FungiPerfecti,,Yes
Mart,Stoffele,mart@foodsporen.com,Founder & Productdeveloper,Foodsporen,,http://www.linkedin.com/in/mart-stoffele-059b4466,https://foodsporen.com,North Brabant,Netherlands,Mushroom,Apollo,http://www.linkedin.com/company/foodsporen,https://www.facebook.com/foodsporen,,Yes
Kevin,Pierce,kevin.pierce@mudwtr.com,Growth Marketing Manager,MUD\WTR,,http://www.linkedin.com/in/kevinpierce93,https://mudwtr.com,Tennessee,United States,Mushroom,Apollo,http://www.linkedin.com/company/mudwtr,,https://twitter.com/drinkmudwtr,Yes
Aaron,Schain,aschain@nootropicsdepot.com,Digital Marketing Specialist,Nootropics Depot,+1 480-779-0257,http://www.linkedin.com/in/schainco,https://nootropicsdepot.com,Arizona,United States,Mushroom,Apollo,http://www.linkedin.com/company/nootropics-depot,https://www.facebook.com/Nootropics-Depot-1016387141746806,https://twitter.com/NootropicsDepot,Yes
Amy,Sagar,amy@clevrblends.com,Head of Marketing,Clevr Blends,+1 805-448-6905,http://www.linkedin.com/in/amy-sagar,https://clevrblends.com,New York,United States,Mushroom,Apollo,http://www.linkedin.com/company/clevr-blends,https://facebook.com/clevrblends/,https://twitter.com/clevr_blends,Yes
Jeremy,Payne,jeremy@cymbiotika.com,Director of Lifecycle Marketing,Cymbiotika,+1 855-983-8888,http://www.linkedin.com/in/jeremyrene,https://cymbiotika.com,California,United States,Mushroom,Apollo,http://www.linkedin.com/company/cymbiotika,https://www.facebook.com/Cymbiotika/,https://twitter.com/realcymbiotika,Yes
James,Beshara,james@magicmind.co,Founder & Executive Chairman,Magic Mind,+1 213-568-6315,http://www.linkedin.com/in/jjbeshara,https://magicmind.com,California,United States,Mushroom,Apollo,http://www.linkedin.com/company/magic-mind-1,,,Yes
Kelsey,O'Brien,kelsey@ommushrooms.com,Director of Brand Marketing & Innovation,Om Mushroom Superfood,+1 888-278-2509,http://www.linkedin.com/in/kelsey-o-brien-b5239872,https://ommushrooms.com,Illinois,United States,Mushroom,Apollo,http://www.linkedin.com/company/ommushroom,https://facebook.com/ommushrooms,https://twitter.com/ommushrooms,Yes
Virginia,Provencio,virginia@meltingforest.com,Founder and CFO,Melting Forest,+1 800-475-2304,http://www.linkedin.com/in/virginia-provencio,https://meltingforest.com,California,United States,Mushroom,Apollo,http://www.linkedin.com/company/meltingforest,https://www.facebook.com/meltingforestdrinks,,Yes
Alyssa,Lisle,alyssa@wundergroundcoffee.com,Founding Member,Wunderground,,http://www.linkedin.com/in/alyssa-lisle,https://wundergroundcoffee.com,Washington,United States,Mushroom,Apollo,http://www.linkedin.com/company/wunderground-coffee,,,Yes
Kyle,Bliffert,kbliffert@gaiaherbs.com,President and CEO,Gaia Herbs,+1 828-884-4242,http://www.linkedin.com/in/kylebliffert,https://gaiaherbs.com,North Carolina,United States,Mushroom,Apollo,http://www.linkedin.com/company/gaia-herbs,https://www.facebook.com/GaiaHerbs/,https://twitter.com/GaiaHerbs,Yes
Antoine,Alibert,antoine@frenchmush.com,CEO,French Mush,,http://www.linkedin.com/in/antoine-alibert-32a2a5103,https://frenchmush.com,,France,Mushroom,Apollo,http://www.linkedin.com/company/french-mush,https://www.Facebook.com/FrenchMush,,Yes
Judy,Hoysak,judy.h@fungi.com,Director of Marketing,Fungi Perfecti LLC,+1 360-426-9292,http://www.linkedin.com/in/jhoysak,https://fungi.com,Washington,United States,Mushroom,Apollo,http://www.linkedin.com/company/fungi-perfecti-llc,http://www.facebook.com/FungiPerfecti,,Yes
Elise,S,elise@whennaturecalls.nl,eCommerce & Marketing Strategist,When Nature Calls,+31 20 330 0700,http://www.linkedin.com/in/elisekcs,https://whennaturecalls.nl,Noord-Holland,Netherlands,Mushroom,Apollo,http://www.linkedin.com/company/whennaturecalls,,,Yes
Amanda,Banhara,amanda.banhara@kaapabiotech.com,Marketing Manager,KÄÄPÄ Biotech,+358 45 1680982,http://www.linkedin.com/in/amandabanhara,https://kaapabiotech.com,Stockholm County,Sweden,Mushroom,Apollo,http://www.linkedin.com/company/k%c3%a4%c3%a4p%c3%a4-biotech,,,Yes
Dariana,Ortega,erika@koicbd.com,Marketing & Social Media Cordinator,Koi CBD,+1 877-774-4779,http://www.linkedin.com/in/dariana-ortega-961301251,https://koicbd.com,California,United States,Mushroom,Apollo,http://www.linkedin.com/company/koi-cbd,https://www.facebook.com/KOICBD,https://twitter.com/koicbd,Yes
Andy,Judd,ajudd@lairdsuperfood.com,Chief Marketing Officer,Laird Superfood,+1 888-670-6796,http://www.linkedin.com/in/andy-judd,https://lairdsuperfood.com,Tennessee,United States,Mushroom,Apollo,http://www.linkedin.com/company/laird-superfood,https://facebook.com/lairdsuperfood,https://twitter.com/lairdsuperfood,Yes
Gabe,Kennedy,gabe@plantpeople.co,Co-Founder & Board Member,Plant People,+1 855-422-0990,http://www.linkedin.com/in/gabe-kennedy-31898830,https://plantpeople.co,Colorado,United States,Mushroom,Apollo,http://www.linkedin.com/company/plant-people,https://www.facebook.com/plantpeoples/,https://twitter.com/plantpeople,Yes
Paola,Carbonnel,paola@frenchmush.com,Responsable Marketing E-commerce,French Mush,,http://www.linkedin.com/in/paola-carbonnel-39b9934b,https://frenchmush.com,Pays de la Loire,France,Mushroom,Apollo,http://www.linkedin.com/company/french-mush,https://www.Facebook.com/FrenchMush,,Yes
Markus,Karjalainen,markus@foursigmatic.com,Growth & Retention Marketing,Four Sigmatic,+1 424-330-0000,http://www.linkedin.com/in/karjalainenmarkus,https://foursigmatic.com,New York,United States,Mushroom,Apollo,http://www.linkedin.com/company/foursigmatic,https://facebook.com/foursigmatic,https://twitter.com/foursigmatic,Yes
Seppo,Riikonen,seppo.riikonen@kaapabiotech.com,"Co-Founder, Board Member, Quality Management Advisor",KÄÄPÄ Biotech,+358 45 1680982,http://www.linkedin.com/in/seppo-riikonen-a222991,https://kaapabiotech.com,Uusimaa,Finland,Mushroom,Apollo,http://www.linkedin.com/company/k%c3%a4%c3%a4p%c3%a4-biotech,,,Yes
Charlotte,Cruze,charlotte@alicemushrooms.com,Co-Founder,Alice Mushrooms,+1 859-537-0802,http://www.linkedin.com/in/charlotte-cruze-322095292,https://alicemushrooms.com,New York,United States,Mushroom,Apollo,http://www.linkedin.com/company/alice-mushrooms,,,Yes
Hannah,Mendoza,hannah@clevrblends.com,Co-Founder & CEO,Clevr Blends,+1 805-448-6905,http://www.linkedin.com/in/mendozahannah,https://clevrblends.com,California,United States,Mushroom,Apollo,http://www.linkedin.com/company/clevr-blends,https://facebook.com/clevrblends/,https://twitter.com/clevr_blends,Yes
Sammy,Pereira,sammy@everydaydose.com,Influencer Marketing Coordinator,Everyday Dose,+1 708-567-5225,http://www.linkedin.com/in/sammy-pereira-35a084291,https://everydaydose.com,Texas,United States,Mushroom,Apollo,http://www.linkedin.com/company/everydaydose,,,Yes
Alexandre,Rousseau-Perez,alexandre@mushngo.com,CEO,MushNGo,,http://www.linkedin.com/in/alexandre-rousseau-perez,https://mushngo.com,Dubai,United Arab Emirates,Mushroom,Apollo,http://www.linkedin.com/company/mushngo,,,Yes
Douglas,Gordon,douglas@naturalmystic.life,CEO Marley One (Natural Mystic Wellness),Marley One,+1 866-275-3901,http://www.linkedin.com/in/douglaskgordon,https://marleyonewellness.com,New York,United States,Mushroom,Apollo,http://www.linkedin.com/company/marleyonewellness,,,Yes
Jon,Carver,jon@northspore.com,Co-Founder | Head Mycologsit,North Spore,+1 207-352-0264,http://www.linkedin.com/in/jon-carver-5a3873180,https://northspore.com,Maine,United States,Mushroom,Apollo,http://www.linkedin.com/company/northspore,https://facebook.com/northspore,,Yes
Jack,Savage,jack@everydaydose.com,Founder & CEO,Everyday Dose,+1 708-567-5225,http://www.linkedin.com/in/jack-e-savage,https://everydaydose.com,Texas,United States,Mushroom,Apollo,http://www.linkedin.com/company/everydaydose,,,Yes
Jessica,Justh,jessica.justh@gmail.com,Director of Marketing,Double Wood Supplements,+1 570-437-0203,http://www.linkedin.com/in/jessicajusth,https://doublewoodsupplements.com,Pennsylvania,United States,Mushroom,Apollo,http://www.linkedin.com/company/double-wood-supplements,https://www.facebook.com/doublewoodsupplements,https://twitter.com/SupplementsDW,Yes
Neil,Markey,neil@beckleyretreats.com,Co-Founder and CEO,Beckley Retreats,+1 240-285-1009,http://www.linkedin.com/in/neilpmarkey,https://beckleyretreats.com,Massachusetts,United States,Mushroom,Apollo,http://www.linkedin.com/company/beckley-retreats,https://www.facebook.com/beckleyretreats/,https://twitter.com/beckleyretreats,Yes
Sandra,Carter,sandra@ommushrooms.com,Founder,Om Mushroom Superfood,+1 888-278-2509,http://www.linkedin.com/in/sandra-carter-3b6b3241,https://ommushrooms.com,,United States,Mushroom,Apollo,http://www.linkedin.com/company/ommushroom,https://facebook.com/ommushrooms,https://twitter.com/ommushrooms,Yes
Mervi,Alavuotunki,mervi@kaapabiotech.com,Marketing Specialist,KÄÄPÄ Biotech,+358 45 1680982,http://www.linkedin.com/in/mervi-alavuotunki-4099961b7,https://kaapabiotech.com,,Finland,Mushroom,Apollo,http://www.linkedin.com/company/k%c3%a4%c3%a4p%c3%a4-biotech,,,Yes
Skye,Chilton,skye@nammex.com,Chief Executive Officer,Nammex: Organic Mushroom Extracts,+1 604-886-7799,http://www.linkedin.com/in/skyechilton,https://nammex.com,British Columbia,Canada,Mushroom,Apollo,http://www.linkedin.com/company/nammex-organic-mushroom-extracts,,https://twitter.com/nammex,Yes
Jeff,Beverly,jeff@knownaturals.com,Co-Founder and Managing Partner,Slightly Elevated,+1 419-777-1397,http://www.linkedin.com/in/jeffbeverly,https://liveslightlyelevated.com,Colorado,United States,Mushroom,Apollo,http://www.linkedin.com/company/slightly-elevated,https://www.facebook.com/LiveSlightlyElevated/,,Yes
Sarah,Hamilton,sarah@foursigmatic.com,Brand Marketing Professional,Four Sigmatic,+1 424-330-0000,http://www.linkedin.com/in/sarahjhamilton,https://foursigmatic.com,Colorado,United States,Mushroom,Apollo,http://www.linkedin.com/company/foursigmatic,https://facebook.com/foursigmatic,https://twitter.com/foursigmatic,Yes
Benjamin,Chesler,ben.chesler@northspore.com,Chief Executive Officer,North Spore,+1 207-352-0264,http://www.linkedin.com/in/benchesler,https://northspore.com,Maine,United States,Mushroom,Apollo,http://www.linkedin.com/company/northspore,https://facebook.com/northspore,,Yes
Jessica,Salmanpour,jessica@dirteaworld.com,CEO Dirtea,DIRTEA,+44 793993,http://www.linkedin.com/in/jessica-salmanpour-537640216,https://dirteaworld.com,,United Kingdom,Mushroom,Apollo,http://www.linkedin.com/company/dirtea,https://www.facebook.com/dirteaworld/,https://twitter.com/dirteaworld?lang=en,Yes
Simon,Salter,simon@dirteaworld.com,Founder,DIRTEA,+44 793993,http://www.linkedin.com/in/simonbsalter,https://dirteaworld.com,England,United Kingdom,Mushroom,Apollo,http://www.linkedin.com/company/dirtea,https://www.facebook.com/dirteaworld/,https://twitter.com/dirteaworld?lang=en,Yes
Aymane,Es-Satte,aymane@frenchmush.com,Responsable E-commerce & Growth Marketing,French Mush,,http://www.linkedin.com/in/aymanessatte,https://frenchmush.com,Ile-de-France,France,Mushroom,Apollo,http://www.linkedin.com/company/french-mush,https://www.Facebook.com/FrenchMush,,Yes
Chervin,Jafarieh,chervin@cymbiotika.com,Founder of Cymbiotika,Cymbiotika,+1 855-983-8888,http://www.linkedin.com/in/chervin-jafarieh-907807205,https://cymbiotika.com,California,United States,Mushroom,Apollo,http://www.linkedin.com/company/cymbiotika,https://www.facebook.com/Cymbiotika/,https://twitter.com/realcymbiotika,Yes
Jill,Sherman,shermanjill@yahoo.com,Head of Marketing & E-Commerce,North Spore,+1 207-854-3500,http://www.linkedin.com/in/jillcsherman,https://northspore.com,Maine,United States,Mushroom,Apollo,http://www.linkedin.com/company/northspore,https://facebook.com/northspore,,Yes
Francesca,Carbone,francesca@cymbiotika.com,Marketing Project Manager,Cymbiotika,+1 855-983-8888,http://www.linkedin.com/in/francesca-carbone-290514260,https://cymbiotika.com,California,United States,Mushroom,Apollo,http://www.linkedin.com/company/cymbiotika,https://www.facebook.com/Cymbiotika/,https://twitter.com/realcymbiotika,Yes
Eric,Puro,eric.puro@kaapabiotech.com,CEO,KÄÄPÄ Biotech,+358 45 1680982,http://www.linkedin.com/in/eric-puro-448948183,https://kaapabiotech.com,,Finland,Mushroom,Apollo,http://www.linkedin.com/company/k%c3%a4%c3%a4p%c3%a4-biotech,,,Yes
Fabio,Pereira,ghost@everydaydose.com,Founder,Everyday Dose,+1 708-567-5225,http://www.linkedin.com/in/fabio-pereira-397877181,https://everydaydose.com,Texas,United States,Mushroom,Apollo,http://www.linkedin.com/company/everydaydose,,,Yes
Helia,Santos,hsantos@doublewoodsupplements.com,Chief Executive Officer,Double Wood Supplements,+1 570-437-0203,http://www.linkedin.com/in/helia-santos-236a157,https://doublewoodsupplements.com,New Jersey,United States,Mushroom,Apollo,http://www.linkedin.com/company/double-wood-supplements,https://www.facebook.com/doublewoodsupplements,https://twitter.com/SupplementsDW,Yes
Amanda,Bacon,amanda@moonjuice.com,Founder of Moon Juice,Moon Juice,+1 310-399-2929,http://www.linkedin.com/in/amanda-bacon-b46192100,https://moonjuice.com,California,United States,Mushroom,Apollo,http://www.linkedin.com/company/moon-juice,https://www.facebook.com/moonjuice,,Yes
Andrew,Salter,andrew@dirteaworld.com,Founder & CMO,DIRTEA,+44 793993,http://www.linkedin.com/in/andrewsalter,https://dirteaworld.com,England,United Kingdom,Mushroom,Apollo,http://www.linkedin.com/company/dirtea,https://www.facebook.com/dirteaworld/,https://twitter.com/dirteaworld?lang=en,Yes
Erin,Zadoorian,erin@exhalewell.com,Chief Executive Officer,Exhale Wellness,+1 323-448-3810,http://www.linkedin.com/in/erin-zadoorian-95282419b,https://exhalewell.com,California,United States,Mushroom,Apollo,http://www.linkedin.com/company/exhale-wellness-official,,,Yes
Nirmal,Nair,nirmal.nair@semperaorganics.com,Founder & CEO,Sempera Organics Inc.,+1 408-752-4139,http://www.linkedin.com/in/nirmalnair1,https://semperaorganics.com,California,United States,Mushroom,Apollo,http://www.linkedin.com/company/sempera-organics,https://www.facebook.com/semperaorganics,https://twitter.com/semperaorganics,Yes
Shawn,Dunn,shawn@theshroomworks.com,Owner/ Founder,shroomworks,+1 818-489-7085,http://www.linkedin.com/in/shawn-dunn-%f0%9f%8d%84-b88713105,https://theshroomworks.com,California,United States,Mushroom,Apollo,http://www.linkedin.com/company/shroomworks,,,Yes
Keith,Knapp,keith.knapp@onnit.com,"Director, Marketing Operations",ONNIT,+1 855-666-4899,http://www.linkedin.com/in/keithknapp,https://onnit.com,Ohio,United States,Mushroom,Apollo,http://www.linkedin.com/company/onnit-labs,https://facebook.com/Onnit,https://twitter.com/onnit,Yes
Malia,Botello,malia@ommushrooms.com,"Marketing Associate, OM Mushrooms",Om Mushroom Superfood,+1 888-278-2509,http://www.linkedin.com/in/malia-botello-,https://ommushrooms.com,California,United States,Mushroom,Apollo,http://www.linkedin.com/company/ommushroom,https://facebook.com/ommushrooms,https://twitter.com/ommushrooms,Yes
Javier,Hernandez,javier@cymbiotika.com,VP Marketing,Cymbiotika,+1 855-983-8888,http://www.linkedin.com/in/javier-hernandez-1676a2a,https://cymbiotika.com,California,United States,Mushroom,Apollo,http://www.linkedin.com/company/cymbiotika,https://www.facebook.com/Cymbiotika/,https://twitter.com/realcymbiotika,Yes
Egan,Pratt,egan.pratt@compasspathways.com,"Director, Site of Care Marketing",Compass Pathways,+1 646-905-3974,http://www.linkedin.com/in/egan-s-pratt-8173997,https://compasspathways.com,Maryland,United States,Mushroom,Apollo,http://www.linkedin.com/company/compass-pathways,,https://twitter.com/CompassPathway,Yes
Jesse,Vest,jov@gaiaherbs.com,Marketing Operations Lead,Gaia Herbs,+1 828-884-4242,http://www.linkedin.com/in/jesse-oates-vest-77096526,https://gaiaherbs.com,North Carolina,United States,Mushroom,Apollo,http://www.linkedin.com/company/gaia-herbs,https://www.facebook.com/GaiaHerbs/,https://twitter.com/GaiaHerbs,Yes
Andrew,Tseng,andrew.tseng@grapeking.com.tw,Chief Executive Officer,Grape King Bio,+886 8 0002 8686,http://www.linkedin.com/in/andrew-tseng-369ab54,https://grapeking.com.tw,,Taiwan,Mushroom,Apollo,http://www.linkedin.com/company/grape-king-bio,https://www.facebook.com/grapekingbio/,,Yes
Kristine,Guanzon,kristine@cymbiotika.com,Retail Marketing Manager,Cymbiotika,+1 855-983-8888,http://www.linkedin.com/in/kristine-guanzon,https://cymbiotika.com,,United States,Mushroom,Apollo,http://www.linkedin.com/company/cymbiotika,https://www.facebook.com/Cymbiotika/,https://twitter.com/realcymbiotika,Yes
Zach,McAdam,zmcadam@lairdsuperfood.com,Director of Marketing,Laird Superfood,+1 888-670-6796,http://www.linkedin.com/in/zachmcadam,https://lairdsuperfood.com,Texas,United States,Mushroom,Apollo,http://www.linkedin.com/company/laird-superfood,https://facebook.com/lairdsuperfood,https://twitter.com/lairdsuperfood,Yes
Antonia,Antonio,antonia@mothermade.co.nz,Marketing Manager,Mother Made Ltd,,http://www.linkedin.com/in/antonia-antonio,https://mothermade.uk,,United Kingdom,Mushroom,Apollo,http://www.linkedin.com/company/mother-made-ltd,,,Yes
Federico,Troiani,federico.troiani@moonjuice.com,Chief Executive Officer,Moon Juice,+1 310-399-2929,http://www.linkedin.com/in/federico-troiani-mba,https://moonjuice.com,California,United States,Mushroom,Apollo,http://www.linkedin.com/company/moon-juice,https://www.facebook.com/moonjuice,,Yes
Vicky,Evans,vicky@cymbiotika.com,Affiliate & Influencer Marketing Senior Specialist,Cymbiotika,+1 855-983-8888,http://www.linkedin.com/in/vicky-evans-baaa21161,https://cymbiotika.com,California,United States,Mushroom,Apollo,http://www.linkedin.com/company/cymbiotika,https://www.facebook.com/Cymbiotika/,https://twitter.com/realcymbiotika,Yes
Nick,Zavakos,nick@knownaturals.com,Co-Founder and Managing Partner,Slightly Elevated,+1 419-777-1397,http://www.linkedin.com/in/nick-zavakos-3b8824264,https://liveslightlyelevated.com,South Carolina,United States,Mushroom,Apollo,http://www.linkedin.com/company/slightly-elevated,https://www.facebook.com/LiveSlightlyElevated/,,Yes
Drew,Neillie,drew.neillie@onnit.com,Marketing + Brand Partnerships Manager,ONNIT,+1 855-666-4899,http://www.linkedin.com/in/drewneillie,https://onnit.com,Texas,United States,Mushroom,Apollo,http://www.linkedin.com/company/onnit-labs,https://facebook.com/Onnit,https://twitter.com/onnit,Yes
Tori,Wixson,tori.wixson@organixx.com,Social Media Marketing Specialist,Organixx,+1 877-750-6455,http://www.linkedin.com/in/tori-wixson,https://organixx.com,Oregon,United States,Mushroom,Apollo,http://www.linkedin.com/company/organixx,,,Yes
Rachael,Coan,rachael.coan@organixx.com,Marketing and Project Manager,Organixx,+1 877-750-6455,http://www.linkedin.com/in/rachael-coan-01b331b,https://organixx.com,Ohio,United States,Mushroom,Apollo,http://www.linkedin.com/company/organixx,,,Yes
Brian,Friedman,brian@supermush.com,"Chief Operating Officer, Chief Product Officer and Co-Founder",SuperMush,,http://www.linkedin.com/in/brianmfriedman,https://supermush.com,California,United States,Mushroom,Apollo,http://www.linkedin.com/company/supermush1,,,Yes
Lindsay,Goodstein,lindsay@alicemushrooms.com,Founder & CEO,Alice Mushrooms,+1 859-537-0802,http://www.linkedin.com/in/lindsay-goodstein-a1266054,https://alicemushrooms.com,California,United States,Mushroom,Apollo,http://www.linkedin.com/company/alice-mushrooms,,,Yes
Caitie,Hathaway,caitie@cymbiotika.com,Digital Marketing,Cymbiotika,+1 855-983-8888,http://www.linkedin.com/in/caitie-hathaway-62b652226,https://cymbiotika.com,California,United States,Mushroom,Apollo,http://www.linkedin.com/company/cymbiotika,https://www.facebook.com/Cymbiotika/,https://twitter.com/realcymbiotika,Yes
Colette,Asmussen,colette.asmussen@compasspathways.com,"Director, HCP Marketing",Compass Pathways,+1 646-905-3974,http://www.linkedin.com/in/colette-asmussen-89336721,https://compasspathways.com,Pennsylvania,United States,Mushroom,Apollo,http://www.linkedin.com/company/compass-pathways,,https://twitter.com/CompassPathway,Yes
Sarah,Tweed,sarah@alicemushrooms.com,Vice President Marketing,Alice Mushrooms,+1 859-537-0802,http://www.linkedin.com/in/sarah-christie-tweed-31497162,https://alicemushrooms.com,Colorado,United States,Mushroom,Apollo,http://www.linkedin.com/company/alice-mushrooms,,,Yes
William,Padilla-Brown,will@mycosymbiotics.com,"Founder, CEO, and Chief Scientist",MycoSymbiotics,,http://www.linkedin.com/in/william-padilla-brown-b6803956,https://mycosymbiotics.com,Pennsylvania,United States,Mushroom,Apollo,http://www.linkedin.com/company/mycosymbiotics,,,Yes
David,Randall,david@spacegoods.com,CEO,Spacegoods,+44 20 3808 4218,http://www.linkedin.com/in/davidrandall1,https://spacegoods.com,England,United Kingdom,Mushroom,Apollo,http://www.linkedin.com/company/spacegoods,,,Yes
Brenda,Gomez,brenda@koicbd.com,Director of Marketing,Koi CBD,+1 877-774-4779,http://www.linkedin.com/in/brenda-gomez-05140224b,https://koicbd.com,California,United States,Mushroom,Apollo,http://www.linkedin.com/company/koi-cbd,https://www.facebook.com/KOICBD,https://twitter.com/koicbd,Yes
Michelle,Dulake,drdulake@ferapets.com,Co-Founder,Fera Pets,+1 626-656-3372,http://www.linkedin.com/in/michelle-dulake-117abb43,https://ferapets.com,California,United States,Mushroom,Apollo,http://www.linkedin.com/company/fera-pets,https://facebook.com/ferapetorganics,https://twitter.com/ferapetorganics,Yes
Michelle,Lin,michelle.lin@moonjuice.com,Marketing Director,Moon Juice,+1 310-399-2929,http://www.linkedin.com/in/michelle-lin-7964303,https://moonjuice.com,California,United States,Mushroom,Apollo,http://www.linkedin.com/company/moon-juice,https://www.facebook.com/moonjuice,,Yes
Jessica,Keyes,jkeyes@lairdsuperfood.com,Director of Brand Marketing,Laird Superfood,+1 888-670-6796,http://www.linkedin.com/in/jessicabuchenau,https://lairdsuperfood.com,Colorado,United States,Mushroom,Apollo,http://www.linkedin.com/company/laird-superfood,https://facebook.com/lairdsuperfood,https://twitter.com/lairdsuperfood,Yes
Alex,Dorr,alexdorr@mushroomrevival.com,"Founder, and CEO",Mushroom Revival Inc.,+1 203-676-5399,http://www.linkedin.com/in/mushroomrevival,https://mushroomrevival.com,Texas,United States,Mushroom,Apollo,http://www.linkedin.com/company/mushroomrevival,,,Yes
Colin,Geaghan,colin@aloha.com,Partnerships Marketing Manager,Four Sigmatic,+1 855-400-8584,http://www.linkedin.com/in/colingeaghan,https://foursigmatic.com,California,United States,Mushroom,Apollo,http://www.linkedin.com/company/foursigmatic,https://facebook.com/foursigmatic,https://twitter.com/foursigmatic,Yes
Audrey,Smolak,audrey@frenchmush.com,Co-Founder,French Mush,,http://www.linkedin.com/in/audrey-smolak-bbbaaa17,https://frenchmush.com,,France,Mushroom,Apollo,http://www.linkedin.com/company/french-mush,https://www.Facebook.com/FrenchMush,,Yes
William,Hicks,william@magicmind.com,Chief Executive Officer,Magic Mind,+1 213-568-6315,http://www.linkedin.com/in/william-cree-hicks,https://magicmind.com,Texas,United States,Mushroom,Apollo,http://www.linkedin.com/company/magic-mind-1,,,Yes
Scott,Frohman,scott.frohman@odysseyelixir.com,Founder & CEO,Odyssey Functional Energy,+1 954-960-4363,http://www.linkedin.com/in/scott-frohman-15125961,https://odysseyelixir.com,,United States,Mushroom,Apollo,http://www.linkedin.com/company/drinkodysseyenergy,https://www.facebook.com/odysseyelixir,https://twitter.com/odysseyelixir,Yes
Shez,Shaikh,shez@londonnootropics.com,Co-Founder,London Nootropics,+44 7875 249484,http://www.linkedin.com/in/shez-shaikh-478b804b,https://londonnootropics.com,England,United Kingdom,Mushroom,Apollo,http://www.linkedin.com/company/london-nootropics,https://www.facebook.com/london.nootropics,,Yes
Travis,Duncan,travis@drinkbrez.com,Chief Executive Officer,BRĒZ,+1 802-242-2739,http://www.linkedin.com/in/travisfreedom,https://drinkbrez.com,Florida,United States,Mushroom,Apollo,http://www.linkedin.com/company/drinkbrez,,,Yes
Alli,Schaper,alli@supermush.com,Co-Founder & CEO,SuperMush,,http://www.linkedin.com/in/allischaper,https://supermush.com,Texas,United States,Mushroom,Apollo,http://www.linkedin.com/company/supermush1,,,Yes
Roger,Coppola,roger@clevrblends.com,Co-Founder & COO,Clevr Blends,+1 805-448-6905,http://www.linkedin.com/in/roger-coppola-0393a251,https://clevrblends.com,California,United States,Mushroom,Apollo,http://www.linkedin.com/company/clevr-blends,https://facebook.com/clevrblends/,https://twitter.com/clevr_blends,Yes
Malinda,Ridenour,malinda@koicbd.com,Chief Financial Officer/Co-founder,Koi CBD,+1 877-774-4779,http://www.linkedin.com/in/malinda-ridenour-797876191,https://koicbd.com,California,United States,Mushroom,Apollo,http://www.linkedin.com/company/koi-cbd,https://www.facebook.com/KOICBD,https://twitter.com/koicbd,Yes
Daniella,Antolinez Rios,daniella@everydaydose.com,Executive Assistant to Chief Executive Officer,Everyday Dose,+1 708-567-5225,http://www.linkedin.com/in/daniella-antolinez,https://everydaydose.com,Valle del Cauca,Colombia,Mushroom,Apollo,http://www.linkedin.com/company/everydaydose,,,Yes
Zain,Peer,zain@londonnootropics.com,Co-Founder,London Nootropics,+44 7875 249484,http://www.linkedin.com/in/zainpeer,https://londonnootropics.com,England,United Kingdom,Mushroom,Apollo,http://www.linkedin.com/company/london-nootropics,https://www.facebook.com/london.nootropics,,Yes
Heather,Emge,heather.emge@compasspathways.com,Marketing Director - Medical Ed,Compass Pathways,+1 646-905-3974,http://www.linkedin.com/in/heather-emge-6b37475,https://compasspathways.com,Indiana,United States,Mushroom,Apollo,http://www.linkedin.com/company/compass-pathways,,https://twitter.com/CompassPathway,Yes
Michael,Packman,michael@nootropicsdepot.com,Marketing Operations Manager,Nootropics Depot,+1 480-779-0257,http://www.linkedin.com/in/michael-packman,https://nootropicsdepot.com,Arizona,United States,Mushroom,Apollo,http://www.linkedin.com/company/nootropics-depot,https://www.facebook.com/Nootropics-Depot-1016387141746806,https://twitter.com/NootropicsDepot,Yes
Aubrey,Wagner,aubrey@plantpeople.co,Marketing Coordinator,Plant People,+1 855-422-0990,http://www.linkedin.com/in/aubreywagner,https://plantpeople.co,Texas,United States,Mushroom,Apollo,http://www.linkedin.com/company/plant-people,https://www.facebook.com/plantpeoples/,https://twitter.com/plantpeople,Yes
Sarah,Fletcher,sarah@grassandco.com,Founding Team,Grass & Co.,+44 333 242 7332,http://www.linkedin.com/in/svfletcher,https://mushroomsandco.com,,United Kingdom,Mushroom,Apollo,http://www.linkedin.com/company/grass-and-co,https://facebook.com/GrassandCo1/,https://twitter.com/grassandco1,Yes
