Email,LinkedIn URL,Company Linkedin Url,Facebook Url,Twitter Url
cody.colly@anheuser-busch.com,http://www.linkedin.com/in/cody-colly-041ab835,http://www.linkedin.com/company/anheuser-busch,https://www.facebook.com/AnheuserBusch,https://twitter.com/AnheuserBusch
aducharme@newbelgium.com,http://www.linkedin.com/in/allison-ducharme-524a2425,http://www.linkedin.com/company/new-belgium-brewing-company,https://facebook.com/newbelgium,https://twitter.com/newbelgium
justin.demarco@anheuser-busch.com,http://www.linkedin.com/in/justinpdemarco,http://www.linkedin.com/company/anheuser-busch,https://www.facebook.com/AnheuserBusch,https://twitter.com/AnheuserBusch
cbard@yuenglingcompany.com,http://www.linkedin.com/in/cyndebard,http://www.linkedin.com/company/d-g-yuengling-&-son-inc,https://facebook.com/yuengling,https://twitter.com/Yuengling_Beer
rchaudhuri@mahou-sanmiguel.com,http://www.linkedin.com/in/ramitachaudhuri,http://www.linkedin.com/company/mahou-san-miguel,https://www.facebook.com/Ciclogreen-555591811189430/,https://twitter.com/ciclogreen
charrell@artbrewventures.com,http://www.linkedin.com/in/courtnie-harrell-ouellette-9221807,http://www.linkedin.com/company/artisanal-brewing-ventures,https://www.facebook.com/198733477387568,
jlauda@mahou-sanmiguel.com,http://www.linkedin.com/in/jacobo-lauda-45935392,http://www.linkedin.com/company/mahou-san-miguel,https://www.facebook.com/Ciclogreen-555591811189430/,https://twitter.com/ciclogreen
toni.ortiz@mahou-sanmiguel.com,http://www.linkedin.com/in/toniortiz,http://www.linkedin.com/company/mahou-san-miguel,https://www.facebook.com/Ciclogreen-555591811189430/,https://twitter.com/ciclogreen
t-brooke.silver@sierranevada.com,http://www.linkedin.com/in/brookesilverstein,http://www.linkedin.com/company/sierra-nevada-brewing-co-,https://www.facebook.com/sierranevadabeer,https://twitter.com/SierraNevada
jkrautkramer@newbelgium.com,http://www.linkedin.com/in/joe-krautkramer-581b4472,http://www.linkedin.com/company/new-belgium-brewing-company,https://facebook.com/newbelgium,https://twitter.com/newbelgium
lissette.cid@anheuser-busch.com,http://www.linkedin.com/in/lissette-cid,http://www.linkedin.com/company/anheuser-busch,https://www.facebook.com/AnheuserBusch,https://twitter.com/AnheuserBusch
ahassett@artbrewventures.com,http://www.linkedin.com/in/abbyhassett,http://www.linkedin.com/company/artisanal-brewing-ventures,https://www.facebook.com/198733477387568,
sara.carter@gooseisland.com,http://www.linkedin.com/in/sara-carter204,http://www.linkedin.com/company/goose-island-beer-company,https://facebook.com/GooseIslandGB/,https://twitter.com/gooseisland
cjimenezm@mahou-sanmiguel.com,http://www.linkedin.com/in/clara-jim%c3%a9nez-donaire-mart%c3%adnez,http://www.linkedin.com/company/mahou-san-miguel,https://www.facebook.com/Ciclogreen-555591811189430/,https://twitter.com/ciclogreen
otto@schlafly.com,http://www.linkedin.com/in/jamesottolini-otto,http://www.linkedin.com/company/schlafly-beer,https://facebook.com/SchlaflyBeer,https://twitter.com/Schlafly
ryan.carney@sierranevada.com,http://www.linkedin.com/in/ryan-carney-kc,http://www.linkedin.com/company/sierra-nevada-brewing-co-,https://www.facebook.com/sierranevadabeer,https://twitter.com/SierraNevada
jessica.clinton@anheuser-busch.com,http://www.linkedin.com/in/jessie-clinton-39574a60,http://www.linkedin.com/company/anheuser-busch,https://www.facebook.com/AnheuserBusch,https://twitter.com/AnheuserBusch
adam.balzano@anheuser-busch.com,http://www.linkedin.com/in/adam-balzano-39b057171,http://www.linkedin.com/company/anheuser-busch,https://www.facebook.com/AnheuserBusch,https://twitter.com/AnheuserBusch
emily.biondi@anheuser-busch.com,http://www.linkedin.com/in/emily-biondi-811881336,http://www.linkedin.com/company/anheuser-busch,https://www.facebook.com/AnheuserBusch,https://twitter.com/AnheuserBusch
lizzie.younkin@sapporo-stonebrewing.com,http://www.linkedin.com/in/lizziedelaney,http://www.linkedin.com/company/firestone-walker-brewing-company,https://www.facebook.com/firestone.walker,https://twitter.com/firestonewalker
zritter@newbelgium.com,http://www.linkedin.com/in/zach-ritter-5185b377,http://www.linkedin.com/company/new-belgium-brewing-company,https://facebook.com/newbelgium,https://twitter.com/newbelgium
townsend.rowland@anheuser-busch.com,http://www.linkedin.com/in/townsend-rowland-7708a8229,http://www.linkedin.com/company/anheuser-busch,https://www.facebook.com/AnheuserBusch,https://twitter.com/AnheuserBusch
chrisb@greatlakesbrewing.com,http://www.linkedin.com/in/christopherjtbrown,http://www.linkedin.com/company/great-lakes-brewing-company,https://facebook.com/greatlakesbrewingco,https://twitter.com/GLBC_Cleveland
bhart@newbelgium.com,http://www.linkedin.com/in/brian-hart-45417b26b,http://www.linkedin.com/company/new-belgium-brewing-company,https://facebook.com/newbelgium,https://twitter.com/newbelgium
eddy.giron@anheuser-busch.com,http://www.linkedin.com/in/eddy-giron310,http://www.linkedin.com/company/anheuser-busch,https://www.facebook.com/AnheuserBusch,https://twitter.com/AnheuserBusch
jessicamoskwa@odellbrewing.com,http://www.linkedin.com/in/jessicamoskwa,http://www.linkedin.com/company/odell-brewing-company,https://www.facebook.com/OdellBrewingCo,https://twitter.com/odellbrewing?
ykoke@bellsbeer.com,http://www.linkedin.com/in/yepes-koke-a131a7284,http://www.linkedin.com/company/bellsbrewery,https://www.facebook.com/bellsbeer/,https://twitter.com/bellsbrewery
silvia_delgado@mahou-sanmiguel.com,http://www.linkedin.com/in/silvia-delgado-6125a81b,http://www.linkedin.com/company/mahou-san-miguel,https://www.facebook.com/Ciclogreen-555591811189430/,https://twitter.com/ciclogreen
angie.bell@bellsbeer.com,http://www.linkedin.com/in/angie-bell-bab80a8,http://www.linkedin.com/company/bellsbrewery,https://www.facebook.com/bellsbeer/,https://twitter.com/bellsbrewery
javier.vilar-sancho@mahou-sanmiguel.com,http://www.linkedin.com/in/jjvilarsancho,http://www.linkedin.com/company/mahou-san-miguel,https://www.facebook.com/Ciclogreen-555591811189430/,https://twitter.com/ciclogreen
almudenagarnacho@mahou-sanmiguel.com,http://www.linkedin.com/in/almudena-almoguera-75352372,http://www.linkedin.com/company/mahou-san-miguel,https://www.facebook.com/Ciclogreen-555591811189430/,https://twitter.com/ciclogreen
nick@firestonewalker.com,http://www.linkedin.com/in/nick-firestone-a042b095,http://www.linkedin.com/company/firestone-walker-brewing-company,https://www.facebook.com/firestone.walker,https://twitter.com/firestonewalker
patrick.campolongo@lagunitas.com,http://www.linkedin.com/in/patrickcampolongo,http://www.linkedin.com/company/lagunitas-brewing-co-,https://facebook.com/LagunitasBrewingCo,https://twitter.com/lagunitast
kelsey.ireland@newbelgium.com,http://www.linkedin.com/in/kelseymireland,http://www.linkedin.com/company/new-belgium-brewing-company,https://facebook.com/newbelgium,https://twitter.com/newbelgium
dknospe@newbelgium.com,http://www.linkedin.com/in/daveknospe,http://www.linkedin.com/company/new-belgium-brewing-company,https://facebook.com/newbelgium,https://twitter.com/newbelgium
nstewart@yuenglingcompany.com,http://www.linkedin.com/in/nealstewart,http://www.linkedin.com/company/d-g-yuengling-&-son-inc,https://facebook.com/yuengling,https://twitter.com/Yuengling_Beer
ehernandez@newbelgium.com,http://www.linkedin.com/in/elijah-hernandez-105591150,http://www.linkedin.com/company/new-belgium-brewing-company,https://facebook.com/newbelgium,https://twitter.com/newbelgium
mdekoff@newbelgium.com,http://www.linkedin.com/in/melissa-dekoff-188a3632,http://www.linkedin.com/company/new-belgium-brewing-company,https://facebook.com/newbelgium,https://twitter.com/newbelgium
lilly.mehdirad@anheuser-busch.com,http://www.linkedin.com/in/lilly-mehdirad-mba-624122114,http://www.linkedin.com/company/anheuser-busch,https://www.facebook.com/AnheuserBusch,https://twitter.com/AnheuserBusch
brad.hittle@pabstbrewingco.com,http://www.linkedin.com/in/brad-hittle-052abb1b,http://www.linkedin.com/company/pabst-brewing-company,,
justin@canarchy.beer,http://www.linkedin.com/in/justin-c-b6976010b,http://www.linkedin.com/company/monster-brewing-company,,
adewey@pabst.com,http://www.linkedin.com/in/ashton-dewey-001152114,http://www.linkedin.com/company/pabst-brewing-company,,
mattie.shook@anheuser-busch.com,http://www.linkedin.com/in/mattie-shook-79aa53104,http://www.linkedin.com/company/anheuser-busch,https://www.facebook.com/AnheuserBusch,https://twitter.com/AnheuserBusch
lkiefer@newbelgium.com,http://www.linkedin.com/in/lisa-kiefer-885582214,http://www.linkedin.com/company/new-belgium-brewing-company,https://facebook.com/newbelgium,https://twitter.com/newbelgium
maura.leddy@anheuser-busch.com,http://www.linkedin.com/in/maura-leddy-243b087b,http://www.linkedin.com/company/anheuser-busch,https://www.facebook.com/AnheuserBusch,https://twitter.com/AnheuserBusch
alex.sardella@firestonewalker.com,http://www.linkedin.com/in/alex-sardella,http://www.linkedin.com/company/firestone-walker-brewing-company,https://www.facebook.com/firestone.walker,https://twitter.com/firestonewalker
vvanvleck@firestonebeer.com,http://www.linkedin.com/in/vittoria-van-vleck,http://www.linkedin.com/company/firestone-walker-brewing-company,https://www.facebook.com/firestone.walker,https://twitter.com/firestonewalker
scrouzet@firestonebeer.com,http://www.linkedin.com/in/sophiacrouzet,http://www.linkedin.com/company/firestone-walker-brewing-company,https://www.facebook.com/firestone.walker,https://twitter.com/firestonewalker
mcheever@artbrewventures.com,http://www.linkedin.com/in/marc-cheever-00b277233,http://www.linkedin.com/company/artisanal-brewing-ventures,https://www.facebook.com/198733477387568,
mepalzac@mahou-sanmiguel.com,http://www.linkedin.com/in/marta-epalza-ceberio-9a459b47,http://www.linkedin.com/company/mahou-san-miguel,https://www.facebook.com/Ciclogreen-555591811189430/,https://twitter.com/ciclogreen
marissad@greatlakesbrewing.com,http://www.linkedin.com/in/marissa-desantis-3665749,http://www.linkedin.com/company/great-lakes-brewing-company,https://facebook.com/greatlakesbrewingco,https://twitter.com/GLBC_Cleveland
bvanderkamp@newhollandbrew.com,http://www.linkedin.com/in/brett-vanderkamp-7474425,http://www.linkedin.com/company/new-holland-brewing-company,https://facebook.com/newhollandbrew,https://twitter.com/newhollandbrew
igarciaf@mahou-sanmiguel.com,http://www.linkedin.com/in/mar%c3%ada-fern%c3%a1ndez-castro,http://www.linkedin.com/company/mahou-san-miguel,https://www.facebook.com/Ciclogreen-555591811189430/,https://twitter.com/ciclogreen
mercedes.charlen@mahou-sanmiguel.com,http://www.linkedin.com/in/mercedesvaldes,http://www.linkedin.com/company/mahou-san-miguel,https://www.facebook.com/Ciclogreen-555591811189430/,https://twitter.com/ciclogreen
ewilson@allagash.com,http://www.linkedin.com/in/emerylwilson,http://www.linkedin.com/company/allagash-brewing-company,https://facebook.com/allagashbrewingcompany,https://twitter.com/allagashbrewing
iserranom@mahou-sanmiguel.com,http://www.linkedin.com/in/ione-serrano-medina-19168113,http://www.linkedin.com/company/mahou-san-miguel,https://www.facebook.com/Ciclogreen-555591811189430/,https://twitter.com/ciclogreen
mariag@mahou-sanmiguel.com,http://www.linkedin.com/in/mctrademarketing,http://www.linkedin.com/company/mahou-san-miguel,https://www.facebook.com/Ciclogreen-555591811189430/,https://twitter.com/ciclogreen
robert.mingo@monsterbrewing.com,http://www.linkedin.com/in/robert-mingo,http://www.linkedin.com/company/monster-brewing-company,,
ion.gallego@mahou-sanmiguel.com,http://www.linkedin.com/in/iongallegocenoz,http://www.linkedin.com/company/mahou-san-miguel,https://www.facebook.com/Ciclogreen-555591811189430/,https://twitter.com/ciclogreen
alyssa.smith@firestonewalker.com,http://www.linkedin.com/in/alyssa-smith-346920106,http://www.linkedin.com/company/firestone-walker-brewing-company,https://www.facebook.com/firestone.walker,https://twitter.com/firestonewalker
ashley.major@anheuser-busch.com,http://www.linkedin.com/in/ashley-major-31b037122,http://www.linkedin.com/company/anheuser-busch,https://www.facebook.com/AnheuserBusch,https://twitter.com/AnheuserBusch
alongo@pabst.com,http://www.linkedin.com/in/antonio-longo-a46942125,http://www.linkedin.com/company/pabst-brewing-company,,
lacey.clifford@anheuser-busch.com,http://www.linkedin.com/in/laceyclifford,http://www.linkedin.com/company/anheuser-busch,https://www.facebook.com/AnheuserBusch,https://twitter.com/AnheuserBusch
abernar@mahou-sanmiguel.com,http://www.linkedin.com/in/andresbernar,http://www.linkedin.com/company/mahou-san-miguel,https://www.facebook.com/Ciclogreen-555591811189430/,https://twitter.com/ciclogreen
jd.rich@canarchy.beer,http://www.linkedin.com/in/jdavidrich615,http://www.linkedin.com/company/monster-brewing-company,,
ryan.hartsfield@monsterbrewing.com,http://www.linkedin.com/in/ryanhartsfield,http://www.linkedin.com/company/monster-brewing-company,,
fbarrososilva@mahou-sanmiguel.com,http://www.linkedin.com/in/felipe-barroso-silva-b4118b205,http://www.linkedin.com/company/mahou-san-miguel,https://www.facebook.com/Ciclogreen-555591811189430/,https://twitter.com/ciclogreen
gdebow@pabst.com,http://www.linkedin.com/in/greig-debow-44847415,http://www.linkedin.com/company/pabst-brewing-company,,
garstka@trilliumbrewing.com,http://www.linkedin.com/in/matt-garstka-768272238,http://www.linkedin.com/company/trillium-brewing-company,https://facebook.com/trilliumbrewing/,https://twitter.com/trilliumbrewing
mark.lacheta@anheuser-busch.com,http://www.linkedin.com/in/mark-lacheta-993161174,http://www.linkedin.com/company/anheuser-busch,https://www.facebook.com/AnheuserBusch,https://twitter.com/AnheuserBusch
jcoleman@artbrewventures.com,http://www.linkedin.com/in/john-coleman-0a545378,http://www.linkedin.com/company/artisanal-brewing-ventures,https://www.facebook.com/198733477387568,
bingerick@yuengling.com,http://www.linkedin.com/in/bethanyingerick,http://www.linkedin.com/company/d-g-yuengling-&-son-inc,https://facebook.com/yuengling,https://twitter.com/Yuengling_Beer
avbach@gmail.com,http://www.linkedin.com/in/alex-bach-3b34087,http://www.linkedin.com/company/pabst-brewing-company,,
mcasasa@mahou-sanmiguel.com,http://www.linkedin.com/in/marina-casas-albertos,http://www.linkedin.com/company/mahou-san-miguel,https://www.facebook.com/Ciclogreen-555591811189430/,https://twitter.com/ciclogreen
tbanfield@newbelgium.com,http://www.linkedin.com/in/tiffanygbanfield-4a1946157,http://www.linkedin.com/company/new-belgium-brewing-company,https://facebook.com/newbelgium,https://twitter.com/newbelgium
martam@mahou-sanmiguel.com,http://www.linkedin.com/in/martamartinezmacarron,http://www.linkedin.com/company/mahou-san-miguel,https://www.facebook.com/Ciclogreen-555591811189430/,https://twitter.com/ciclogreen
jperez@mahou-sanmiguel.com,http://www.linkedin.com/in/javier-barba-p%c3%a9rez-777a3a289,http://www.linkedin.com/company/mahou-san-miguel,https://www.facebook.com/Ciclogreen-555591811189430/,https://twitter.com/ciclogreen
sivan.roditi@anheuser-busch.com,http://www.linkedin.com/in/sivan-roditi,http://www.linkedin.com/company/anheuser-busch,https://www.facebook.com/AnheuserBusch,https://twitter.com/AnheuserBusch
clizanat@mahou-sanmiguel.com,http://www.linkedin.com/in/camilalizanatoresano,http://www.linkedin.com/company/mahou-san-miguel,https://www.facebook.com/Ciclogreen-555591811189430/,https://twitter.com/ciclogreen
hperezp@mahou-sanmiguel.com,http://www.linkedin.com/in/hugo-perez-2b161524,http://www.linkedin.com/company/mahou-san-miguel,https://www.facebook.com/Ciclogreen-555591811189430/,https://twitter.com/ciclogreen
erin.smith@sapporo-stonebrewing.com,http://www.linkedin.com/in/erin-smith-a91a8263,http://www.linkedin.com/company/stone-brewing,https://facebook.com/StoneBrewingRichmond/,https://twitter.com/StoneBrewing
nick.morrow@anheuser-busch.com,http://www.linkedin.com/in/nicolas-morrow,http://www.linkedin.com/company/anheuser-busch,https://www.facebook.com/AnheuserBusch,https://twitter.com/AnheuserBusch
rosaz@mahou-sanmiguel.com,http://www.linkedin.com/in/rosa-z-98386713,http://www.linkedin.com/company/mahou-san-miguel,https://www.facebook.com/Ciclogreen-555591811189430/,https://twitter.com/ciclogreen
jcortes@mahou-sanmiguel.com,http://www.linkedin.com/in/joana-a-cortes-9b9377299,http://www.linkedin.com/company/mahou-san-miguel,https://www.facebook.com/Ciclogreen-555591811189430/,https://twitter.com/ciclogreen
pbrown@canarchy.beer,http://www.linkedin.com/in/preston-m-brown,http://www.linkedin.com/company/monster-brewing-company,,
branden.miller@anheuser-busch.com,http://www.linkedin.com/in/brandentmiller,http://www.linkedin.com/company/anheuser-busch,https://www.facebook.com/AnheuserBusch,https://twitter.com/AnheuserBusch
kscott@newbelgium.com,http://www.linkedin.com/in/katiescott312,http://www.linkedin.com/company/new-belgium-brewing-company,https://facebook.com/newbelgium,https://twitter.com/newbelgium
jholtzman@yuengling.com,http://www.linkedin.com/in/jen-holtzman-45362075,http://www.linkedin.com/company/d-g-yuengling-&-son-inc,https://facebook.com/yuengling,https://twitter.com/Yuengling_Beer
pryce.greenow@sierranevada.com,http://www.linkedin.com/in/pryce-greenow-1054981,http://www.linkedin.com/company/sierra-nevada-brewing-co-,https://www.facebook.com/sierranevadabeer,https://twitter.com/SierraNevada
jgayoso@mahou-sanmiguel.com,http://www.linkedin.com/in/jorge-gayoso-381b3a35,http://www.linkedin.com/company/mahou-san-miguel,https://www.facebook.com/Ciclogreen-555591811189430/,https://twitter.com/ciclogreen
epiper@newbelgium.com,http://www.linkedin.com/in/emily-dufficy,http://www.linkedin.com/company/new-belgium-brewing-company,https://facebook.com/newbelgium,https://twitter.com/newbelgium
jessica.roth@lagunitas.com,http://www.linkedin.com/in/jessica-roth-267b0214,http://www.linkedin.com/company/lagunitas-brewing-co-,https://facebook.com/LagunitasBrewingCo,https://twitter.com/lagunitast
catblackwell@gmail.com,http://www.linkedin.com/in/catherine-vignale,http://www.linkedin.com/company/lagunitas-brewing-co-,https://facebook.com/LagunitasBrewingCo,https://twitter.com/lagunitast
kavya.garg@anheuser-busch.com,http://www.linkedin.com/in/kavyagarg,http://www.linkedin.com/company/anheuser-busch,https://www.facebook.com/AnheuserBusch,https://twitter.com/AnheuserBusch
ffernandez@mahou-sanmiguel.com,http://www.linkedin.com/in/franciscojfernandez01,http://www.linkedin.com/company/mahou-san-miguel,https://www.facebook.com/Ciclogreen-555591811189430/,https://twitter.com/ciclogreen
aczarniecki@newbelgium.com,http://www.linkedin.com/in/abby-czarniecki-966a89105,http://www.linkedin.com/company/new-belgium-brewing-company,https://facebook.com/newbelgium,https://twitter.com/newbelgium
zac.nadile@pabstbrewingco.com,http://www.linkedin.com/in/zacnadile,http://www.linkedin.com/company/pabst-brewing-company,,
trevor.needle@anheuser-busch.com,http://www.linkedin.com/in/trevorneedle,http://www.linkedin.com/company/anheuser-busch,https://www.facebook.com/AnheuserBusch,https://twitter.com/AnheuserBusch
jsievers@yuenglingcompany.com,http://www.linkedin.com/in/jacob-sievers-8bb29a127,http://www.linkedin.com/company/d-g-yuengling-&-son-inc,https://facebook.com/yuengling,https://twitter.com/Yuengling_Beer
ngogno@yuengling.com,http://www.linkedin.com/in/nathan-gogno-5039479,http://www.linkedin.com/company/d-g-yuengling-&-son-inc,https://facebook.com/yuengling,https://twitter.com/Yuengling_Beer
shelby.allen@firestonewalker.com,http://www.linkedin.com/in/shelby-allen-85916917b,http://www.linkedin.com/company/firestone-walker-brewing-company,https://www.facebook.com/firestone.walker,https://twitter.com/firestonewalker
dleenaarts@mahou-sanmiguel.com,http://www.linkedin.com/in/dorusleenaarts,http://www.linkedin.com/company/mahou-san-miguel,https://www.facebook.com/Ciclogreen-555591811189430/,https://twitter.com/ciclogreen
rhonda.m@newbelgium.com,http://www.linkedin.com/in/rhonda-moniz-684213143,http://www.linkedin.com/company/new-belgium-brewing-company,https://facebook.com/newbelgium,https://twitter.com/newbelgium
akreutz@newbelgium.com,http://www.linkedin.com/in/kreutzalyssa,http://www.linkedin.com/company/new-belgium-brewing-company,https://facebook.com/newbelgium,https://twitter.com/newbelgium
halie.mohr@anheuser-busch.com,http://www.linkedin.com/in/halie-mohr-91877926,http://www.linkedin.com/company/anheuser-busch,https://www.facebook.com/AnheuserBusch,https://twitter.com/AnheuserBusch
hjohnston@newbelgium.com,http://www.linkedin.com/in/heather-johnston-1aa1177,http://www.linkedin.com/company/new-belgium-brewing-company,https://facebook.com/newbelgium,https://twitter.com/newbelgium
agarciadc@mahou-sanmiguel.com,http://www.linkedin.com/in/alexandragarciadelcampo,http://www.linkedin.com/company/mahou-san-miguel,https://www.facebook.com/Ciclogreen-555591811189430/,https://twitter.com/ciclogreen
calvarez@mahou-sanmiguel.com,http://www.linkedin.com/in/casilda-contreras-%c3%a1lvarez-de-toledo-abogado,http://www.linkedin.com/company/mahou-san-miguel,https://www.facebook.com/Ciclogreen-555591811189430/,https://twitter.com/ciclogreen
jsaez@mahou-sanmiguel.com,http://www.linkedin.com/in/juli%c3%a1n-s%c3%a1ez-03b99280,http://www.linkedin.com/company/mahou-san-miguel,https://www.facebook.com/Ciclogreen-555591811189430/,https://twitter.com/ciclogreen
sara.ahrenhoersterbaeumer@anheuser-busch.com,http://www.linkedin.com/in/sara-ahrenhoersterbaeumer-187a7693,http://www.linkedin.com/company/anheuser-busch,https://www.facebook.com/AnheuserBusch,https://twitter.com/AnheuserBusch
lalger@newbelgium.com,http://www.linkedin.com/in/lucas-alger-186053202,http://www.linkedin.com/company/new-belgium-brewing-company,https://facebook.com/newbelgium,https://twitter.com/newbelgium
daniel.pitts@anheuser-busch.com,http://www.linkedin.com/in/daniel-pitts-1066ab1b0,http://www.linkedin.com/company/anheuser-busch,https://www.facebook.com/AnheuserBusch,https://twitter.com/AnheuserBusch
torrey.fields@monsterbrewing.com,http://www.linkedin.com/in/torrey-fields,http://www.linkedin.com/company/monster-brewing-company,,
stephanie.ruiz@firestonewalker.com,http://www.linkedin.com/in/hirestephanieruiz,http://www.linkedin.com/company/firestone-walker-brewing-company,https://www.facebook.com/firestone.walker,https://twitter.com/firestonewalker
aspain@artbrewventures.com,http://www.linkedin.com/in/alyssa-spain-651b2443,http://www.linkedin.com/company/artisanal-brewing-ventures,https://www.facebook.com/198733477387568,
cgarcia@mahou-sanmiguel.com,http://www.linkedin.com/in/clara-garc%c3%ada-cima-b94a14b6,http://www.linkedin.com/company/mahou-san-miguel,https://www.facebook.com/Ciclogreen-555591811189430/,https://twitter.com/ciclogreen
adam.leija@anheuser-busch.com,http://www.linkedin.com/in/adam-leija-978bab97,http://www.linkedin.com/company/anheuser-busch,https://www.facebook.com/AnheuserBusch,https://twitter.com/AnheuserBusch
ssiciliano@newbelgium.com,http://www.linkedin.com/in/stephaniesiciliano,http://www.linkedin.com/company/new-belgium-brewing-company,https://facebook.com/newbelgium,https://twitter.com/newbelgium
angelica.hernandez@mahou-sanmiguel.com,http://www.linkedin.com/in/angelicahernandez,http://www.linkedin.com/company/mahou-san-miguel,https://www.facebook.com/Ciclogreen-555591811189430/,https://twitter.com/ciclogreen
dustin.hinz@firestonewalker.com,http://www.linkedin.com/in/dustinhinz,http://www.linkedin.com/company/firestone-walker-brewing-company,https://www.facebook.com/firestone.walker,https://twitter.com/firestonewalker
asoto@mahou-sanmiguel.com,http://www.linkedin.com/in/ana-soto-b6b19858,http://www.linkedin.com/company/mahou-san-miguel,https://www.facebook.com/Ciclogreen-555591811189430/,https://twitter.com/ciclogreen
garanols@mahou-sanmiguel.com,http://www.linkedin.com/in/giulia-aranols,http://www.linkedin.com/company/mahou-san-miguel,https://www.facebook.com/Ciclogreen-555591811189430/,https://twitter.com/ciclogreen
kmcnulty@revbrew.com,http://www.linkedin.com/in/katherinemcnulty,http://www.linkedin.com/company/revolution-brewing-chicago,https://facebook.com/RevBrewChicago/,https://twitter.com/revbrewchicago
katie.stoddard@trilliumbrewing.com,http://www.linkedin.com/in/katherine-stoddard-33164246,http://www.linkedin.com/company/trillium-brewing-company,https://facebook.com/trilliumbrewing/,https://twitter.com/trilliumbrewing
bryan.townsend@monsterbrewing.com,http://www.linkedin.com/in/bryan-townsend-2346277,http://www.linkedin.com/company/monster-brewing-company,,
markk@greatlakesbrewing.com,http://www.linkedin.com/in/mark-king-a259ab22,http://www.linkedin.com/company/great-lakes-brewing-company,https://facebook.com/greatlakesbrewingco,https://twitter.com/GLBC_Cleveland
stephanie.revering@anheuser-busch.com,http://www.linkedin.com/in/stephanierevering,http://www.linkedin.com/company/anheuser-busch,https://www.facebook.com/AnheuserBusch,https://twitter.com/AnheuserBusch
micaelacorradini@mahou-sanmiguel.com,http://www.linkedin.com/in/micaelacorradini,http://www.linkedin.com/company/mahou-san-miguel,https://www.facebook.com/Ciclogreen-555591811189430/,https://twitter.com/ciclogreen
kevin.stephens@monsterbrewing.com,http://www.linkedin.com/in/kevintstephens,http://www.linkedin.com/company/monster-brewing-company,,
a.bush@duvelusa.com,http://www.linkedin.com/in/ali-bush-101052264,http://www.linkedin.com/company/duvel-moortgat-usa-ltd.,,
sandreshortelano@mahou-sanmiguel.com,http://www.linkedin.com/in/sara-andr%c3%a9s-hortelano,http://www.linkedin.com/company/mahou-san-miguel,https://www.facebook.com/Ciclogreen-555591811189430/,https://twitter.com/ciclogreen
sophie.mckean@monsterbrewing.com,http://www.linkedin.com/in/sophie-mckean-110443180,http://www.linkedin.com/company/monster-brewing-company,,
alopez@mahou-sanmiguel.com,http://www.linkedin.com/in/albal%c3%b3pezfern%c3%a1ndez,http://www.linkedin.com/company/mahou-san-miguel,https://www.facebook.com/Ciclogreen-555591811189430/,https://twitter.com/ciclogreen
matias.regenhardt@anheuser-busch.com,http://www.linkedin.com/in/matias-regenhardt,http://www.linkedin.com/company/anheuser-busch,https://www.facebook.com/AnheuserBusch,https://twitter.com/AnheuserBusch
evan.edwards@canarchy.beer,http://www.linkedin.com/in/evan-edwards-67466968,http://www.linkedin.com/company/monster-brewing-company,,
kjordan@newbelgium.com,http://www.linkedin.com/in/kim-jordan-522ba05,http://www.linkedin.com/company/new-belgium-brewing-company,https://facebook.com/newbelgium,https://twitter.com/newbelgium
ksmit@newbelgium.com,http://www.linkedin.com/in/kendallsmit,http://www.linkedin.com/company/new-belgium-brewing-company,https://facebook.com/newbelgium,https://twitter.com/newbelgium
lucinda.savage@pabstbrewingco.com,http://www.linkedin.com/in/lucinda-savage-964aa250,http://www.linkedin.com/company/pabst-brewing-company,,
angela.barber@mahou-sanmiguel.com,http://www.linkedin.com/in/angela-barber-abril,http://www.linkedin.com/company/mahou-san-miguel,https://www.facebook.com/Ciclogreen-555591811189430/,https://twitter.com/ciclogreen
mitchells@foundersbrewing.com,http://www.linkedin.com/in/mitchellesarah,http://www.linkedin.com/company/founders-brewing-co,https://facebook.com/pages/Founders-Brewing-Company/173878492633924,https://twitter.com/foundersbrewing
lcalzadas@mahou-sanmiguel.com,http://www.linkedin.com/in/laura-calzada-saez-5ba86923,http://www.linkedin.com/company/mahou-san-miguel,https://www.facebook.com/Ciclogreen-555591811189430/,https://twitter.com/ciclogreen
hannah.dray@lagunitas.com,http://www.linkedin.com/in/hannah-dray-96454532,http://www.linkedin.com/company/lagunitas-brewing-co-,https://facebook.com/LagunitasBrewingCo,https://twitter.com/lagunitast
bdells@newhollandbrew.com,http://www.linkedin.com/in/biancah-dells-5569942a6,http://www.linkedin.com/company/new-holland-brewing-company,https://facebook.com/newhollandbrew,https://twitter.com/newhollandbrew
heather.gahr@anheuser-busch.com,http://www.linkedin.com/in/heathergahr,http://www.linkedin.com/company/anheuser-busch,https://www.facebook.com/AnheuserBusch,https://twitter.com/AnheuserBusch
zeaton@brooklynbrewery.com,http://www.linkedin.com/in/zack-eaton,http://www.linkedin.com/company/brooklyn-brewery,https://www.facebook.com/thebrooklynbrewery,https://twitter.com/brooklynbrewery
jenna.smith@anheuser-busch.com,http://www.linkedin.com/in/smithjenna333,http://www.linkedin.com/company/anheuser-busch,https://www.facebook.com/AnheuserBusch,https://twitter.com/AnheuserBusch
avitoresm@mahou-sanmiguel.com,http://www.linkedin.com/in/adrianavitores,http://www.linkedin.com/company/mahou-san-miguel,https://www.facebook.com/Ciclogreen-555591811189430/,https://twitter.com/ciclogreen
idiazorsini@mahou-sanmiguel.com,http://www.linkedin.com/in/ines-diaz-orsini,http://www.linkedin.com/company/mahou-san-miguel,https://www.facebook.com/Ciclogreen-555591811189430/,https://twitter.com/ciclogreen
mikayla.lindsey@anheuser-busch.com,http://www.linkedin.com/in/mikaylalindsey,http://www.linkedin.com/company/anheuser-busch,https://www.facebook.com/AnheuserBusch,https://twitter.com/AnheuserBusch
stephanie.lubinski@anheuser-busch.com,http://www.linkedin.com/in/stephanie-lubinski-b06124182,http://www.linkedin.com/company/anheuser-busch,https://www.facebook.com/AnheuserBusch,https://twitter.com/AnheuserBusch
dave@treehousebrew.com,http://www.linkedin.com/in/dean-rohan-7844b3175,http://www.linkedin.com/company/treehousebrewco,https://facebook.com/treehouse-brewery-243454925826740,https://twitter.com/treehousebrewco
flodge@artbrewventures.com,http://www.linkedin.com/in/fionasalvatori,http://www.linkedin.com/company/artisanal-brewing-ventures,https://www.facebook.com/198733477387568,
sydney.willett@anheuser-busch.com,http://www.linkedin.com/in/sydneywillett,http://www.linkedin.com/company/anheuser-busch,https://www.facebook.com/AnheuserBusch,https://twitter.com/AnheuserBusch
rlempert@allagash.com,http://www.linkedin.com/in/ryah-lempert,http://www.linkedin.com/company/allagash-brewing-company,https://facebook.com/allagashbrewingcompany,https://twitter.com/allagashbrewing
melvin@allagash.com,http://www.linkedin.com/in/michaelelvin,http://www.linkedin.com/company/allagash-brewing-company,https://facebook.com/allagashbrewingcompany,https://twitter.com/allagashbrewing
lmartinmu@mahou-sanmiguel.com,http://www.linkedin.com/in/lorenammujica,http://www.linkedin.com/company/mahou-san-miguel,https://www.facebook.com/Ciclogreen-555591811189430/,https://twitter.com/ciclogreen
miturriaga@mahou-sanmiguel.com,http://www.linkedin.com/in/mirian-iturriaga-perez-8b9a7055,http://www.linkedin.com/company/mahou-san-miguel,https://www.facebook.com/Ciclogreen-555591811189430/,https://twitter.com/ciclogreen
gblachowski@firestonebeer.com,http://www.linkedin.com/in/gianna-blachowski-b189598b,http://www.linkedin.com/company/firestone-walker-brewing-company,https://www.facebook.com/firestone.walker,https://twitter.com/firestonewalker
lwetenkamp@averybrewing.com,http://www.linkedin.com/in/lauren-wetenkamp,http://www.linkedin.com/company/avery-brewing-co,https://www.facebook.com/AveryBrewingCo,https://twitter.com/AveryBrewingCo
victor.dougba@anheuser-busch.com,http://www.linkedin.com/in/victoredougbajr,http://www.linkedin.com/company/anheuser-busch,https://www.facebook.com/AnheuserBusch,https://twitter.com/AnheuserBusch
rgunner@deschutesbrewery.com,http://www.linkedin.com/in/rj-gunner-2818a486,http://www.linkedin.com/company/deschutes-brewery,https://facebook.com/deschutesbrewery/,https://twitter.com/DeschutesBeer
beatriz.loizaga@mahou-sanmiguel.com,http://www.linkedin.com/in/beatrizfernandezloizaga,http://www.linkedin.com/company/mahou-san-miguel,https://www.facebook.com/Ciclogreen-555591811189430/,https://twitter.com/ciclogreen
laurenh@greatlakesbrewing.com,http://www.linkedin.com/in/lauren-hudac-88317524,http://www.linkedin.com/company/great-lakes-brewing-company,https://facebook.com/greatlakesbrewingco,https://twitter.com/GLBC_Cleveland
fhidalgo@mahou-sanmiguel.com,http://www.linkedin.com/in/ferranhidalgo,http://www.linkedin.com/company/mahou-san-miguel,https://www.facebook.com/Ciclogreen-555591811189430/,https://twitter.com/ciclogreen
craig.rudner@anheuser-busch.com,http://www.linkedin.com/in/craig-rudner,http://www.linkedin.com/company/anheuser-busch,https://www.facebook.com/AnheuserBusch,https://twitter.com/AnheuserBusch
kveenstra@newhollandbrew.com,http://www.linkedin.com/in/kaceywieringa,http://www.linkedin.com/company/new-holland-brewing-company,https://facebook.com/newhollandbrew,https://twitter.com/newhollandbrew
vickic@greatlakesbrewing.com,http://www.linkedin.com/in/vickicampana,http://www.linkedin.com/company/great-lakes-brewing-company,https://facebook.com/greatlakesbrewingco,https://twitter.com/GLBC_Cleveland
mollie.mccurdy@anheuser-busch.com,http://www.linkedin.com/in/mollie-mccurdy-41b131a0,http://www.linkedin.com/company/anheuser-busch,https://www.facebook.com/AnheuserBusch,https://twitter.com/AnheuserBusch
marianne@ayrloom.com,http://www.linkedin.com/in/marianne-brennan-1505325,http://www.linkedin.com/company/ayrloom,https://www.facebook.com/ayrloom,
rclark@boskygenetics.com,http://www.linkedin.com/in/ryan-clark-152680143,http://www.linkedin.com/company/bosky-genetics-llc,,
jason@dadirriextracts.com,http://www.linkedin.com/in/jason-andrews-56252275,http://www.linkedin.com/company/dadirri-extracts,https://www.facebook.com/dadirriextracts/,
que.kiel@butterworld.com,http://www.linkedin.com/in/brandi-kiel-1a009552,http://www.linkedin.com/company/butterworld,,
ashley@dadirriextracts.com,http://www.linkedin.com/in/ashley-schriener-731a3534,http://www.linkedin.com/company/dadirri-extracts,https://www.facebook.com/dadirriextracts/,
wc.gprahl@eaze.com,http://www.linkedin.com/in/gabriela-prahl-8b237027b,http://www.linkedin.com/company/eaze-up,https://www.facebook.com/eazeteam,http://twitter.com/eaze
viktoriya@thebloombrand.com,http://www.linkedin.com/in/viktoriya-kondratyuk-b8902472,http://www.linkedin.com/company/bloombrand,https://facebook.com/thebloombrand1/,https://twitter.com/thebloombrands
bsuleiman@ember-valley.com,http://www.linkedin.com/in/bilal-suleiman,http://www.linkedin.com/company/ember-valley,,
vitaly@thebloombrands.com,http://www.linkedin.com/in/vitalymekk,http://www.linkedin.com/company/bloombrand,https://facebook.com/thebloombrand1/,https://twitter.com/thebloombrands
johnny@strong.ag,http://www.linkedin.com/in/johnathan-martishius-606638230,http://www.linkedin.com/company/coastal-sun-farm,,
emma@natura.io,http://www.linkedin.com/in/emma-arnold071300,http://www.linkedin.com/company/natura-lifescience,,
fisunil@gmail.com,http://www.linkedin.com/in/govind-rao-98a97512,http://www.linkedin.com/company/eaze-up,https://www.facebook.com/eazeteam,http://twitter.com/eaze
bos12ng@yahoo.com,http://www.linkedin.com/in/bolaji-sonusi-7b488315,http://www.linkedin.com/company/bloombrand,https://facebook.com/thebloombrand1/,https://twitter.com/thebloombrands
paras@thebodegaboyz.com,http://www.linkedin.com/in/paraschhabra00,http://www.linkedin.com/company/bodega-boyz,https://www.facebook.com/bodegaboyzok/,
vinnie@ember-valley.com,http://www.linkedin.com/in/vinayak-shastry-00aa314a,http://www.linkedin.com/company/ember-valley,,
dylan.h@culturecannabisclub.com,http://www.linkedin.com/in/dylan-hunt-836a09183,http://www.linkedin.com/company/culture-cannabis-club,,https://twitter.com/culturecannaclb
eddie@ayrloom.com,http://www.linkedin.com/in/eddie-brennan-a4853115,http://www.linkedin.com/company/ayrloom,https://www.facebook.com/ayrloom,
lbalduzzi@ayrloom.com,http://www.linkedin.com/in/lizbalduzzi,http://www.linkedin.com/company/ayrloom,https://www.facebook.com/ayrloom,
david.pyle@eaze.com,http://www.linkedin.com/in/david-m-pyle,http://www.linkedin.com/company/eaze-up,https://www.facebook.com/eazeteam,http://twitter.com/eaze
luis@casaverdefarms.com,http://www.linkedin.com/in/luis-delgado-9a53a057,http://www.linkedin.com/company/casa-verde-farms,,
amanda.jacobs@eaze.com,http://www.linkedin.com/in/amanda-jacobs-276a4613,http://www.linkedin.com/company/eaze-up,https://www.facebook.com/eazeteam,http://twitter.com/eaze
cari@thebodegaboyz.com,http://www.linkedin.com/in/cari-carmona-ab75a648,http://www.linkedin.com/company/bodega-boyz,https://www.facebook.com/bodegaboyzok/,
alexandra@truehumboldt.com,http://www.linkedin.com/in/alexandra-solano-8140608a,http://www.linkedin.com/company/bear-humboldt,,
wyatt@heyflamer.com,http://www.linkedin.com/in/wyattharms,http://www.linkedin.com/company/hey-flamer,,
alex.gonzales@eaze.com,http://www.linkedin.com/in/alexisgonzales,http://www.linkedin.com/company/eaze-up,https://www.facebook.com/eazeteam,http://twitter.com/eaze
southpawfx@gmail.com,http://www.linkedin.com/in/blake-matthews-a6380a30,http://www.linkedin.com/company/thecurecompany,https://www.facebook.com/thecurecompany,https://twitter.com/thecurecompany?lang=en
brett@emeraldsun.com,http://www.linkedin.com/in/brett-schlesinger-61451854,http://www.linkedin.com/company/emeraldsun,,
denny.g@natura.io,http://www.linkedin.com/in/denny-garcia-a2b975190,http://www.linkedin.com/company/natura-lifescience,,
