First Name,Last Name,Title,Email,Corporate Phone,LinkedIn URL,Business Name,State,Country,Website,Vertical,Source,"Source Detail (the specific campaign, form, or calendar link tag)",Company Linkedin Url,Facebook Url,Twitter Url
Cody,Colly,Marketing Manager,cody.colly@anheuser-busch.com,+1 503-331-7270,http://www.linkedin.com/in/cody-colly-041ab835,Anheuser-Busch,Ohio,United States,https://anheuser-busch.com,Alcohol,Apollo,Beer Brand,http://www.linkedin.com/company/anheuser-busch,https://www.facebook.com/AnheuserBusch,https://twitter.com/AnheuserBusch
Allison,Ducharme,Marketing Insights Manager,aducharme@newbelgium.com,+1 970-221-0524,http://www.linkedin.com/in/allison-ducharme-524a2425,New Belgium Brewing,Colorado,United States,https://newbelgium.com,Alcohol,Apollo,Beer Brand,http://www.linkedin.com/company/new-belgium-brewing-company,https://facebook.com/newbelgium,https://twitter.com/newbelgium
Justin,Demarco,"Director, Marketing Communications",justin.demarco@anheuser-busch.com,+1 503-331-7270,http://www.linkedin.com/in/justinpdemarco,Anheuser-Busch,New York,United States,https://anheuser-busch.com,Alcohol,Apollo,Beer Brand,http://www.linkedin.com/company/anheuser-busch,https://www.facebook.com/AnheuserBusch,https://twitter.com/AnheuserBusch
Cynde,Bard,Regional Marketing Manager,cbard@yuenglingcompany.com,+1 570-622-4141,http://www.linkedin.com/in/cyndebard,"D.G. Yuengling & Son, Inc.",Illinois,United States,https://yuengling.com,Alcohol,Apollo,Beer Brand,http://www.linkedin.com/company/d-g-yuengling-&-son-inc,https://facebook.com/yuengling,https://twitter.com/Yuengling_Beer
Ramita,Chaudhuri,Europe & UK (Growth Marketing) (Global Innovation) - Beer / Water / NAB / Other AlcoBev,rchaudhuri@mahou-sanmiguel.com,+34 915 26 91 00,http://www.linkedin.com/in/ramitachaudhuri,Mahou San Miguel,Community of Madrid,Spain,https://mahou-sanmiguel.com,Alcohol,Apollo,Beer Brand,http://www.linkedin.com/company/mahou-san-miguel,https://www.facebook.com/Ciclogreen-555591811189430/,https://twitter.com/ciclogreen
Courtnie,Ouellette,Vice President Marketing and Brand Management,charrell@artbrewventures.com,,http://www.linkedin.com/in/courtnie-harrell-ouellette-9221807,Artisanal Brewing Ventures,North Carolina,United States,https://artbrewventures.com,Alcohol,Apollo,Beer Brand,http://www.linkedin.com/company/artisanal-brewing-ventures,https://www.facebook.com/198733477387568,
Jacobo,Lauda,International Marketing Manager,jlauda@mahou-sanmiguel.com,+34 915 26 91 00,http://www.linkedin.com/in/jacobo-lauda-45935392,Mahou San Miguel,Texas,United States,https://mahou-sanmiguel.com,Alcohol,Apollo,Beer Brand,http://www.linkedin.com/company/mahou-san-miguel,https://www.facebook.com/Ciclogreen-555591811189430/,https://twitter.com/ciclogreen
Toni,Ortiz Jaen,Lead Innovation Manager,toni.ortiz@mahou-sanmiguel.com,+34 915 26 91 00,http://www.linkedin.com/in/toniortiz,Mahou San Miguel,Community of Madrid,Spain,https://mahou-sanmiguel.com,Alcohol,Apollo,Beer Brand,http://www.linkedin.com/company/mahou-san-miguel,https://www.facebook.com/Ciclogreen-555591811189430/,https://twitter.com/ciclogreen
Brooke,Silverstein,Marketing Project Manager,t-brooke.silver@sierranevada.com,+1 530-893-3520,http://www.linkedin.com/in/brookesilverstein,Sierra Nevada Brewing Co.,Ontario,Canada,https://sierranevada.com,Alcohol,Apollo,Beer Brand,http://www.linkedin.com/company/sierra-nevada-brewing-co-,https://www.facebook.com/sierranevadabeer,https://twitter.com/SierraNevada
Joe,Krautkramer,Marketing Specialist,jkrautkramer@newbelgium.com,+1 970-221-0524,http://www.linkedin.com/in/joe-krautkramer-581b4472,New Belgium Brewing,Michigan,United States,https://newbelgium.com,Alcohol,Apollo,Beer Brand,http://www.linkedin.com/company/new-belgium-brewing-company,https://facebook.com/newbelgium,https://twitter.com/newbelgium
Lissette,Cid,Influencer Marketing Manager — BeatBox Beverages,lissette.cid@anheuser-busch.com,+1 503-331-7270,http://www.linkedin.com/in/lissette-cid,Anheuser-Busch,California,United States,https://anheuser-busch.com,Alcohol,Apollo,Beer Brand,http://www.linkedin.com/company/anheuser-busch,https://www.facebook.com/AnheuserBusch,https://twitter.com/AnheuserBusch
Ab,Hassett,Marketing Associate,ahassett@artbrewventures.com,,http://www.linkedin.com/in/abbyhassett,Artisanal Brewing Ventures,New York,United States,https://artbrewventures.com,Alcohol,Apollo,Beer Brand,http://www.linkedin.com/company/artisanal-brewing-ventures,https://www.facebook.com/198733477387568,
Sara,Kramer,"Associate Brand Manager, Digital Marketing",sara.carter@gooseisland.com,+1 312-915-0071,http://www.linkedin.com/in/sara-carter204,Goose Island Beer Company,Illinois,United States,https://gooseisland.com,Alcohol,Apollo,Beer Brand,http://www.linkedin.com/company/goose-island-beer-company,https://facebook.com/GooseIslandGB/,https://twitter.com/gooseisland
Clara,Jimenez-Donaire Martinez,Marketing Local y Clientes Área Sur,cjimenezm@mahou-sanmiguel.com,+34 915 26 91 00,http://www.linkedin.com/in/clara-jim%c3%a9nez-donaire-mart%c3%adnez,Mahou San Miguel,Community of Madrid,Spain,https://mahou-sanmiguel.com,Alcohol,Apollo,Beer Brand,http://www.linkedin.com/company/mahou-san-miguel,https://www.facebook.com/Ciclogreen-555591811189430/,https://twitter.com/ciclogreen
James,Ottolini,Chief Executive Officer,otto@schlafly.com,+1 314-241-2337,http://www.linkedin.com/in/jamesottolini-otto,Schlafly Beer - The Saint Louis Brewery™,Missouri,United States,https://schlafly.com,Alcohol,Apollo,Beer Brand,http://www.linkedin.com/company/schlafly-beer,https://facebook.com/SchlaflyBeer,https://twitter.com/Schlafly
Ryan,Carney,Marketing,ryan.carney@sierranevada.com,+1 530-893-3520,http://www.linkedin.com/in/ryan-carney-kc,Sierra Nevada Brewing Co.,Kansas,United States,https://sierranevada.com,Alcohol,Apollo,Beer Brand,http://www.linkedin.com/company/sierra-nevada-brewing-co-,https://www.facebook.com/sierranevadabeer,https://twitter.com/SierraNevada
Jessie,Clinton,"Director of Digital Marketing, Stella Artois",jessica.clinton@anheuser-busch.com,+1 503-331-7270,http://www.linkedin.com/in/jessie-clinton-39574a60,Anheuser-Busch,New York,United States,https://anheuser-busch.com,Alcohol,Apollo,Beer Brand,http://www.linkedin.com/company/anheuser-busch,https://www.facebook.com/AnheuserBusch,https://twitter.com/AnheuserBusch
Adam,Balzano,Marketing Activation Specialist,adam.balzano@anheuser-busch.com,+1 503-331-7270,http://www.linkedin.com/in/adam-balzano-39b057171,Anheuser-Busch,Colorado,United States,https://anheuser-busch.com,Alcohol,Apollo,Beer Brand,http://www.linkedin.com/company/anheuser-busch,https://www.facebook.com/AnheuserBusch,https://twitter.com/AnheuserBusch
Emily,Biondi,"Marketing Operations Manager, BeatBox Beverages",emily.biondi@anheuser-busch.com,+1 503-331-7270,http://www.linkedin.com/in/emily-biondi-811881336,Anheuser-Busch,South Carolina,United States,https://anheuser-busch.com,Alcohol,Apollo,Beer Brand,http://www.linkedin.com/company/anheuser-busch,https://www.facebook.com/AnheuserBusch,https://twitter.com/AnheuserBusch
Lizzie,Younkin,"Director, Stone Brewing Brand Marketing",lizzie.younkin@sapporo-stonebrewing.com,+1 805-225-5911,http://www.linkedin.com/in/lizziedelaney,Firestone Walker Brewing Company,California,United States,https://firestonewalker.com,Alcohol,Apollo,Beer Brand,http://www.linkedin.com/company/firestone-walker-brewing-company,https://www.facebook.com/firestone.walker,https://twitter.com/firestonewalker
Zach,Ritter,"Manager, Market",zritter@newbelgium.com,+1 970-221-0524,http://www.linkedin.com/in/zach-ritter-5185b377,New Belgium Brewing,Texas,United States,https://newbelgium.com,Alcohol,Apollo,Beer Brand,http://www.linkedin.com/company/new-belgium-brewing-company,https://facebook.com/newbelgium,https://twitter.com/newbelgium
Townsend,Rowland,"Manager, BSC - Finance, Marketing",townsend.rowland@anheuser-busch.com,+1 503-331-7270,http://www.linkedin.com/in/townsend-rowland-7708a8229,Anheuser-Busch,Missouri,United States,https://anheuser-busch.com,Alcohol,Apollo,Beer Brand,http://www.linkedin.com/company/anheuser-busch,https://www.facebook.com/AnheuserBusch,https://twitter.com/AnheuserBusch
Christopher,Brown,Chief Executive Officer,chrisb@greatlakesbrewing.com,+1 216-771-4404,http://www.linkedin.com/in/christopherjtbrown,Great Lakes Brewing Company,Ohio,United States,https://greatlakesbrewing.com,Alcohol,Apollo,Beer Brand,http://www.linkedin.com/company/great-lakes-brewing-company,https://facebook.com/greatlakesbrewingco,https://twitter.com/GLBC_Cleveland
Brian,Hart,Market Manager (Beer Ranger),bhart@newbelgium.com,+1 970-221-0524,http://www.linkedin.com/in/brian-hart-45417b26b,New Belgium Brewing,,United States,https://newbelgium.com,Alcohol,Apollo,Beer Brand,http://www.linkedin.com/company/new-belgium-brewing-company,https://facebook.com/newbelgium,https://twitter.com/newbelgium
Eddy,Giron,Marketing Coordinator,eddy.giron@anheuser-busch.com,+1 503-331-7270,http://www.linkedin.com/in/eddy-giron310,Anheuser-Busch,California,United States,https://anheuser-busch.com,Alcohol,Apollo,Beer Brand,http://www.linkedin.com/company/anheuser-busch,https://www.facebook.com/AnheuserBusch,https://twitter.com/AnheuserBusch
Jessica,Moskwa,Marketing Leader,jessicamoskwa@odellbrewing.com,+1 970-498-9070,http://www.linkedin.com/in/jessicamoskwa,Odell Brewing Company,Colorado,United States,https://odellbrewing.com,Alcohol,Apollo,Beer Brand,http://www.linkedin.com/company/odell-brewing-company,https://www.facebook.com/OdellBrewingCo,https://twitter.com/odellbrewing?
Yepes,Koke,Marketer,ykoke@bellsbeer.com,+1 269-382-2338,http://www.linkedin.com/in/yepes-koke-a131a7284,Bell’s Brewery,Anambra,Nigeria,https://bellsbeer.com,Alcohol,Apollo,Beer Brand,http://www.linkedin.com/company/bellsbrewery,https://www.facebook.com/bellsbeer/,https://twitter.com/bellsbrewery
Silvia,Delgado,Consumer Marketing Director at San Miguel,silvia_delgado@mahou-sanmiguel.com,+34 915 26 91 00,http://www.linkedin.com/in/silvia-delgado-6125a81b,Mahou San Miguel,Community of Madrid,Spain,https://mahou-sanmiguel.com,Alcohol,Apollo,Beer Brand,http://www.linkedin.com/company/mahou-san-miguel,https://www.facebook.com/Ciclogreen-555591811189430/,https://twitter.com/ciclogreen
Angie,Bell,Vice President & Marketing Director,angie.bell@bellsbeer.com,+1 269-382-2338,http://www.linkedin.com/in/angie-bell-bab80a8,Bell’s Brewery,Michigan,United States,https://bellsbeer.com,Alcohol,Apollo,Beer Brand,http://www.linkedin.com/company/bellsbrewery,https://www.facebook.com/bellsbeer/,https://twitter.com/bellsbrewery
Javier,Vilar-Sancho,Dirección de Marketing,javier.vilar-sancho@mahou-sanmiguel.com,+34 915 26 91 00,http://www.linkedin.com/in/jjvilarsancho,Mahou San Miguel,Community of Madrid,Spain,https://mahou-sanmiguel.com,Alcohol,Apollo,Beer Brand,http://www.linkedin.com/company/mahou-san-miguel,https://www.facebook.com/Ciclogreen-555591811189430/,https://twitter.com/ciclogreen
Almudena,Almoguera,Controller de Marketing,almudenagarnacho@mahou-sanmiguel.com,+34 915 26 91 00,http://www.linkedin.com/in/almudena-almoguera-75352372,Mahou San Miguel,Community of Madrid,Spain,https://mahou-sanmiguel.com,Alcohol,Apollo,Beer Brand,http://www.linkedin.com/company/mahou-san-miguel,https://www.facebook.com/Ciclogreen-555591811189430/,https://twitter.com/ciclogreen
Nick,Firestone,Chief Executive Officer,nick@firestonewalker.com,+1 805-225-5911,http://www.linkedin.com/in/nick-firestone-a042b095,Firestone Walker Brewing Company,California,United States,https://firestonewalker.com,Alcohol,Apollo,Beer Brand,http://www.linkedin.com/company/firestone-walker-brewing-company,https://www.facebook.com/firestone.walker,https://twitter.com/firestonewalker
Patrick,Campolongo,Customer Marketing Merchandise Buyer,patrick.campolongo@lagunitas.com,+1 707-769-4495,http://www.linkedin.com/in/patrickcampolongo,Lagunitas Brewing Company,California,United States,https://lagunitas.com,Alcohol,Apollo,Beer Brand,http://www.linkedin.com/company/lagunitas-brewing-co-,https://facebook.com/LagunitasBrewingCo,https://twitter.com/lagunitast
Kelsey,Ireland,Senior Director of Marketing: Creative & Operations,kelsey.ireland@newbelgium.com,+1 970-221-0524,http://www.linkedin.com/in/kelseymireland,New Belgium Brewing,Colorado,United States,https://newbelgium.com,Alcohol,Apollo,Beer Brand,http://www.linkedin.com/company/new-belgium-brewing-company,https://facebook.com/newbelgium,https://twitter.com/newbelgium
Dave,Knospe,Chief Marketing Officer,dknospe@newbelgium.com,+1 970-221-0524,http://www.linkedin.com/in/daveknospe,New Belgium Brewing,Colorado,United States,https://newbelgium.com,Alcohol,Apollo,Beer Brand,http://www.linkedin.com/company/new-belgium-brewing-company,https://facebook.com/newbelgium,https://twitter.com/newbelgium
Neal,Stewart,I Build Brands,nstewart@yuenglingcompany.com,+1 570-622-4141,http://www.linkedin.com/in/nealstewart,"D.G. Yuengling & Son, Inc.",Kentucky,United States,https://yuengling.com,Alcohol,Apollo,Beer Brand,http://www.linkedin.com/company/d-g-yuengling-&-son-inc,https://facebook.com/yuengling,https://twitter.com/Yuengling_Beer
Elijah,Hernandez,Marketing Specialist,ehernandez@newbelgium.com,+1 970-221-0524,http://www.linkedin.com/in/elijah-hernandez-105591150,New Belgium Brewing,North Carolina,United States,https://newbelgium.com,Alcohol,Apollo,Beer Brand,http://www.linkedin.com/company/new-belgium-brewing-company,https://facebook.com/newbelgium,https://twitter.com/newbelgium
Melissa,Dekoff,Enterprise Marketing Operations Manager,mdekoff@newbelgium.com,+1 970-221-0524,http://www.linkedin.com/in/melissa-dekoff-188a3632,New Belgium Brewing,Michigan,United States,https://newbelgium.com,Alcohol,Apollo,Beer Brand,http://www.linkedin.com/company/new-belgium-brewing-company,https://facebook.com/newbelgium,https://twitter.com/newbelgium
Lilly,Mehdirad,Product Marketing Manager,lilly.mehdirad@anheuser-busch.com,+1 503-331-7270,http://www.linkedin.com/in/lilly-mehdirad-mba-624122114,Anheuser-Busch,Missouri,United States,https://anheuser-busch.com,Alcohol,Apollo,Beer Brand,http://www.linkedin.com/company/anheuser-busch,https://www.facebook.com/AnheuserBusch,https://twitter.com/AnheuserBusch
Brad,Hittle,Chief Marketing Officer,brad.hittle@pabstbrewingco.com,+1 800-947-2278,http://www.linkedin.com/in/brad-hittle-052abb1b,Pabst Brewing Company,Illinois,United States,https://pabst.com,Alcohol,Apollo,Beer Brand,http://www.linkedin.com/company/pabst-brewing-company,,
Justin,Clark,VP of Marketing,justin@canarchy.beer,+1 720-815-0200,http://www.linkedin.com/in/justin-c-b6976010b,Monster Brewing Company,Florida,United States,https://monsterbrewing.com,Alcohol,Apollo,Beer Brand,http://www.linkedin.com/company/monster-brewing-company,,
Ashton,Dewey,Creative Marketing Manager,adewey@pabst.com,+1 800-947-2278,http://www.linkedin.com/in/ashton-dewey-001152114,Pabst Brewing Company,California,United States,https://pabst.com,Alcohol,Apollo,Beer Brand,http://www.linkedin.com/company/pabst-brewing-company,,
Mattie,Shook,"Senior Director of Marketing, NÜTRL",mattie.shook@anheuser-busch.com,+1 503-331-7270,http://www.linkedin.com/in/mattie-shook-79aa53104,Anheuser-Busch,New York,United States,https://anheuser-busch.com,Alcohol,Apollo,Beer Brand,http://www.linkedin.com/company/anheuser-busch,https://www.facebook.com/AnheuserBusch,https://twitter.com/AnheuserBusch
Lisa,Kiefer,Marketing Operations Coordinator,lkiefer@newbelgium.com,+1 970-221-0524,http://www.linkedin.com/in/lisa-kiefer-885582214,New Belgium Brewing,Colorado,United States,https://newbelgium.com,Alcohol,Apollo,Beer Brand,http://www.linkedin.com/company/new-belgium-brewing-company,https://facebook.com/newbelgium,https://twitter.com/newbelgium
Maura,Leddy,"Administrator, Marketing",maura.leddy@anheuser-busch.com,+1 503-331-7270,http://www.linkedin.com/in/maura-leddy-243b087b,Anheuser-Busch,New York,United States,https://anheuser-busch.com,Alcohol,Apollo,Beer Brand,http://www.linkedin.com/company/anheuser-busch,https://www.facebook.com/AnheuserBusch,https://twitter.com/AnheuserBusch
Alex,Sardella,NorCal Marketing Manager,alex.sardella@firestonewalker.com,+1 805-225-5911,http://www.linkedin.com/in/alex-sardella,Firestone Walker Brewing Company,California,United States,https://firestonewalker.com,Alcohol,Apollo,Beer Brand,http://www.linkedin.com/company/firestone-walker-brewing-company,https://www.facebook.com/firestone.walker,https://twitter.com/firestonewalker
Vittoria,Van Vleck,805 Culture Marketing Manager,vvanvleck@firestonebeer.com,+1 805-225-5911,http://www.linkedin.com/in/vittoria-van-vleck,Firestone Walker Brewing Company,California,United States,https://firestonewalker.com,Alcohol,Apollo,Beer Brand,http://www.linkedin.com/company/firestone-walker-brewing-company,https://www.facebook.com/firestone.walker,https://twitter.com/firestonewalker
Sophia,Crouzet,Marketing Director,scrouzet@firestonebeer.com,+1 805-225-5911,http://www.linkedin.com/in/sophiacrouzet,Firestone Walker Brewing Company,California,United States,https://firestonewalker.com,Alcohol,Apollo,Beer Brand,http://www.linkedin.com/company/firestone-walker-brewing-company,https://www.facebook.com/firestone.walker,https://twitter.com/firestonewalker
Marc,Cheever,Marketing Manager,mcheever@artbrewventures.com,,http://www.linkedin.com/in/marc-cheever-00b277233,Artisanal Brewing Ventures,Florida,United States,https://artbrewventures.com,Alcohol,Apollo,Beer Brand,http://www.linkedin.com/company/artisanal-brewing-ventures,https://www.facebook.com/198733477387568,
Marta,Epalza Ceberio,Marketing de Clientes- Cuentas Nacionales,mepalzac@mahou-sanmiguel.com,+34 915 26 91 00,http://www.linkedin.com/in/marta-epalza-ceberio-9a459b47,Mahou San Miguel,,Spain,https://mahou-sanmiguel.com,Alcohol,Apollo,Beer Brand,http://www.linkedin.com/company/mahou-san-miguel,https://www.facebook.com/Ciclogreen-555591811189430/,https://twitter.com/ciclogreen
Marissa,Desantis,"Brand Manager, Marketing",marissad@greatlakesbrewing.com,+1 216-771-4404,http://www.linkedin.com/in/marissa-desantis-3665749,Great Lakes Brewing Company,Ohio,United States,https://greatlakesbrewing.com,Alcohol,Apollo,Beer Brand,http://www.linkedin.com/company/great-lakes-brewing-company,https://facebook.com/greatlakesbrewingco,https://twitter.com/GLBC_Cleveland
Brett,Vanderkamp,Chief Executive Officer,bvanderkamp@newhollandbrew.com,+1 616-355-6422,http://www.linkedin.com/in/brett-vanderkamp-7474425,New Holland Brewing Company,Michigan,United States,https://newhollandbrew.com,Alcohol,Apollo,Beer Brand,http://www.linkedin.com/company/new-holland-brewing-company,https://facebook.com/newhollandbrew,https://twitter.com/newhollandbrew
Maria,Fernandez Castro,Customer Marketing Manager,igarciaf@mahou-sanmiguel.com,+34 915 26 91 00,http://www.linkedin.com/in/mar%c3%ada-fern%c3%a1ndez-castro,Mahou San Miguel,Community of Madrid,Spain,https://mahou-sanmiguel.com,Alcohol,Apollo,Beer Brand,http://www.linkedin.com/company/mahou-san-miguel,https://www.facebook.com/Ciclogreen-555591811189430/,https://twitter.com/ciclogreen
Mercedes,Valdes Charlen,Marketing Director | Water Unit | Mahou San Miguel,mercedes.charlen@mahou-sanmiguel.com,+34 915 26 91 00,http://www.linkedin.com/in/mercedesvaldes,Mahou San Miguel,Community of Madrid,Spain,https://mahou-sanmiguel.com,Alcohol,Apollo,Beer Brand,http://www.linkedin.com/company/mahou-san-miguel,https://www.facebook.com/Ciclogreen-555591811189430/,https://twitter.com/ciclogreen
Elizabeth,Wilson,Marketing Manager,ewilson@allagash.com,+1 800-330-5385,http://www.linkedin.com/in/emerylwilson,Allagash Brewing Company,Maine,United States,https://allagash.com,Alcohol,Apollo,Beer Brand,http://www.linkedin.com/company/allagash-brewing-company,https://facebook.com/allagashbrewingcompany,https://twitter.com/allagashbrewing
Ione,Serrano Medina,Customer Marketing Manager,iserranom@mahou-sanmiguel.com,+34 915 26 91 00,http://www.linkedin.com/in/ione-serrano-medina-19168113,Mahou San Miguel,Community of Madrid,Spain,https://mahou-sanmiguel.com,Alcohol,Apollo,Beer Brand,http://www.linkedin.com/company/mahou-san-miguel,https://www.facebook.com/Ciclogreen-555591811189430/,https://twitter.com/ciclogreen
Maria,Martinez Ahumada,Customer Marketing Latam y Expansión,mariag@mahou-sanmiguel.com,+34 915 26 91 00,http://www.linkedin.com/in/mctrademarketing,Mahou San Miguel,,Spain,https://mahou-sanmiguel.com,Alcohol,Apollo,Beer Brand,http://www.linkedin.com/company/mahou-san-miguel,https://www.facebook.com/Ciclogreen-555591811189430/,https://twitter.com/ciclogreen
Robert,Mingo,Market Manager LA,robert.mingo@monsterbrewing.com,+1 720-815-0200,http://www.linkedin.com/in/robert-mingo,Monster Brewing Company,Louisiana,United States,https://monsterbrewing.com,Alcohol,Apollo,Beer Brand,http://www.linkedin.com/company/monster-brewing-company,,
Ion,Gallego Cenoz,Controller de Marketing y Desarrollo Comercial,ion.gallego@mahou-sanmiguel.com,+34 915 26 91 00,http://www.linkedin.com/in/iongallegocenoz,Mahou San Miguel,Community of Madrid,Spain,https://mahou-sanmiguel.com,Alcohol,Apollo,Beer Brand,http://www.linkedin.com/company/mahou-san-miguel,https://www.facebook.com/Ciclogreen-555591811189430/,https://twitter.com/ciclogreen
Alyssa,Smith,Digital Marketing Manager,alyssa.smith@firestonewalker.com,+1 805-225-5911,http://www.linkedin.com/in/alyssa-smith-346920106,Firestone Walker Brewing Company,California,United States,https://firestonewalker.com,Alcohol,Apollo,Beer Brand,http://www.linkedin.com/company/firestone-walker-brewing-company,https://www.facebook.com/firestone.walker,https://twitter.com/firestonewalker
Ashley,Major,Marketing & Commercial Growth,ashley.major@anheuser-busch.com,+1 503-331-7270,http://www.linkedin.com/in/ashley-major-31b037122,Anheuser-Busch,New York,United States,https://anheuser-busch.com,Alcohol,Apollo,Beer Brand,http://www.linkedin.com/company/anheuser-busch,https://www.facebook.com/AnheuserBusch,https://twitter.com/AnheuserBusch
Antonio,Longo,Culture Marketing Manager NY,alongo@pabst.com,+1 800-947-2278,http://www.linkedin.com/in/antonio-longo-a46942125,Pabst Brewing Company,New York,United States,https://pabst.com,Alcohol,Apollo,Beer Brand,http://www.linkedin.com/company/pabst-brewing-company,,
Lacey,Clifford,"Sr. Director, Marketing Communications",lacey.clifford@anheuser-busch.com,+1 503-331-7270,http://www.linkedin.com/in/laceyclifford,Anheuser-Busch,New York,United States,https://anheuser-busch.com,Alcohol,Apollo,Beer Brand,http://www.linkedin.com/company/anheuser-busch,https://www.facebook.com/AnheuserBusch,https://twitter.com/AnheuserBusch
Andres,Bernar,Marketing Transformation Specialist,abernar@mahou-sanmiguel.com,+34 915 26 91 00,http://www.linkedin.com/in/andresbernar,Mahou San Miguel,Community of Madrid,Spain,https://mahou-sanmiguel.com,Alcohol,Apollo,Beer Brand,http://www.linkedin.com/company/mahou-san-miguel,https://www.facebook.com/Ciclogreen-555591811189430/,https://twitter.com/ciclogreen
Jonathan,Rich,Regional Marketing Manager - The Beast,jd.rich@canarchy.beer,+1 720-815-0200,http://www.linkedin.com/in/jdavidrich615,Monster Brewing Company,Tennessee,United States,https://monsterbrewing.com,Alcohol,Apollo,Beer Brand,http://www.linkedin.com/company/monster-brewing-company,,
Ryan,Hartsfield,Sr. Director - Digital Marketing,ryan.hartsfield@monsterbrewing.com,+1 720-815-0200,http://www.linkedin.com/in/ryanhartsfield,Monster Brewing Company,California,United States,https://monsterbrewing.com,Alcohol,Apollo,Beer Brand,http://www.linkedin.com/company/monster-brewing-company,,
Felipe,Barroso Silva,Becario de Marketing y Patrocinios,fbarrososilva@mahou-sanmiguel.com,+34 915 26 91 00,http://www.linkedin.com/in/felipe-barroso-silva-b4118b205,Mahou San Miguel,Community of Madrid,Spain,https://mahou-sanmiguel.com,Alcohol,Apollo,Beer Brand,http://www.linkedin.com/company/mahou-san-miguel,https://www.facebook.com/Ciclogreen-555591811189430/,https://twitter.com/ciclogreen
Greig,Debow,Chief Executive Officer,gdebow@pabst.com,+1 800-947-2278,http://www.linkedin.com/in/greig-debow-44847415,Pabst Brewing Company,,United States,https://pabst.com,Alcohol,Apollo,Beer Brand,http://www.linkedin.com/company/pabst-brewing-company,,
Matt,Garstka,Marketing Manager,garstka@trilliumbrewing.com,+1 781-562-0073,http://www.linkedin.com/in/matt-garstka-768272238,Trillium Brewing Company,Massachusetts,United States,https://trilliumbrewing.com,Alcohol,Apollo,Beer Brand,http://www.linkedin.com/company/trillium-brewing-company,https://facebook.com/trilliumbrewing/,https://twitter.com/trilliumbrewing
Mark,Lacheta,Marketing Coordinator,mark.lacheta@anheuser-busch.com,+1 503-331-7270,http://www.linkedin.com/in/mark-lacheta-993161174,Anheuser-Busch,,United States,https://anheuser-busch.com,Alcohol,Apollo,Beer Brand,http://www.linkedin.com/company/anheuser-busch,https://www.facebook.com/AnheuserBusch,https://twitter.com/AnheuserBusch
John,Coleman,Chief Executive Officer,jcoleman@artbrewventures.com,,http://www.linkedin.com/in/john-coleman-0a545378,Artisanal Brewing Ventures,North Carolina,United States,https://artbrewventures.com,Alcohol,Apollo,Beer Brand,http://www.linkedin.com/company/artisanal-brewing-ventures,https://www.facebook.com/198733477387568,
Bethany,Ingerick,Marketing Coordinator,bingerick@yuengling.com,+1 570-622-4141,http://www.linkedin.com/in/bethanyingerick,"D.G. Yuengling & Son, Inc.",Pennsylvania,United States,https://yuengling.com,Alcohol,Apollo,Beer Brand,http://www.linkedin.com/company/d-g-yuengling-&-son-inc,https://facebook.com/yuengling,https://twitter.com/Yuengling_Beer
Alex,Bach,Senior Culture Marketing Manager,avbach@gmail.com,+1 800-947-2278,http://www.linkedin.com/in/alex-bach-3b34087,Pabst Brewing Company,Illinois,United States,https://pabst.com,Alcohol,Apollo,Beer Brand,http://www.linkedin.com/company/pabst-brewing-company,,
Marina,Casas Albertos,Marketing Local y de Clientes en Mahou San Miguel,mcasasa@mahou-sanmiguel.com,+34 915 26 91 00,http://www.linkedin.com/in/marina-casas-albertos,Mahou San Miguel,Community of Madrid,Spain,https://mahou-sanmiguel.com,Alcohol,Apollo,Beer Brand,http://www.linkedin.com/company/mahou-san-miguel,https://www.facebook.com/Ciclogreen-555591811189430/,https://twitter.com/ciclogreen
Tiffany,Banfield,Executive Administrator to Chief Executive Officer,tbanfield@newbelgium.com,+1 970-221-0524,http://www.linkedin.com/in/tiffanygbanfield-4a1946157,New Belgium Brewing,Colorado,United States,https://newbelgium.com,Alcohol,Apollo,Beer Brand,http://www.linkedin.com/company/new-belgium-brewing-company,https://facebook.com/newbelgium,https://twitter.com/newbelgium
Marta,Martinez Macarron,Marketing Services - Jefe Medios,martam@mahou-sanmiguel.com,+34 915 26 91 00,http://www.linkedin.com/in/martamartinezmacarron,Mahou San Miguel,Catalonia,Spain,https://mahou-sanmiguel.com,Alcohol,Apollo,Beer Brand,http://www.linkedin.com/company/mahou-san-miguel,https://www.facebook.com/Ciclogreen-555591811189430/,https://twitter.com/ciclogreen
Javier,Barba Perez,Customer Marketing Manager,jperez@mahou-sanmiguel.com,+34 915 26 91 00,http://www.linkedin.com/in/javier-barba-p%c3%a9rez-777a3a289,Mahou San Miguel,,Spain,https://mahou-sanmiguel.com,Alcohol,Apollo,Beer Brand,http://www.linkedin.com/company/mahou-san-miguel,https://www.facebook.com/Ciclogreen-555591811189430/,https://twitter.com/ciclogreen
Sivan,Roditi,"Marketing Measurement Analyst: Budweiser, Michelob Ultra, Bud Light, Busch Light, Cutwater, Beatbox",sivan.roditi@anheuser-busch.com,+1 503-331-7270,http://www.linkedin.com/in/sivan-roditi,Anheuser-Busch,New York,United States,https://anheuser-busch.com,Alcohol,Apollo,Beer Brand,http://www.linkedin.com/company/anheuser-busch,https://www.facebook.com/AnheuserBusch,https://twitter.com/AnheuserBusch
Camila,Lizana Toresano,Marketing Internacional Europa,clizanat@mahou-sanmiguel.com,+34 915 26 91 00,http://www.linkedin.com/in/camilalizanatoresano,Mahou San Miguel,Community of Madrid,Spain,https://mahou-sanmiguel.com,Alcohol,Apollo,Beer Brand,http://www.linkedin.com/company/mahou-san-miguel,https://www.facebook.com/Ciclogreen-555591811189430/,https://twitter.com/ciclogreen
Hugo,Perez,Marketing Local y Clientes Zona Noroeste,hperezp@mahou-sanmiguel.com,+34 915 26 91 00,http://www.linkedin.com/in/hugo-perez-2b161524,Mahou San Miguel,Galicia,Spain,https://mahou-sanmiguel.com,Alcohol,Apollo,Beer Brand,http://www.linkedin.com/company/mahou-san-miguel,https://www.facebook.com/Ciclogreen-555591811189430/,https://twitter.com/ciclogreen
Erin,Smith,"Sr. Vice President, Marketing",erin.smith@sapporo-stonebrewing.com,+1 760-294-7899,http://www.linkedin.com/in/erin-smith-a91a8263,Stone Brewing,California,United States,https://sapporo-stonebrewing.com,Alcohol,Apollo,Beer Brand,http://www.linkedin.com/company/stone-brewing,https://facebook.com/StoneBrewingRichmond/,https://twitter.com/StoneBrewing
Nick,Morrow,Director of Commercial Marketing - Cutwater Spirits,nick.morrow@anheuser-busch.com,+1 503-331-7270,http://www.linkedin.com/in/nicolas-morrow,Anheuser-Busch,Texas,United States,https://anheuser-busch.com,Alcohol,Apollo,Beer Brand,http://www.linkedin.com/company/anheuser-busch,https://www.facebook.com/AnheuserBusch,https://twitter.com/AnheuserBusch
Rosa,Z.,Marketing Director,rosaz@mahou-sanmiguel.com,+34 915 26 91 00,http://www.linkedin.com/in/rosa-z-98386713,Mahou San Miguel,Community of Madrid,Spain,https://mahou-sanmiguel.com,Alcohol,Apollo,Beer Brand,http://www.linkedin.com/company/mahou-san-miguel,https://www.facebook.com/Ciclogreen-555591811189430/,https://twitter.com/ciclogreen
Joana,A Cortes,Marketing Specialist,jcortes@mahou-sanmiguel.com,+34 915 26 91 00,http://www.linkedin.com/in/joana-a-cortes-9b9377299,Mahou San Miguel,Catalonia,Spain,https://mahou-sanmiguel.com,Alcohol,Apollo,Beer Brand,http://www.linkedin.com/company/mahou-san-miguel,https://www.facebook.com/Ciclogreen-555591811189430/,https://twitter.com/ciclogreen
Preston,Brown,Director of Marketing Operations,pbrown@canarchy.beer,+1 720-815-0200,http://www.linkedin.com/in/preston-m-brown,Monster Brewing Company,California,United States,https://monsterbrewing.com,Alcohol,Apollo,Beer Brand,http://www.linkedin.com/company/monster-brewing-company,,
Branden,Miller,Beyond Beer Manager - TN,branden.miller@anheuser-busch.com,+1 503-331-7270,http://www.linkedin.com/in/brandentmiller,Anheuser-Busch,Tennessee,United States,https://anheuser-busch.com,Alcohol,Apollo,Beer Brand,http://www.linkedin.com/company/anheuser-busch,https://www.facebook.com/AnheuserBusch,https://twitter.com/AnheuserBusch
Katie,Scott,Marketing Operations Specialist,kscott@newbelgium.com,+1 970-221-0524,http://www.linkedin.com/in/katiescott312,New Belgium Brewing,Georgia,United States,https://newbelgium.com,Alcohol,Apollo,Beer Brand,http://www.linkedin.com/company/new-belgium-brewing-company,https://facebook.com/newbelgium,https://twitter.com/newbelgium
Jen,Holtzman,Director of Marketing Programming,jholtzman@yuengling.com,+1 570-622-4141,http://www.linkedin.com/in/jen-holtzman-45362075,"D.G. Yuengling & Son, Inc.",Pennsylvania,United States,https://yuengling.com,Alcohol,Apollo,Beer Brand,http://www.linkedin.com/company/d-g-yuengling-&-son-inc,https://facebook.com/yuengling,https://twitter.com/Yuengling_Beer
Pryce,Greenow,President & CEO,pryce.greenow@sierranevada.com,+1 530-893-3520,http://www.linkedin.com/in/pryce-greenow-1054981,Sierra Nevada Brewing Co.,North Carolina,United States,https://sierranevada.com,Alcohol,Apollo,Beer Brand,http://www.linkedin.com/company/sierra-nevada-brewing-co-,https://www.facebook.com/sierranevadabeer,https://twitter.com/SierraNevada
Jorge,Gayoso,Content & Activation Specialist - Marketing,jgayoso@mahou-sanmiguel.com,+34 915 26 91 00,http://www.linkedin.com/in/jorge-gayoso-381b3a35,Mahou San Miguel,Community of Madrid,Spain,https://mahou-sanmiguel.com,Alcohol,Apollo,Beer Brand,http://www.linkedin.com/company/mahou-san-miguel,https://www.facebook.com/Ciclogreen-555591811189430/,https://twitter.com/ciclogreen
Emily,Piper,Brand Marketing,epiper@newbelgium.com,+1 970-221-0524,http://www.linkedin.com/in/emily-dufficy,New Belgium Brewing,Colorado,United States,https://newbelgium.com,Alcohol,Apollo,Beer Brand,http://www.linkedin.com/company/new-belgium-brewing-company,https://facebook.com/newbelgium,https://twitter.com/newbelgium
Jessica,Roth,Marketing Specialist,jessica.roth@lagunitas.com,+1 707-769-4495,http://www.linkedin.com/in/jessica-roth-267b0214,Lagunitas Brewing Company,California,United States,https://lagunitas.com,Alcohol,Apollo,Beer Brand,http://www.linkedin.com/company/lagunitas-brewing-co-,https://facebook.com/LagunitasBrewingCo,https://twitter.com/lagunitast
Catherine,Vignale,"Director, Omni Channel Marketing",catblackwell@gmail.com,+1 707-769-4495,http://www.linkedin.com/in/catherine-vignale,Lagunitas Brewing Company,California,United States,https://lagunitas.com,Alcohol,Apollo,Beer Brand,http://www.linkedin.com/company/lagunitas-brewing-co-,https://facebook.com/LagunitasBrewingCo,https://twitter.com/lagunitast
Kavya,Garg,Head of Marketing Analytics,kavya.garg@anheuser-busch.com,+1 503-331-7270,http://www.linkedin.com/in/kavyagarg,Anheuser-Busch,New York,United States,https://anheuser-busch.com,Alcohol,Apollo,Beer Brand,http://www.linkedin.com/company/anheuser-busch,https://www.facebook.com/AnheuserBusch,https://twitter.com/AnheuserBusch
Francisco,Fernandez Duran,Customer Marketing Manager,ffernandez@mahou-sanmiguel.com,+34 915 26 91 00,http://www.linkedin.com/in/franciscojfernandez01,Mahou San Miguel,Community of Madrid,Spain,https://mahou-sanmiguel.com,Alcohol,Apollo,Beer Brand,http://www.linkedin.com/company/mahou-san-miguel,https://www.facebook.com/Ciclogreen-555591811189430/,https://twitter.com/ciclogreen
Abby,Czarniecki,Digital Growth Marketing Manager,aczarniecki@newbelgium.com,+1 970-221-0524,http://www.linkedin.com/in/abby-czarniecki-966a89105,New Belgium Brewing,Colorado,United States,https://newbelgium.com,Alcohol,Apollo,Beer Brand,http://www.linkedin.com/company/new-belgium-brewing-company,https://facebook.com/newbelgium,https://twitter.com/newbelgium
Zac,Nadile,Marketing Team,zac.nadile@pabstbrewingco.com,+1 800-947-2278,http://www.linkedin.com/in/zacnadile,Pabst Brewing Company,California,United States,https://pabst.com,Alcohol,Apollo,Beer Brand,http://www.linkedin.com/company/pabst-brewing-company,,
Trevor,Needle,Sr. Marketing Director,trevor.needle@anheuser-busch.com,+1 503-331-7270,http://www.linkedin.com/in/trevorneedle,Anheuser-Busch,Arizona,United States,https://anheuser-busch.com,Alcohol,Apollo,Beer Brand,http://www.linkedin.com/company/anheuser-busch,https://www.facebook.com/AnheuserBusch,https://twitter.com/AnheuserBusch
Jacob,Sievers,Marketing Coordinator,jsievers@yuenglingcompany.com,+1 570-622-4141,http://www.linkedin.com/in/jacob-sievers-8bb29a127,"D.G. Yuengling & Son, Inc.",Missouri,United States,https://yuengling.com,Alcohol,Apollo,Beer Brand,http://www.linkedin.com/company/d-g-yuengling-&-son-inc,https://facebook.com/yuengling,https://twitter.com/Yuengling_Beer
Nathan,Gogno,Marketing Administration - Merchandising,ngogno@yuengling.com,+1 570-622-4141,http://www.linkedin.com/in/nathan-gogno-5039479,"D.G. Yuengling & Son, Inc.",Pennsylvania,United States,https://yuengling.com,Alcohol,Apollo,Beer Brand,http://www.linkedin.com/company/d-g-yuengling-&-son-inc,https://facebook.com/yuengling,https://twitter.com/Yuengling_Beer
Shelby,Allen,805 Marketing Specialist,shelby.allen@firestonewalker.com,+1 805-225-5911,http://www.linkedin.com/in/shelby-allen-85916917b,Firestone Walker Brewing Company,California,United States,https://firestonewalker.com,Alcohol,Apollo,Beer Brand,http://www.linkedin.com/company/firestone-walker-brewing-company,https://www.facebook.com/firestone.walker,https://twitter.com/firestonewalker
Dorus,Leenaarts,Head of Customer Marketing & Activation,dleenaarts@mahou-sanmiguel.com,+34 915 26 91 00,http://www.linkedin.com/in/dorusleenaarts,Mahou San Miguel,Community of Madrid,Spain,https://mahou-sanmiguel.com,Alcohol,Apollo,Beer Brand,http://www.linkedin.com/company/mahou-san-miguel,https://www.facebook.com/Ciclogreen-555591811189430/,https://twitter.com/ciclogreen
Rhonda,Moniz,Marketing,rhonda.m@newbelgium.com,+1 970-221-0524,http://www.linkedin.com/in/rhonda-moniz-684213143,New Belgium Brewing,Arizona,United States,https://newbelgium.com,Alcohol,Apollo,Beer Brand,http://www.linkedin.com/company/new-belgium-brewing-company,https://facebook.com/newbelgium,https://twitter.com/newbelgium
Alyssa,Kreutz,"Senior Marketing Manager - Hearted Family, Bell's Innovation",akreutz@newbelgium.com,+1 970-221-0524,http://www.linkedin.com/in/kreutzalyssa,New Belgium Brewing,Illinois,United States,https://newbelgium.com,Alcohol,Apollo,Beer Brand,http://www.linkedin.com/company/new-belgium-brewing-company,https://facebook.com/newbelgium,https://twitter.com/newbelgium
Halie,Mohr,"Sr. Director, Marketing Phorm Energy",halie.mohr@anheuser-busch.com,+1 503-331-7270,http://www.linkedin.com/in/halie-mohr-91877926,Anheuser-Busch,Missouri,United States,https://anheuser-busch.com,Alcohol,Apollo,Beer Brand,http://www.linkedin.com/company/anheuser-busch,https://www.facebook.com/AnheuserBusch,https://twitter.com/AnheuserBusch
Heather,Johnston,VP of Marketing,hjohnston@newbelgium.com,+1 970-221-0524,http://www.linkedin.com/in/heather-johnston-1aa1177,New Belgium Brewing,Colorado,United States,https://newbelgium.com,Alcohol,Apollo,Beer Brand,http://www.linkedin.com/company/new-belgium-brewing-company,https://facebook.com/newbelgium,https://twitter.com/newbelgium
Alexandra,Del Campo,Procurement Specialist - Compras de Servicios de Marketing,agarciadc@mahou-sanmiguel.com,+34 915 26 91 00,http://www.linkedin.com/in/alexandragarciadelcampo,Mahou San Miguel,Community of Madrid,Spain,https://mahou-sanmiguel.com,Alcohol,Apollo,Beer Brand,http://www.linkedin.com/company/mahou-san-miguel,https://www.facebook.com/Ciclogreen-555591811189430/,https://twitter.com/ciclogreen
Casilda,Alvarez De Toledo,Abogado Comercial y Marketing,calvarez@mahou-sanmiguel.com,+34 915 26 91 00,http://www.linkedin.com/in/casilda-contreras-%c3%a1lvarez-de-toledo-abogado,Mahou San Miguel,Community of Madrid,Spain,https://mahou-sanmiguel.com,Alcohol,Apollo,Beer Brand,http://www.linkedin.com/company/mahou-san-miguel,https://www.facebook.com/Ciclogreen-555591811189430/,https://twitter.com/ciclogreen
Julian,Saez,Comprador Area Servicios Marketing,jsaez@mahou-sanmiguel.com,+34 915 26 91 00,http://www.linkedin.com/in/juli%c3%a1n-s%c3%a1ez-03b99280,Mahou San Miguel,Community of Madrid,Spain,https://mahou-sanmiguel.com,Alcohol,Apollo,Beer Brand,http://www.linkedin.com/company/mahou-san-miguel,https://www.facebook.com/Ciclogreen-555591811189430/,https://twitter.com/ciclogreen
Sara,Ahrenhoersterbaeumer,"Manager, Partnership Marketing",sara.ahrenhoersterbaeumer@anheuser-busch.com,+1 503-331-7270,http://www.linkedin.com/in/sara-ahrenhoersterbaeumer-187a7693,Anheuser-Busch,Missouri,United States,https://anheuser-busch.com,Alcohol,Apollo,Beer Brand,http://www.linkedin.com/company/anheuser-busch,https://www.facebook.com/AnheuserBusch,https://twitter.com/AnheuserBusch
Lucas,Alger,Marketing Operations Coordinator,lalger@newbelgium.com,+1 970-221-0524,http://www.linkedin.com/in/lucas-alger-186053202,New Belgium Brewing,Colorado,United States,https://newbelgium.com,Alcohol,Apollo,Beer Brand,http://www.linkedin.com/company/new-belgium-brewing-company,https://facebook.com/newbelgium,https://twitter.com/newbelgium
Daniel,Pitts,Marketing Coordinator,daniel.pitts@anheuser-busch.com,+1 503-331-7270,http://www.linkedin.com/in/daniel-pitts-1066ab1b0,Anheuser-Busch,,United States,https://anheuser-busch.com,Alcohol,Apollo,Beer Brand,http://www.linkedin.com/company/anheuser-busch,https://www.facebook.com/AnheuserBusch,https://twitter.com/AnheuserBusch
Torrey,Fields,Senior Retail Marketing Manager,torrey.fields@monsterbrewing.com,+1 720-815-0200,http://www.linkedin.com/in/torrey-fields,Monster Brewing Company,Colorado,United States,https://monsterbrewing.com,Alcohol,Apollo,Beer Brand,http://www.linkedin.com/company/monster-brewing-company,,
Stephanie,Ruiz,Digital Marketing Manager,stephanie.ruiz@firestonewalker.com,+1 805-225-5911,http://www.linkedin.com/in/hirestephanieruiz,Firestone Walker Brewing Company,California,United States,https://firestonewalker.com,Alcohol,Apollo,Beer Brand,http://www.linkedin.com/company/firestone-walker-brewing-company,https://www.facebook.com/firestone.walker,https://twitter.com/firestonewalker
Alyssa,Spain,Marketing Professional,aspain@artbrewventures.com,,http://www.linkedin.com/in/alyssa-spain-651b2443,Artisanal Brewing Ventures,North Carolina,United States,https://artbrewventures.com,Alcohol,Apollo,Beer Brand,http://www.linkedin.com/company/artisanal-brewing-ventures,https://www.facebook.com/198733477387568,
Clara,Garcia Cima,Marketing Local y de Clientes,cgarcia@mahou-sanmiguel.com,+34 915 26 91 00,http://www.linkedin.com/in/clara-garc%c3%ada-cima-b94a14b6,Mahou San Miguel,Principado de Asturias,Spain,https://mahou-sanmiguel.com,Alcohol,Apollo,Beer Brand,http://www.linkedin.com/company/mahou-san-miguel,https://www.facebook.com/Ciclogreen-555591811189430/,https://twitter.com/ciclogreen
Adam,Leija,Marketing Coordinator,adam.leija@anheuser-busch.com,+1 503-331-7270,http://www.linkedin.com/in/adam-leija-978bab97,Anheuser-Busch,California,United States,https://anheuser-busch.com,Alcohol,Apollo,Beer Brand,http://www.linkedin.com/company/anheuser-busch,https://www.facebook.com/AnheuserBusch,https://twitter.com/AnheuserBusch
Stephanie,Siciliano,Marketing Specialist,ssiciliano@newbelgium.com,+1 970-221-0524,http://www.linkedin.com/in/stephaniesiciliano,New Belgium Brewing,Pennsylvania,United States,https://newbelgium.com,Alcohol,Apollo,Beer Brand,http://www.linkedin.com/company/new-belgium-brewing-company,https://facebook.com/newbelgium,https://twitter.com/newbelgium
Angelica,Hernandez Lopez,Global Marketing Director Water Drinks,angelica.hernandez@mahou-sanmiguel.com,+34 915 26 91 00,http://www.linkedin.com/in/angelicahernandez,Mahou San Miguel,Community of Madrid,Spain,https://mahou-sanmiguel.com,Alcohol,Apollo,Beer Brand,http://www.linkedin.com/company/mahou-san-miguel,https://www.facebook.com/Ciclogreen-555591811189430/,https://twitter.com/ciclogreen
Dustin,Hinz,Chief Marketing Officer,dustin.hinz@firestonewalker.com,+1 805-225-5911,http://www.linkedin.com/in/dustinhinz,Firestone Walker Brewing Company,California,United States,https://firestonewalker.com,Alcohol,Apollo,Beer Brand,http://www.linkedin.com/company/firestone-walker-brewing-company,https://www.facebook.com/firestone.walker,https://twitter.com/firestonewalker
Ana,Soto,International Marketing Manager,asoto@mahou-sanmiguel.com,+34 915 26 91 00,http://www.linkedin.com/in/ana-soto-b6b19858,Mahou San Miguel,Community of Madrid,Spain,https://mahou-sanmiguel.com,Alcohol,Apollo,Beer Brand,http://www.linkedin.com/company/mahou-san-miguel,https://www.facebook.com/Ciclogreen-555591811189430/,https://twitter.com/ciclogreen
Giulia,Aranols,Global Marketing Specialist,garanols@mahou-sanmiguel.com,+34 915 26 91 00,http://www.linkedin.com/in/giulia-aranols,Mahou San Miguel,Community of Madrid,Spain,https://mahou-sanmiguel.com,Alcohol,Apollo,Beer Brand,http://www.linkedin.com/company/mahou-san-miguel,https://www.facebook.com/Ciclogreen-555591811189430/,https://twitter.com/ciclogreen
Katie,McNulty,Director of Marketing,kmcnulty@revbrew.com,+1 773-227-2739,http://www.linkedin.com/in/katherinemcnulty,Revolution Brewing Chicago,Illinois,United States,https://revbrew.com,Alcohol,Apollo,Beer Brand,http://www.linkedin.com/company/revolution-brewing-chicago,https://facebook.com/RevBrewChicago/,https://twitter.com/revbrewchicago
Katherine,Stoddard,Marketing Manager,katie.stoddard@trilliumbrewing.com,+1 781-562-0073,http://www.linkedin.com/in/katherine-stoddard-33164246,Trillium Brewing Company,Massachusetts,United States,https://trilliumbrewing.com,Alcohol,Apollo,Beer Brand,http://www.linkedin.com/company/trillium-brewing-company,https://facebook.com/trilliumbrewing/,https://twitter.com/trilliumbrewing
Bryan,Townsend,Marketing and Events Manager,bryan.townsend@monsterbrewing.com,+1 720-815-0200,http://www.linkedin.com/in/bryan-townsend-2346277,Monster Brewing Company,North Carolina,United States,https://monsterbrewing.com,Alcohol,Apollo,Beer Brand,http://www.linkedin.com/company/monster-brewing-company,,
Mark,King,Chief Executive Officer,markk@greatlakesbrewing.com,+1 216-771-4404,http://www.linkedin.com/in/mark-king-a259ab22,Great Lakes Brewing Company,Ohio,United States,https://greatlakesbrewing.com,Alcohol,Apollo,Beer Brand,http://www.linkedin.com/company/great-lakes-brewing-company,https://facebook.com/greatlakesbrewingco,https://twitter.com/GLBC_Cleveland
Stephanie,Krause,"Director, Product Marketing",stephanie.revering@anheuser-busch.com,+1 503-331-7270,http://www.linkedin.com/in/stephanierevering,Anheuser-Busch,New York,United States,https://anheuser-busch.com,Alcohol,Apollo,Beer Brand,http://www.linkedin.com/company/anheuser-busch,https://www.facebook.com/AnheuserBusch,https://twitter.com/AnheuserBusch
Micaela,Corradini,Product Marketing Manager,micaelacorradini@mahou-sanmiguel.com,+34 915 26 91 00,http://www.linkedin.com/in/micaelacorradini,Mahou San Miguel,Community of Madrid,Spain,https://mahou-sanmiguel.com,Alcohol,Apollo,Beer Brand,http://www.linkedin.com/company/mahou-san-miguel,https://www.facebook.com/Ciclogreen-555591811189430/,https://twitter.com/ciclogreen
Kevin,Stephens,Marketing Operations Manager,kevin.stephens@monsterbrewing.com,+1 720-815-0200,http://www.linkedin.com/in/kevintstephens,Monster Brewing Company,Michigan,United States,https://monsterbrewing.com,Alcohol,Apollo,Beer Brand,http://www.linkedin.com/company/monster-brewing-company,,
Ali,Bush,Vice President Marketing - U.S. Craft,a.bush@duvelusa.com,+44 20 3740 8479,http://www.linkedin.com/in/ali-bush-101052264,Duvel Moortgat USA Ltd.,Missouri,United States,https://duvelusa.com,Alcohol,Apollo,Beer Brand,http://www.linkedin.com/company/duvel-moortgat-usa-ltd.,,
Sara,Andres Hortelano,Marketing Channel,sandreshortelano@mahou-sanmiguel.com,+34 915 26 91 00,http://www.linkedin.com/in/sara-andr%c3%a9s-hortelano,Mahou San Miguel,Community of Madrid,Spain,https://mahou-sanmiguel.com,Alcohol,Apollo,Beer Brand,http://www.linkedin.com/company/mahou-san-miguel,https://www.facebook.com/Ciclogreen-555591811189430/,https://twitter.com/ciclogreen
Sophie,McKean,Digital Marketing Manager - Oskar Blues Brewery,sophie.mckean@monsterbrewing.com,+1 720-815-0200,http://www.linkedin.com/in/sophie-mckean-110443180,Monster Brewing Company,Colorado,United States,https://monsterbrewing.com,Alcohol,Apollo,Beer Brand,http://www.linkedin.com/company/monster-brewing-company,,
Alba,Lopez Fernandez,Compras de Servicios de Marketing,alopez@mahou-sanmiguel.com,+34 915 26 91 00,http://www.linkedin.com/in/albal%c3%b3pezfern%c3%a1ndez,Mahou San Miguel,Community of Madrid,Spain,https://mahou-sanmiguel.com,Alcohol,Apollo,Beer Brand,http://www.linkedin.com/company/mahou-san-miguel,https://www.facebook.com/Ciclogreen-555591811189430/,https://twitter.com/ciclogreen
Matias,Regenhardt,Director Experiencial Marketing FIFA World Cup and Olympics,matias.regenhardt@anheuser-busch.com,+1 503-331-7270,http://www.linkedin.com/in/matias-regenhardt,Anheuser-Busch,New York,United States,https://anheuser-busch.com,Alcohol,Apollo,Beer Brand,http://www.linkedin.com/company/anheuser-busch,https://www.facebook.com/AnheuserBusch,https://twitter.com/AnheuserBusch
Evan,Edwards,Regional Marketing Manager,evan.edwards@canarchy.beer,+1 720-815-0200,http://www.linkedin.com/in/evan-edwards-67466968,Monster Brewing Company,Colorado,United States,https://monsterbrewing.com,Alcohol,Apollo,Beer Brand,http://www.linkedin.com/company/monster-brewing-company,,
Kim,Jordan,CEO Co-Founder,kjordan@newbelgium.com,+1 970-221-0524,http://www.linkedin.com/in/kim-jordan-522ba05,New Belgium Brewing,Colorado,United States,https://newbelgium.com,Alcohol,Apollo,Beer Brand,http://www.linkedin.com/company/new-belgium-brewing-company,https://facebook.com/newbelgium,https://twitter.com/newbelgium
Kendall,Smit,Senior Digital Marketing Manager,ksmit@newbelgium.com,+1 970-221-0524,http://www.linkedin.com/in/kendallsmit,New Belgium Brewing,Colorado,United States,https://newbelgium.com,Alcohol,Apollo,Beer Brand,http://www.linkedin.com/company/new-belgium-brewing-company,https://facebook.com/newbelgium,https://twitter.com/newbelgium
Lucinda,Savage,Marketing Agent,lucinda.savage@pabstbrewingco.com,+1 800-947-2278,http://www.linkedin.com/in/lucinda-savage-964aa250,Pabst Brewing Company,California,United States,https://pabst.com,Alcohol,Apollo,Beer Brand,http://www.linkedin.com/company/pabst-brewing-company,,
Angela,Barber Abril,International Customer Marketing Manager,angela.barber@mahou-sanmiguel.com,+34 915 26 91 00,http://www.linkedin.com/in/angela-barber-abril,Mahou San Miguel,Community of Madrid,Spain,https://mahou-sanmiguel.com,Alcohol,Apollo,Beer Brand,http://www.linkedin.com/company/mahou-san-miguel,https://www.facebook.com/Ciclogreen-555591811189430/,https://twitter.com/ciclogreen
Sarah,Mitchell,Digital Marketing and Media Manager,mitchells@foundersbrewing.com,+1 616-776-2182,http://www.linkedin.com/in/mitchellesarah,Founders Brewing Co.,Michigan,United States,https://foundersbrewing.com,Alcohol,Apollo,Beer Brand,http://www.linkedin.com/company/founders-brewing-co,https://facebook.com/pages/Founders-Brewing-Company/173878492633924,https://twitter.com/foundersbrewing
Laura,Calzada Saez,Customer Marketing Cuentas Estrategicas,lcalzadas@mahou-sanmiguel.com,+34 915 26 91 00,http://www.linkedin.com/in/laura-calzada-saez-5ba86923,Mahou San Miguel,Community of Madrid,Spain,https://mahou-sanmiguel.com,Alcohol,Apollo,Beer Brand,http://www.linkedin.com/company/mahou-san-miguel,https://www.facebook.com/Ciclogreen-555591811189430/,https://twitter.com/ciclogreen
Hannah,Dray,Interim CMO,hannah.dray@lagunitas.com,+1 707-769-4495,http://www.linkedin.com/in/hannah-dray-96454532,Lagunitas Brewing Company,California,United States,https://lagunitas.com,Alcohol,Apollo,Beer Brand,http://www.linkedin.com/company/lagunitas-brewing-co-,https://facebook.com/LagunitasBrewingCo,https://twitter.com/lagunitast
Biancah,Dells,Digital Marketing Coordinator,bdells@newhollandbrew.com,+1 616-355-6422,http://www.linkedin.com/in/biancah-dells-5569942a6,New Holland Brewing Company,Michigan,United States,https://newhollandbrew.com,Alcohol,Apollo,Beer Brand,http://www.linkedin.com/company/new-holland-brewing-company,https://facebook.com/newhollandbrew,https://twitter.com/newhollandbrew
Heather,Gahr,Marketing Coordinator,heather.gahr@anheuser-busch.com,+1 503-331-7270,http://www.linkedin.com/in/heathergahr,Anheuser-Busch,Washington,United States,https://anheuser-busch.com,Alcohol,Apollo,Beer Brand,http://www.linkedin.com/company/anheuser-busch,https://www.facebook.com/AnheuserBusch,https://twitter.com/AnheuserBusch
Zack,Eaton,Digital Marketing Manager,zeaton@brooklynbrewery.com,+1 718-486-7422,http://www.linkedin.com/in/zack-eaton,Brooklyn Brewery,New York,United States,https://brooklynbrewery.com,Alcohol,Apollo,Beer Brand,http://www.linkedin.com/company/brooklyn-brewery,https://www.facebook.com/thebrooklynbrewery,https://twitter.com/brooklynbrewery
Jenna,Smith,Influencer Marketing Specialist,jenna.smith@anheuser-busch.com,+1 503-331-7270,http://www.linkedin.com/in/smithjenna333,Anheuser-Busch,New York,United States,https://anheuser-busch.com,Alcohol,Apollo,Beer Brand,http://www.linkedin.com/company/anheuser-busch,https://www.facebook.com/AnheuserBusch,https://twitter.com/AnheuserBusch
Adriana,Vitores Monterrubio,Marketing Services Leadbuyer,avitoresm@mahou-sanmiguel.com,+34 915 26 91 00,http://www.linkedin.com/in/adrianavitores,Mahou San Miguel,Community of Madrid,Spain,https://mahou-sanmiguel.com,Alcohol,Apollo,Beer Brand,http://www.linkedin.com/company/mahou-san-miguel,https://www.facebook.com/Ciclogreen-555591811189430/,https://twitter.com/ciclogreen
Ines,Diaz Orsini,Marketing,idiazorsini@mahou-sanmiguel.com,+34 915 26 91 00,http://www.linkedin.com/in/ines-diaz-orsini,Mahou San Miguel,Community of Madrid,Spain,https://mahou-sanmiguel.com,Alcohol,Apollo,Beer Brand,http://www.linkedin.com/company/mahou-san-miguel,https://www.facebook.com/Ciclogreen-555591811189430/,https://twitter.com/ciclogreen
Mikayla,Lindsey,Marketing,mikayla.lindsey@anheuser-busch.com,+1 503-331-7270,http://www.linkedin.com/in/mikaylalindsey,Anheuser-Busch,Oklahoma,United States,https://anheuser-busch.com,Alcohol,Apollo,Beer Brand,http://www.linkedin.com/company/anheuser-busch,https://www.facebook.com/AnheuserBusch,https://twitter.com/AnheuserBusch
Stephanie,Lubinski,"Associate Manager, Influencer Marketing",stephanie.lubinski@anheuser-busch.com,+1 503-331-7270,http://www.linkedin.com/in/stephanie-lubinski-b06124182,Anheuser-Busch,New York,United States,https://anheuser-busch.com,Alcohol,Apollo,Beer Brand,http://www.linkedin.com/company/anheuser-busch,https://www.facebook.com/AnheuserBusch,https://twitter.com/AnheuserBusch
Dean,Rohan,Co-Founder/ Co-Owner,dave@treehousebrew.com,+1 413-523-2367,http://www.linkedin.com/in/dean-rohan-7844b3175,Tree House Brewing Company,Massachusetts,United States,https://treehousebrew.com,Alcohol,Apollo,Beer Brand,http://www.linkedin.com/company/treehousebrewco,https://facebook.com/treehouse-brewery-243454925826740,https://twitter.com/treehousebrewco
Fiona,Lodge,DTC Marketing Communications Manager,flodge@artbrewventures.com,,http://www.linkedin.com/in/fionasalvatori,Artisanal Brewing Ventures,Pennsylvania,United States,https://artbrewventures.com,Alcohol,Apollo,Beer Brand,http://www.linkedin.com/company/artisanal-brewing-ventures,https://www.facebook.com/198733477387568,
Sydney,Willett,"Marketing Director, Stella Artois",sydney.willett@anheuser-busch.com,+1 503-331-7270,http://www.linkedin.com/in/sydneywillett,Anheuser-Busch,California,United States,https://anheuser-busch.com,Alcohol,Apollo,Beer Brand,http://www.linkedin.com/company/anheuser-busch,https://www.facebook.com/AnheuserBusch,https://twitter.com/AnheuserBusch
Ryah,Lempert,Marketing Content Coordinator,rlempert@allagash.com,+1 800-330-5385,http://www.linkedin.com/in/ryah-lempert,Allagash Brewing Company,Maine,United States,https://allagash.com,Alcohol,Apollo,Beer Brand,http://www.linkedin.com/company/allagash-brewing-company,https://facebook.com/allagashbrewingcompany,https://twitter.com/allagashbrewing
Michael,Elvin,Associate Marketing Manager,melvin@allagash.com,+1 800-330-5385,http://www.linkedin.com/in/michaelelvin,Allagash Brewing Company,Maine,United States,https://allagash.com,Alcohol,Apollo,Beer Brand,http://www.linkedin.com/company/allagash-brewing-company,https://facebook.com/allagashbrewingcompany,https://twitter.com/allagashbrewing
Lorena,Martin Mujica,Jefe de Marketing de Clientes,lmartinmu@mahou-sanmiguel.com,+34 915 26 91 00,http://www.linkedin.com/in/lorenammujica,Mahou San Miguel,Community of Madrid,Spain,https://mahou-sanmiguel.com,Alcohol,Apollo,Beer Brand,http://www.linkedin.com/company/mahou-san-miguel,https://www.facebook.com/Ciclogreen-555591811189430/,https://twitter.com/ciclogreen
Mirian,Iturriaga Perez,Marketing Local y de Clientes,miturriaga@mahou-sanmiguel.com,+34 915 26 91 00,http://www.linkedin.com/in/mirian-iturriaga-perez-8b9a7055,Mahou San Miguel,Basque Country,Spain,https://mahou-sanmiguel.com,Alcohol,Apollo,Beer Brand,http://www.linkedin.com/company/mahou-san-miguel,https://www.facebook.com/Ciclogreen-555591811189430/,https://twitter.com/ciclogreen
Gianna,Blachowski,Marketin Manager,gblachowski@firestonebeer.com,+1 805-225-5911,http://www.linkedin.com/in/gianna-blachowski-b189598b,Firestone Walker Brewing Company,,United States,https://firestonewalker.com,Alcohol,Apollo,Beer Brand,http://www.linkedin.com/company/firestone-walker-brewing-company,https://www.facebook.com/firestone.walker,https://twitter.com/firestonewalker
Lauren,Wetenkamp,Marketing and Communications Coordinator,lwetenkamp@averybrewing.com,+1 303-440-4324,http://www.linkedin.com/in/lauren-wetenkamp,Avery Brewing Co,Colorado,United States,https://averybrewing.com,Alcohol,Apollo,Beer Brand,http://www.linkedin.com/company/avery-brewing-co,https://www.facebook.com/AveryBrewingCo,https://twitter.com/AveryBrewingCo
Victor,Dougba,Mulicultural Marketing Manager,victor.dougba@anheuser-busch.com,+1 503-331-7270,http://www.linkedin.com/in/victoredougbajr,Anheuser-Busch,Georgia,United States,https://anheuser-busch.com,Alcohol,Apollo,Beer Brand,http://www.linkedin.com/company/anheuser-busch,https://www.facebook.com/AnheuserBusch,https://twitter.com/AnheuserBusch
RJ,Gunner,Pub Marketing Coordinator,rgunner@deschutesbrewery.com,+1 503-296-4906,http://www.linkedin.com/in/rj-gunner-2818a486,Deschutes Brewery,Oregon,United States,https://deschutesbrewery.com,Alcohol,Apollo,Beer Brand,http://www.linkedin.com/company/deschutes-brewery,https://facebook.com/deschutesbrewery/,https://twitter.com/DeschutesBeer
Beatriz,Fernandez Loizaga,Marketing Director Waters Division,beatriz.loizaga@mahou-sanmiguel.com,+34 915 26 91 00,http://www.linkedin.com/in/beatrizfernandezloizaga,Mahou San Miguel,Community of Madrid,Spain,https://mahou-sanmiguel.com,Alcohol,Apollo,Beer Brand,http://www.linkedin.com/company/mahou-san-miguel,https://www.facebook.com/Ciclogreen-555591811189430/,https://twitter.com/ciclogreen
Lauren,Hudac,Marketing Manager,laurenh@greatlakesbrewing.com,+1 216-771-4404,http://www.linkedin.com/in/lauren-hudac-88317524,Great Lakes Brewing Company,Ohio,United States,https://greatlakesbrewing.com,Alcohol,Apollo,Beer Brand,http://www.linkedin.com/company/great-lakes-brewing-company,https://facebook.com/greatlakesbrewingco,https://twitter.com/GLBC_Cleveland
Ferran,Hidalgo Serra,Sponsorship Manager Unidad Aguas y Refrescos MSM | Patrocinios Solan de Cabras | Dept. Marketing,fhidalgo@mahou-sanmiguel.com,+34 915 26 91 00,http://www.linkedin.com/in/ferranhidalgo,Mahou San Miguel,Community of Madrid,Spain,https://mahou-sanmiguel.com,Alcohol,Apollo,Beer Brand,http://www.linkedin.com/company/mahou-san-miguel,https://www.facebook.com/Ciclogreen-555591811189430/,https://twitter.com/ciclogreen
Craig,Rudner,Director of Marketing Culture & Capabilities,craig.rudner@anheuser-busch.com,+1 503-331-7270,http://www.linkedin.com/in/craig-rudner,Anheuser-Busch,New York,United States,https://anheuser-busch.com,Alcohol,Apollo,Beer Brand,http://www.linkedin.com/company/anheuser-busch,https://www.facebook.com/AnheuserBusch,https://twitter.com/AnheuserBusch
Kacey,Veenstra,Digital Marketing Manager,kveenstra@newhollandbrew.com,+1 616-355-6422,http://www.linkedin.com/in/kaceywieringa,New Holland Brewing Company,Michigan,United States,https://newhollandbrew.com,Alcohol,Apollo,Beer Brand,http://www.linkedin.com/company/new-holland-brewing-company,https://facebook.com/newhollandbrew,https://twitter.com/newhollandbrew
Vicki,Campana,Director of Marketing,vickic@greatlakesbrewing.com,+1 216-771-4404,http://www.linkedin.com/in/vickicampana,Great Lakes Brewing Company,Ohio,United States,https://greatlakesbrewing.com,Alcohol,Apollo,Beer Brand,http://www.linkedin.com/company/great-lakes-brewing-company,https://facebook.com/greatlakesbrewingco,https://twitter.com/GLBC_Cleveland
Mollie,McCurdy,Founder,mollie.mccurdy@anheuser-busch.com,+1 503-331-7270,http://www.linkedin.com/in/mollie-mccurdy-41b131a0,Anheuser-Busch,New York,United States,https://anheuser-busch.com,Alcohol,Apollo,Beer Brand,http://www.linkedin.com/company/anheuser-busch,https://www.facebook.com/AnheuserBusch,https://twitter.com/AnheuserBusch
Marianne,Brennan,Co-Founder,marianne@ayrloom.com,+1 800-222-1222,http://www.linkedin.com/in/marianne-brennan-1505325,ayrloom,New York,United States,https://ayrloom.com,Cannabis,Apollo,,http://www.linkedin.com/company/ayrloom,https://www.facebook.com/ayrloom,
Ryan,Clark,Founder / CEO,rclark@boskygenetics.com,+1 559-827-3106,http://www.linkedin.com/in/ryan-clark-152680143,Bosky Genetics,California,United States,https://boskygenetics.com,Cannabis,Apollo,,http://www.linkedin.com/company/bosky-genetics-llc,,
Jason,Andrews,Co-Founder & Cannabis Evangelist,jason@dadirriextracts.com,,http://www.linkedin.com/in/jason-andrews-56252275,Dadirri,Colorado,United States,https://dadirriextracts.com,Cannabis,Apollo,,http://www.linkedin.com/company/dadirri-extracts,https://www.facebook.com/dadirriextracts/,
Brandi,Kiel,Marketing Manager,que.kiel@butterworld.com,+1 616-557-6699,http://www.linkedin.com/in/brandi-kiel-1a009552,butter cannabis co.,Michigan,United States,https://butterworld.com,Cannabis,Apollo,,http://www.linkedin.com/company/butterworld,,
Ashley,Schriener,Co-Founder/ Chief Executive Officer,ashley@dadirriextracts.com,,http://www.linkedin.com/in/ashley-schriener-731a3534,Dadirri,Colorado,United States,https://dadirriextracts.com,Cannabis,Apollo,,http://www.linkedin.com/company/dadirri-extracts,https://www.facebook.com/dadirriextracts/,
Gabriela,Prahl,Marketing Associate,wc.gprahl@eaze.com,+1 714-612-6535,http://www.linkedin.com/in/gabriela-prahl-8b237027b,Eaze,Guatemala Department,Guatemala,https://eaze.com,Cannabis,Apollo,,http://www.linkedin.com/company/eaze-up,https://www.facebook.com/eazeteam,http://twitter.com/eaze
Viktoriya,Kondratyuk,Marketing Team,viktoriya@thebloombrand.com,+1 800-952-5210,http://www.linkedin.com/in/viktoriya-kondratyuk-b8902472,BLOOM,,United States,https://thebloombrands.com,Cannabis,Apollo,,http://www.linkedin.com/company/bloombrand,https://facebook.com/thebloombrand1/,https://twitter.com/thebloombrands
Bilal,Suleiman,Marketing Manager,bsuleiman@ember-valley.com,+1 530-691-4141,http://www.linkedin.com/in/bilal-suleiman,Ember Valley,California,United States,https://ember-valley.com,Cannabis,Apollo,,http://www.linkedin.com/company/ember-valley,,
Vitaly,Mekk,Founder | Co-CEO,vitaly@thebloombrands.com,+1 800-952-5210,http://www.linkedin.com/in/vitalymekk,BLOOM,California,United States,https://thebloombrands.com,Cannabis,Apollo,,http://www.linkedin.com/company/bloombrand,https://facebook.com/thebloombrand1/,https://twitter.com/thebloombrands
Johnathan,Martishius,CBO & Co-Founder,johnny@strong.ag,+1 510-502-6967,http://www.linkedin.com/in/johnathan-martishius-606638230,Coastal Sun Farm,California,United States,https://coastalsunfarm.com,Cannabis,Apollo,,http://www.linkedin.com/company/coastal-sun-farm,,
Emma,Arnold,Marketing Channel Manager,emma@natura.io,+1 916-209-0038,http://www.linkedin.com/in/emma-arnold071300,Natura (Natura Life Science),California,United States,https://natura.io,Cannabis,Apollo,,http://www.linkedin.com/company/natura-lifescience,,
Govind,Rao,CEO,fisunil@gmail.com,+1 714-612-6535,http://www.linkedin.com/in/govind-rao-98a97512,Eaze,Karnataka,India,https://eaze.com,Cannabis,Apollo,,http://www.linkedin.com/company/eaze-up,https://www.facebook.com/eazeteam,http://twitter.com/eaze
Bolaji,Sonusi,Digital Marketing COO,bos12ng@yahoo.com,+1 800-952-5210,http://www.linkedin.com/in/bolaji-sonusi-7b488315,BLOOM,,Nigeria,https://thebloombrands.com,Cannabis,Apollo,,http://www.linkedin.com/company/bloombrand,https://facebook.com/thebloombrand1/,https://twitter.com/thebloombrands
Paras,Chhabra,CEO,paras@thebodegaboyz.com,,http://www.linkedin.com/in/paraschhabra00,Bodega Boyz,Oklahoma,United States,https://thebodegaboyz.com,Cannabis,Apollo,,http://www.linkedin.com/company/bodega-boyz,https://www.facebook.com/bodegaboyzok/,
Vinayak,Shastry,Co-Founder,vinnie@ember-valley.com,+1 530-691-4141,http://www.linkedin.com/in/vinayak-shastry-00aa314a,Ember Valley,California,United States,https://ember-valley.com,Cannabis,Apollo,,http://www.linkedin.com/company/ember-valley,,
Dylan,Hunt,Marketing and Data Manager,dylan.h@culturecannabisclub.com,+1 909-529-2273,http://www.linkedin.com/in/dylan-hunt-836a09183,Culture Cannabis Club,Colorado,United States,https://culturecannabisclub.com,Cannabis,Apollo,,http://www.linkedin.com/company/culture-cannabis-club,,https://twitter.com/culturecannaclb
Eddie,Brennan,President & CEO,eddie@ayrloom.com,+1 800-222-1222,http://www.linkedin.com/in/eddie-brennan-a4853115,ayrloom,New York,United States,https://ayrloom.com,Cannabis,Apollo,,http://www.linkedin.com/company/ayrloom,https://www.facebook.com/ayrloom,
Liz,Balduzzi,Marketing and Digital Content Manager,lbalduzzi@ayrloom.com,+1 800-222-1222,http://www.linkedin.com/in/lizbalduzzi,ayrloom,New York,United States,https://ayrloom.com,Cannabis,Apollo,,http://www.linkedin.com/company/ayrloom,https://www.facebook.com/ayrloom,
David,Pyle,Senior Director of Marketing,david.pyle@eaze.com,+1 714-612-6535,http://www.linkedin.com/in/david-m-pyle,Eaze,Oregon,United States,https://eaze.com,Cannabis,Apollo,,http://www.linkedin.com/company/eaze-up,https://www.facebook.com/eazeteam,http://twitter.com/eaze
Luis,Delgado,Founder & CEO,luis@casaverdefarms.com,,http://www.linkedin.com/in/luis-delgado-9a53a057,Casa Verde Farms,Florida,United States,https://casaverdefarms.com,Cannabis,Apollo,,http://www.linkedin.com/company/casa-verde-farms,,
Amanda,Jacobs,Director of ECommerce and Lifecycle Marketing,amanda.jacobs@eaze.com,+1 714-612-6535,http://www.linkedin.com/in/amanda-jacobs-276a4613,Eaze,Colorado,United States,https://eaze.com,Cannabis,Apollo,,http://www.linkedin.com/company/eaze-up,https://www.facebook.com/eazeteam,http://twitter.com/eaze
Cari,Carmona,VP of Marketing,cari@thebodegaboyz.com,,http://www.linkedin.com/in/cari-carmona-ab75a648,Bodega Boyz,Oklahoma,United States,https://thebodegaboyz.com,Cannabis,Apollo,,http://www.linkedin.com/company/bodega-boyz,https://www.facebook.com/bodegaboyzok/,
Alexandra,Solano,VP of Marketing,alexandra@truehumboldt.com,+1 707-693-2222,http://www.linkedin.com/in/alexandra-solano-8140608a,Bear Humboldt,California,United States,https://bearhumboldt.com,Cannabis,Apollo,,http://www.linkedin.com/company/bear-humboldt,,
Wyatt,Harms,CEO,wyatt@heyflamer.com,,http://www.linkedin.com/in/wyattharms,FLAMER,New York,United States,https://heyflamer.com,Cannabis,Apollo,,http://www.linkedin.com/company/hey-flamer,,
Alex,Gonzales,Content Marketing & Operations Lead,alex.gonzales@eaze.com,+1 714-612-6535,http://www.linkedin.com/in/alexisgonzales,Eaze,California,United States,https://eaze.com,Cannabis,Apollo,,http://www.linkedin.com/company/eaze-up,https://www.facebook.com/eazeteam,http://twitter.com/eaze
Blake,Matthews,Managing Partner and Co-Founder,southpawfx@gmail.com,+1 323-265-7060,http://www.linkedin.com/in/blake-matthews-a6380a30,The Cure Company,Florida,United States,https://thecurecompany.com,Cannabis,Apollo,,http://www.linkedin.com/company/thecurecompany,https://www.facebook.com/thecurecompany,https://twitter.com/thecurecompany?lang=en
Brett,Schlesinger,Founder/CEO,brett@emeraldsun.com,,http://www.linkedin.com/in/brett-schlesinger-61451854,Emerald Sun,California,United States,https://emeraldsun.com,Cannabis,Apollo,,http://www.linkedin.com/company/emeraldsun,,
Denny,Garcia,Marketing Manager,denny.g@natura.io,+1 916-209-0038,http://www.linkedin.com/in/denny-garcia-a2b975190,Natura (Natura Life Science),California,United States,https://natura.io,Cannabis,Apollo,,http://www.linkedin.com/company/natura-lifescience,,
