"vertical","campaignId","campaignName","campaignStatus","workflowId","emailStepId","emailStep","subject","href","triggerLinkId","isBookingUrl","utm","contentRead"
"Alcohol","6ac51a32cd5b03630e447347","Alcohol Brands Multi-Channel Outbound - Oct 2026","published","2e8c2d78-aaec-4591-9b53-b0715be8c4ce","04d18629-4db3-48ab-99eb-1b543dd303f0","Day 5 Email 2 - How It Works - Cameron .com",,"{{trigger_link.Vqyfr71neYZ0s3VyhQNS}}","Vqyfr71neYZ0s3VyhQNS","False","","ok"
"Alcohol","6ac51a32cd5b03630e447347","Alcohol Brands Multi-Channel Outbound - Oct 2026","published","2e8c2d78-aaec-4591-9b53-b0715be8c4ce","04d18629-4db3-48ab-99eb-1b543dd303f0","Day 5 Email 2 - How It Works - Cameron .com",,"https://api.leadconnectorhq.com/widget/booking/WS6lacfQK2XOhqN7mRaF?utm_source=alcoholsequence","","True","utm_source=alcoholsequence","ok"
"Alcohol","6ac51a32cd5b03630e447347","Alcohol Brands Multi-Channel Outbound - Oct 2026","published","2e8c2d78-aaec-4591-9b53-b0715be8c4ce","8696a7eb-c215-44f3-9bc2-403d6bf7a35a","Day 23 Email 5 - Breakup - Cameron .org",,"{{trigger_link.Vqyfr71neYZ0s3VyhQNS}}","Vqyfr71neYZ0s3VyhQNS","False","","ok"
"Alcohol","6ac51a32cd5b03630e447347","Alcohol Brands Multi-Channel Outbound - Oct 2026","published","2e8c2d78-aaec-4591-9b53-b0715be8c4ce","6a502ad0-d286-4743-82ed-cc21e02d541c","Day 15 Email 4 - Direct Ask - Cameron .org",,"https://api.leadconnectorhq.com/widget/booking/WS6lacfQK2XOhqN7mRaF?utm_source=alcoholsequence","","True","utm_source=alcoholsequence","ok"
"Alcohol","6ac51a32cd5b03630e447347","Alcohol Brands Multi-Channel Outbound - Oct 2026","published","2e8c2d78-aaec-4591-9b53-b0715be8c4ce","abb2888c-cc8d-4ca1-baa2-0303a1943bd5","Day 5 Email 2 - How It Works - Cameron .org",,"{{trigger_link.Vqyfr71neYZ0s3VyhQNS}}","Vqyfr71neYZ0s3VyhQNS","False","","ok"
"Alcohol","6ac51a32cd5b03630e447347","Alcohol Brands Multi-Channel Outbound - Oct 2026","published","2e8c2d78-aaec-4591-9b53-b0715be8c4ce","abb2888c-cc8d-4ca1-baa2-0303a1943bd5","Day 5 Email 2 - How It Works - Cameron .org",,"https://api.leadconnectorhq.com/widget/booking/WS6lacfQK2XOhqN7mRaF?utm_source=alcoholsequence","","True","utm_source=alcoholsequence","ok"
"Alcohol","6ac51a32cd5b03630e447347","Alcohol Brands Multi-Channel Outbound - Oct 2026","published","2e8c2d78-aaec-4591-9b53-b0715be8c4ce","be3b930b-69f2-4533-bfdc-fb1147e00c16","Day 1 Email 1 - Opener - Cameron .org",,"https://api.leadconnectorhq.com/widget/booking/WS6lacfQK2XOhqN7mRaF?utm_source=alcoholsequence","","True","utm_source=alcoholsequence","ok"
"Alcohol","6ac51a32cd5b03630e447347","Alcohol Brands Multi-Channel Outbound - Oct 2026","published","2e8c2d78-aaec-4591-9b53-b0715be8c4ce","7fbfd4f8-25b6-48d3-8c6b-ca6131131a84","Day 23 Email 5 - Breakup - Cameron .agency",,"{{trigger_link.Vqyfr71neYZ0s3VyhQNS}}","Vqyfr71neYZ0s3VyhQNS","False","","ok"
"Alcohol","6ac51a32cd5b03630e447347","Alcohol Brands Multi-Channel Outbound - Oct 2026","published","2e8c2d78-aaec-4591-9b53-b0715be8c4ce","188066ea-2938-45e6-b5ba-6d7f09ceb165","Day 15 Email 4 - Direct Ask - Cameron .agency",,"https://api.leadconnectorhq.com/widget/booking/WS6lacfQK2XOhqN7mRaF?utm_source=alcoholsequence","","True","utm_source=alcoholsequence","ok"
"Alcohol","6ac51a32cd5b03630e447347","Alcohol Brands Multi-Channel Outbound - Oct 2026","published","2e8c2d78-aaec-4591-9b53-b0715be8c4ce","85e59503-d273-4b9c-ac0c-fc400e6360d7","Day 5 Email 2 - How It Works - Cameron .agency",,"{{trigger_link.Vqyfr71neYZ0s3VyhQNS}}","Vqyfr71neYZ0s3VyhQNS","False","","ok"
"Alcohol","6ac51a32cd5b03630e447347","Alcohol Brands Multi-Channel Outbound - Oct 2026","published","2e8c2d78-aaec-4591-9b53-b0715be8c4ce","85e59503-d273-4b9c-ac0c-fc400e6360d7","Day 5 Email 2 - How It Works - Cameron .agency",,"https://api.leadconnectorhq.com/widget/booking/WS6lacfQK2XOhqN7mRaF?utm_source=alcoholsequence","","True","utm_source=alcoholsequence","ok"
"Alcohol","6ac51a32cd5b03630e447347","Alcohol Brands Multi-Channel Outbound - Oct 2026","published","2e8c2d78-aaec-4591-9b53-b0715be8c4ce","867da80c-be1b-4d05-b79b-87dc69634279","Day 1 Email 1 - Opener - Cameron .agency",,"https://api.leadconnectorhq.com/widget/booking/WS6lacfQK2XOhqN7mRaF?utm_source=alcoholsequence","","True","utm_source=alcoholsequence","ok"
"Alcohol","6ac51a32cd5b03630e447347","Alcohol Brands Multi-Channel Outbound - Oct 2026","published","2e8c2d78-aaec-4591-9b53-b0715be8c4ce","a3bcf96a-efbb-4889-9af8-3e15114cde77","Day 23 Email 5 - Breakup - Cameron .co",,"{{trigger_link.Vqyfr71neYZ0s3VyhQNS}}","Vqyfr71neYZ0s3VyhQNS","False","","ok"
"Alcohol","6ac51a32cd5b03630e447347","Alcohol Brands Multi-Channel Outbound - Oct 2026","published","2e8c2d78-aaec-4591-9b53-b0715be8c4ce","33c56432-637e-454d-acbc-eccb228e1098","Day 15 Email 4 - Direct Ask - Cameron .co",,"https://api.leadconnectorhq.com/widget/booking/WS6lacfQK2XOhqN7mRaF?utm_source=alcoholsequence","","True","utm_source=alcoholsequence","ok"
"Alcohol","6ac51a32cd5b03630e447347","Alcohol Brands Multi-Channel Outbound - Oct 2026","published","2e8c2d78-aaec-4591-9b53-b0715be8c4ce","282822dd-2554-48b7-ab61-4a0266054a7e","Day 5 Email 2 - How It Works - Cameron .co",,"{{trigger_link.Vqyfr71neYZ0s3VyhQNS}}","Vqyfr71neYZ0s3VyhQNS","False","","ok"
"Alcohol","6ac51a32cd5b03630e447347","Alcohol Brands Multi-Channel Outbound - Oct 2026","published","2e8c2d78-aaec-4591-9b53-b0715be8c4ce","282822dd-2554-48b7-ab61-4a0266054a7e","Day 5 Email 2 - How It Works - Cameron .co",,"https://api.leadconnectorhq.com/widget/booking/WS6lacfQK2XOhqN7mRaF?utm_source=alcoholsequence","","True","utm_source=alcoholsequence","ok"
"Alcohol","6ac51a32cd5b03630e447347","Alcohol Brands Multi-Channel Outbound - Oct 2026","published","2e8c2d78-aaec-4591-9b53-b0715be8c4ce","aadc93d4-eade-4c9f-a908-3c046314b759","Day 1 Email 1 - Opener - Cameron .co",,"https://api.leadconnectorhq.com/widget/booking/WS6lacfQK2XOhqN7mRaF?utm_source=alcoholsequence","","True","utm_source=alcoholsequence","ok"
"Alcohol","6ac51a32cd5b03630e447347","Alcohol Brands Multi-Channel Outbound - Oct 2026","published","2e8c2d78-aaec-4591-9b53-b0715be8c4ce","dcb211fc-a931-4e50-8198-7b7746dce1fc","Day 23 Email 5 - Breakup - Cameron .com",,"{{trigger_link.Vqyfr71neYZ0s3VyhQNS}}","Vqyfr71neYZ0s3VyhQNS","False","","ok"
"Alcohol","6ac51a32cd5b03630e447347","Alcohol Brands Multi-Channel Outbound - Oct 2026","published","2e8c2d78-aaec-4591-9b53-b0715be8c4ce","c81a9034-43bc-462a-84eb-fe8665712769","Day 15 Email 4 - Direct Ask - Cameron .com",,"https://api.leadconnectorhq.com/widget/booking/WS6lacfQK2XOhqN7mRaF?utm_source=alcoholsequence","","True","utm_source=alcoholsequence","ok"
"Alcohol","6ac51a32cd5b03630e447347","Alcohol Brands Multi-Channel Outbound - Oct 2026","published","2e8c2d78-aaec-4591-9b53-b0715be8c4ce","27548aa6-27e8-4ee1-aa3c-04e1a0e24285","Day 1 Email 1 - Opener - Cameron .com",,"https://api.leadconnectorhq.com/widget/booking/WS6lacfQK2XOhqN7mRaF?utm_source=alcoholsequence","","True","utm_source=alcoholsequence","ok"
"Alcohol","6ac51a32cd5b03630e447347","Alcohol Brands Multi-Channel Outbound - Oct 2026","published","2e8c2d78-aaec-4591-9b53-b0715be8c4ce","9d59866b-2749-499b-a4d3-212e5aad4731","Day 11 Email 3 - Proof - Cameron .com",,"","","False","","no_content_url"
"Alcohol","6ac51a32cd5b03630e447347","Alcohol Brands Multi-Channel Outbound - Oct 2026","published","2e8c2d78-aaec-4591-9b53-b0715be8c4ce","394123ba-0cf6-46bf-9d66-edd7bffe5d8f","Day 11 Email 3 - Proof - Cameron .co",,"","","False","","no_content_url"
"Alcohol","6ac51a32cd5b03630e447347","Alcohol Brands Multi-Channel Outbound - Oct 2026","published","2e8c2d78-aaec-4591-9b53-b0715be8c4ce","824a432e-3f5e-471b-af6a-40e50865627d","Day 11 Email 3 - Proof - Cameron .agency",,"","","False","","no_content_url"
"Alcohol","6ac51a32cd5b03630e447347","Alcohol Brands Multi-Channel Outbound - Oct 2026","published","2e8c2d78-aaec-4591-9b53-b0715be8c4ce","deac767a-0b71-4ddd-9622-68c3b4e29aeb","Day 11 Email 3 - Proof - Cameron .org",,"","","False","","no_content_url"
"Cannabis Brands","6ac3d709cd5b03630e28bed7","Cannabis Brands Multi-Channel Outbound - Oct 2026","published","5d1236a2-1b98-4b7f-9621-5d4f7749f377","867da80c-be1b-4d05-b79b-87dc69634279","Day 1 Email 1 - Opener - Cameron .agency",,"https://api.leadconnectorhq.com/widget/booking/w6lgGxG2zOKyw24LTpjD?utm_source=cannabisbrandemail","","True","utm_source=cannabisbrandemail","ok"
"Cannabis Brands","6ac3d709cd5b03630e28bed7","Cannabis Brands Multi-Channel Outbound - Oct 2026","published","5d1236a2-1b98-4b7f-9621-5d4f7749f377","85e59503-d273-4b9c-ac0c-fc400e6360d7","Day 5 Email 2 - How It Works - Cameron .agency",,"https://api.leadconnectorhq.com/widget/booking/w6lgGxG2zOKyw24LTpjD?utm_source=cannabisbrandemail","","True","utm_source=cannabisbrandemail","ok"
"Cannabis Brands","6ac3d709cd5b03630e28bed7","Cannabis Brands Multi-Channel Outbound - Oct 2026","published","5d1236a2-1b98-4b7f-9621-5d4f7749f377","3dae1657-d2b4-4e61-95ea-84c7692306e4","Day 11 Email 3 - Proof - Cameron .agency",,"https://api.leadconnectorhq.com/widget/booking/w6lgGxG2zOKyw24LTpjD?utm_source=cannabisbrandemail","","True","utm_source=cannabisbrandemail","ok"
"Cannabis Brands","6ac3d709cd5b03630e28bed7","Cannabis Brands Multi-Channel Outbound - Oct 2026","published","5d1236a2-1b98-4b7f-9621-5d4f7749f377","be3b930b-69f2-4533-bfdc-fb1147e00c16","Day 1 Email 1 - Opener - Cameron .org",,"https://api.leadconnectorhq.com/widget/booking/w6lgGxG2zOKyw24LTpjD?utm_source=cannabisbrandemail","","True","utm_source=cannabisbrandemail","ok"
"Cannabis Brands","6ac3d709cd5b03630e28bed7","Cannabis Brands Multi-Channel Outbound - Oct 2026","published","5d1236a2-1b98-4b7f-9621-5d4f7749f377","abb2888c-cc8d-4ca1-baa2-0303a1943bd5","Day 5 Email 2 - How It Works - Cameron .org",,"{{trigger_link.D9PMm4hmiv7yCsdatyw0}}","D9PMm4hmiv7yCsdatyw0","False","","ok"
"Cannabis Brands","6ac3d709cd5b03630e28bed7","Cannabis Brands Multi-Channel Outbound - Oct 2026","published","5d1236a2-1b98-4b7f-9621-5d4f7749f377","abb2888c-cc8d-4ca1-baa2-0303a1943bd5","Day 5 Email 2 - How It Works - Cameron .org",,"https://api.leadconnectorhq.com/widget/booking/w6lgGxG2zOKyw24LTpjD?utm_source=cannabisbrandemail","","True","utm_source=cannabisbrandemail","ok"
"Cannabis Brands","6ac3d709cd5b03630e28bed7","Cannabis Brands Multi-Channel Outbound - Oct 2026","published","5d1236a2-1b98-4b7f-9621-5d4f7749f377","188066ea-2938-45e6-b5ba-6d7f09ceb165","Day 15 Email 4 - Direct Ask - Cameron .agency",,"https://api.leadconnectorhq.com/widget/booking/w6lgGxG2zOKyw24LTpjD?utm_source=cannabisbrandemail","","True","utm_source=cannabisbrandemail","ok"
"Cannabis Brands","6ac3d709cd5b03630e28bed7","Cannabis Brands Multi-Channel Outbound - Oct 2026","published","5d1236a2-1b98-4b7f-9621-5d4f7749f377","7fbfd4f8-25b6-48d3-8c6b-ca6131131a84","Day 23 Email 5 - Breakup - Cameron .agency",,"","","False","","no_content_url"
"Cannabis Brands","6ac3d709cd5b03630e28bed7","Cannabis Brands Multi-Channel Outbound - Oct 2026","published","5d1236a2-1b98-4b7f-9621-5d4f7749f377","6a502ad0-d286-4743-82ed-cc21e02d541c","Day 15 Email 4 - Direct Ask - Cameron .org",,"https://api.leadconnectorhq.com/widget/booking/w6lgGxG2zOKyw24LTpjD?utm_source=cannabisbrandemail","","True","utm_source=cannabisbrandemail","ok"
"Cannabis Brands","6ac3d709cd5b03630e28bed7","Cannabis Brands Multi-Channel Outbound - Oct 2026","published","5d1236a2-1b98-4b7f-9621-5d4f7749f377","99f0b382-3e42-4545-b64c-928380ba73c2","Day 11 Email 3 - Proof - Cameron .org",,"https://api.leadconnectorhq.com/widget/booking/w6lgGxG2zOKyw24LTpjD?utm_source=cannabisbrandemail","","True","utm_source=cannabisbrandemail","ok"
"Cannabis Brands","6ac3d709cd5b03630e28bed7","Cannabis Brands Multi-Channel Outbound - Oct 2026","published","5d1236a2-1b98-4b7f-9621-5d4f7749f377","8696a7eb-c215-44f3-9bc2-403d6bf7a35a","Day 23 Email 5 - Breakup - Cameron .org",,"https://api.leadconnectorhq.com/widget/booking/w6lgGxG2zOKyw24LTpjD?utm_source=cannabisbrandemail","","True","utm_source=cannabisbrandemail","ok"
"Cannabis Brands","6ac3d709cd5b03630e28bed7","Cannabis Brands Multi-Channel Outbound - Oct 2026","published","5d1236a2-1b98-4b7f-9621-5d4f7749f377","282822dd-2554-48b7-ab61-4a0266054a7e","Day 5 Email 2 - How It Works - Cameron .co",,"{{trigger_link.D9PMm4hmiv7yCsdatyw0}}","D9PMm4hmiv7yCsdatyw0","False","","ok"
"Cannabis Brands","6ac3d709cd5b03630e28bed7","Cannabis Brands Multi-Channel Outbound - Oct 2026","published","5d1236a2-1b98-4b7f-9621-5d4f7749f377","282822dd-2554-48b7-ab61-4a0266054a7e","Day 5 Email 2 - How It Works - Cameron .co",,"https://api.leadconnectorhq.com/widget/booking/w6lgGxG2zOKyw24LTpjD?utm_source=cannabisbrandemail","","True","utm_source=cannabisbrandemail","ok"
"Cannabis Brands","6ac3d709cd5b03630e28bed7","Cannabis Brands Multi-Channel Outbound - Oct 2026","published","5d1236a2-1b98-4b7f-9621-5d4f7749f377","a3bcf96a-efbb-4889-9af8-3e15114cde77","Day 23 Email 5 - Breakup - Cameron .co",,"https://api.leadconnectorhq.com/widget/booking/w6lgGxG2zOKyw24LTpjD?utm_source=cannabisbrandemail","","True","utm_source=cannabisbrandemail","ok"
"Cannabis Brands","6ac3d709cd5b03630e28bed7","Cannabis Brands Multi-Channel Outbound - Oct 2026","published","5d1236a2-1b98-4b7f-9621-5d4f7749f377","aadc93d4-eade-4c9f-a908-3c046314b759","Day 1 Email 1 - Opener - Cameron .co",,"https://api.leadconnectorhq.com/widget/booking/w6lgGxG2zOKyw24LTpjD?utm_source=cannabisbrandemail","","True","utm_source=cannabisbrandemail","ok"
"Cannabis Brands","6ac3d709cd5b03630e28bed7","Cannabis Brands Multi-Channel Outbound - Oct 2026","published","5d1236a2-1b98-4b7f-9621-5d4f7749f377","33c56432-637e-454d-acbc-eccb228e1098","Day 15 Email 4 - Direct Ask - Cameron .co",,"https://api.leadconnectorhq.com/widget/booking/w6lgGxG2zOKyw24LTpjD?utm_source=cannabisbrandemail","","True","utm_source=cannabisbrandemail","ok"
"Cannabis Brands","6ac3d709cd5b03630e28bed7","Cannabis Brands Multi-Channel Outbound - Oct 2026","published","5d1236a2-1b98-4b7f-9621-5d4f7749f377","1fbd1595-c9a2-47aa-a10f-4de5ef9241db","Day 11 Email 3 - Proof - Cameron .co",,"https://api.leadconnectorhq.com/widget/booking/w6lgGxG2zOKyw24LTpjD?utm_source=cannabisbrandemail","","True","utm_source=cannabisbrandemail","ok"
"Cannabis Brands","6ac3d709cd5b03630e28bed7","Cannabis Brands Multi-Channel Outbound - Oct 2026","published","5d1236a2-1b98-4b7f-9621-5d4f7749f377","dcb211fc-a931-4e50-8198-7b7746dce1fc","Day 23 Email 5 - Breakup - Cameron .com",,"{{trigger_link.D9PMm4hmiv7yCsdatyw0}}","D9PMm4hmiv7yCsdatyw0","False","","ok"
"Cannabis Brands","6ac3d709cd5b03630e28bed7","Cannabis Brands Multi-Channel Outbound - Oct 2026","published","5d1236a2-1b98-4b7f-9621-5d4f7749f377","dcb211fc-a931-4e50-8198-7b7746dce1fc","Day 23 Email 5 - Breakup - Cameron .com",,"https://api.leadconnectorhq.com/widget/booking/w6lgGxG2zOKyw24LTpjD?utm_source=cannabisbrandemail","","True","utm_source=cannabisbrandemail","ok"
"Cannabis Brands","6ac3d709cd5b03630e28bed7","Cannabis Brands Multi-Channel Outbound - Oct 2026","published","5d1236a2-1b98-4b7f-9621-5d4f7749f377","27548aa6-27e8-4ee1-aa3c-04e1a0e24285","Day 1 Email 1 - Opener - Cameron .com",,"https://api.leadconnectorhq.com/widget/booking/w6lgGxG2zOKyw24LTpjD?utm_source=cannabisbrandemail","","True","utm_source=cannabisbrandemail","ok"
"Cannabis Brands","6ac3d709cd5b03630e28bed7","Cannabis Brands Multi-Channel Outbound - Oct 2026","published","5d1236a2-1b98-4b7f-9621-5d4f7749f377","de7daf50-f1ef-46a8-aaec-8f25d696dfa0","Day 11 Email 3 - Proof - Cameron .com",,"https://api.leadconnectorhq.com/widget/booking/w6lgGxG2zOKyw24LTpjD?utm_source=cannabisbrandemail","","True","utm_source=cannabisbrandemail","ok"
"Cannabis Brands","6ac3d709cd5b03630e28bed7","Cannabis Brands Multi-Channel Outbound - Oct 2026","published","5d1236a2-1b98-4b7f-9621-5d4f7749f377","04d18629-4db3-48ab-99eb-1b543dd303f0","Day 5 Email 2 - How It Works - Cameron .com",,"{{trigger_link.D9PMm4hmiv7yCsdatyw0}}","D9PMm4hmiv7yCsdatyw0","False","","ok"
"Cannabis Brands","6ac3d709cd5b03630e28bed7","Cannabis Brands Multi-Channel Outbound - Oct 2026","published","5d1236a2-1b98-4b7f-9621-5d4f7749f377","04d18629-4db3-48ab-99eb-1b543dd303f0","Day 5 Email 2 - How It Works - Cameron .com",,"https://api.leadconnectorhq.com/widget/booking/w6lgGxG2zOKyw24LTpjD?utm_source=cannabisbrandemail","","True","utm_source=cannabisbrandemail","ok"
"Cannabis Brands","6ac3d709cd5b03630e28bed7","Cannabis Brands Multi-Channel Outbound - Oct 2026","published","5d1236a2-1b98-4b7f-9621-5d4f7749f377","c81a9034-43bc-462a-84eb-fe8665712769","Day 15 Email 4 - Direct Ask - Cameron .com",,"https://api.leadconnectorhq.com/widget/booking/w6lgGxG2zOKyw24LTpjD?utm_source=cannabisbrandemail","","True","utm_source=cannabisbrandemail","ok"
"Nicotine","6ac62ca6cd5b03630e6107b4","Nicotine Brands Multi-Channel Outbound - Oct 2026","published","e42cee9c-3c0d-474b-8d78-83cd10e9c620","867da80c-be1b-4d05-b79b-87dc69634279","Day 1 Email 1 - Opener - Cameron .agency",,"","","False","","no_content_url"
"Nicotine","6ac62ca6cd5b03630e6107b4","Nicotine Brands Multi-Channel Outbound - Oct 2026","published","e42cee9c-3c0d-474b-8d78-83cd10e9c620","8696a7eb-c215-44f3-9bc2-403d6bf7a35a","Day 23 Email 5 - Breakup - Cameron .org",,"","","False","","no_content_url"
"Nicotine","6ac62ca6cd5b03630e6107b4","Nicotine Brands Multi-Channel Outbound - Oct 2026","published","e42cee9c-3c0d-474b-8d78-83cd10e9c620","6a502ad0-d286-4743-82ed-cc21e02d541c","Day 15 Email 4 - Direct Ask - Cameron .org",,"","","False","","no_content_url"
"Nicotine","6ac62ca6cd5b03630e6107b4","Nicotine Brands Multi-Channel Outbound - Oct 2026","published","e42cee9c-3c0d-474b-8d78-83cd10e9c620","99f0b382-3e42-4545-b64c-928380ba73c2","Day 11 Email 3 - Proof - Cameron .org",,"","","False","","no_content_url"
"Nicotine","6ac62ca6cd5b03630e6107b4","Nicotine Brands Multi-Channel Outbound - Oct 2026","published","e42cee9c-3c0d-474b-8d78-83cd10e9c620","abb2888c-cc8d-4ca1-baa2-0303a1943bd5","Day 5 Email 2 - How It Works - Cameron .org",,"","","False","","no_content_url"
"Nicotine","6ac62ca6cd5b03630e6107b4","Nicotine Brands Multi-Channel Outbound - Oct 2026","published","e42cee9c-3c0d-474b-8d78-83cd10e9c620","7fbfd4f8-25b6-48d3-8c6b-ca6131131a84","Day 23 Email 5 - Breakup - Cameron .agency",,"","","False","","no_content_url"
"Nicotine","6ac62ca6cd5b03630e6107b4","Nicotine Brands Multi-Channel Outbound - Oct 2026","published","e42cee9c-3c0d-474b-8d78-83cd10e9c620","be3b930b-69f2-4533-bfdc-fb1147e00c16","Day 1 Email 1 - Opener - Cameron .org",,"","","False","","no_content_url"
"Nicotine","6ac62ca6cd5b03630e6107b4","Nicotine Brands Multi-Channel Outbound - Oct 2026","published","e42cee9c-3c0d-474b-8d78-83cd10e9c620","3dae1657-d2b4-4e61-95ea-84c7692306e4","Day 11 Email 3 - Proof - Cameron .agency",,"","","False","","no_content_url"
"Nicotine","6ac62ca6cd5b03630e6107b4","Nicotine Brands Multi-Channel Outbound - Oct 2026","published","e42cee9c-3c0d-474b-8d78-83cd10e9c620","188066ea-2938-45e6-b5ba-6d7f09ceb165","Day 15 Email 4 - Direct Ask - Cameron .agency",,"","","False","","no_content_url"
"Nicotine","6ac62ca6cd5b03630e6107b4","Nicotine Brands Multi-Channel Outbound - Oct 2026","published","e42cee9c-3c0d-474b-8d78-83cd10e9c620","85e59503-d273-4b9c-ac0c-fc400e6360d7","Day 5 Email 2 - How It Works - Cameron .agency",,"","","False","","no_content_url"
"Nicotine","6ac62ca6cd5b03630e6107b4","Nicotine Brands Multi-Channel Outbound - Oct 2026","published","e42cee9c-3c0d-474b-8d78-83cd10e9c620","27548aa6-27e8-4ee1-aa3c-04e1a0e24285","Day 1 Email 1 - Opener - Cameron .com",,"","","False","","no_content_url"
"Nicotine","6ac62ca6cd5b03630e6107b4","Nicotine Brands Multi-Channel Outbound - Oct 2026","published","e42cee9c-3c0d-474b-8d78-83cd10e9c620","a3bcf96a-efbb-4889-9af8-3e15114cde77","Day 23 Email 5 - Breakup - Cameron .co",,"","","False","","no_content_url"
"Nicotine","6ac62ca6cd5b03630e6107b4","Nicotine Brands Multi-Channel Outbound - Oct 2026","published","e42cee9c-3c0d-474b-8d78-83cd10e9c620","33c56432-637e-454d-acbc-eccb228e1098","Day 15 Email 4 - Direct Ask - Cameron .co",,"","","False","","no_content_url"
"Nicotine","6ac62ca6cd5b03630e6107b4","Nicotine Brands Multi-Channel Outbound - Oct 2026","published","e42cee9c-3c0d-474b-8d78-83cd10e9c620","1fbd1595-c9a2-47aa-a10f-4de5ef9241db","Day 11 Email 3 - Proof - Cameron .co",,"","","False","","no_content_url"
"Nicotine","6ac62ca6cd5b03630e6107b4","Nicotine Brands Multi-Channel Outbound - Oct 2026","published","e42cee9c-3c0d-474b-8d78-83cd10e9c620","282822dd-2554-48b7-ab61-4a0266054a7e","Day 5 Email 2 - How It Works - Cameron .co",,"","","False","","no_content_url"
"Nicotine","6ac62ca6cd5b03630e6107b4","Nicotine Brands Multi-Channel Outbound - Oct 2026","published","e42cee9c-3c0d-474b-8d78-83cd10e9c620","aadc93d4-eade-4c9f-a908-3c046314b759","Day 1 Email 1 - Opener - Cameron .co",,"","","False","","no_content_url"
"Nicotine","6ac62ca6cd5b03630e6107b4","Nicotine Brands Multi-Channel Outbound - Oct 2026","published","e42cee9c-3c0d-474b-8d78-83cd10e9c620","dcb211fc-a931-4e50-8198-7b7746dce1fc","Day 23 Email 5 - Breakup - Cameron .com",,"","","False","","no_content_url"
"Nicotine","6ac62ca6cd5b03630e6107b4","Nicotine Brands Multi-Channel Outbound - Oct 2026","published","e42cee9c-3c0d-474b-8d78-83cd10e9c620","c81a9034-43bc-462a-84eb-fe8665712769","Day 15 Email 4 - Direct Ask - Cameron .com",,"","","False","","no_content_url"
"Nicotine","6ac62ca6cd5b03630e6107b4","Nicotine Brands Multi-Channel Outbound - Oct 2026","published","e42cee9c-3c0d-474b-8d78-83cd10e9c620","de7daf50-f1ef-46a8-aaec-8f25d696dfa0","Day 11 Email 3 - Proof - Cameron .com",,"","","False","","no_content_url"
"Nicotine","6ac62ca6cd5b03630e6107b4","Nicotine Brands Multi-Channel Outbound - Oct 2026","published","e42cee9c-3c0d-474b-8d78-83cd10e9c620","04d18629-4db3-48ab-99eb-1b543dd303f0","Day 5 Email 2 - How It Works - Cameron .com",,"","","False","","no_content_url"
"Mushroom","6ac67fd8cf68342f29a92e73","Mushroom Brands Multi-Channel Outbound - Oct 2026","published","f1280d4b-ac8f-4353-b3c1-f874f7202bdb","867da80c-be1b-4d05-b79b-87dc69634279","Day 1 Email 1 - Opener - Cameron .agency",,"","","False","","no_content_url"
"Mushroom","6ac67fd8cf68342f29a92e73","Mushroom Brands Multi-Channel Outbound - Oct 2026","published","f1280d4b-ac8f-4353-b3c1-f874f7202bdb","8696a7eb-c215-44f3-9bc2-403d6bf7a35a","Day 23 Email 5 - Breakup - Cameron .org",,"","","False","","no_content_url"
"Mushroom","6ac67fd8cf68342f29a92e73","Mushroom Brands Multi-Channel Outbound - Oct 2026","published","f1280d4b-ac8f-4353-b3c1-f874f7202bdb","6a502ad0-d286-4743-82ed-cc21e02d541c","Day 15 Email 4 - Direct Ask - Cameron .org",,"","","False","","no_content_url"
"Mushroom","6ac67fd8cf68342f29a92e73","Mushroom Brands Multi-Channel Outbound - Oct 2026","published","f1280d4b-ac8f-4353-b3c1-f874f7202bdb","99f0b382-3e42-4545-b64c-928380ba73c2","Day 11 Email 3 - Proof - Cameron .org",,"","","False","","no_content_url"
"Mushroom","6ac67fd8cf68342f29a92e73","Mushroom Brands Multi-Channel Outbound - Oct 2026","published","f1280d4b-ac8f-4353-b3c1-f874f7202bdb","abb2888c-cc8d-4ca1-baa2-0303a1943bd5","Day 5 Email 2 - How It Works - Cameron .org",,"","","False","","no_content_url"
"Mushroom","6ac67fd8cf68342f29a92e73","Mushroom Brands Multi-Channel Outbound - Oct 2026","published","f1280d4b-ac8f-4353-b3c1-f874f7202bdb","be3b930b-69f2-4533-bfdc-fb1147e00c16","Day 1 Email 1 - Opener - Cameron .org",,"","","False","","no_content_url"
"Mushroom","6ac67fd8cf68342f29a92e73","Mushroom Brands Multi-Channel Outbound - Oct 2026","published","f1280d4b-ac8f-4353-b3c1-f874f7202bdb","7fbfd4f8-25b6-48d3-8c6b-ca6131131a84","Day 23 Email 5 - Breakup - Cameron .agency",,"","","False","","no_content_url"
"Mushroom","6ac67fd8cf68342f29a92e73","Mushroom Brands Multi-Channel Outbound - Oct 2026","published","f1280d4b-ac8f-4353-b3c1-f874f7202bdb","188066ea-2938-45e6-b5ba-6d7f09ceb165","Day 15 Email 4 - Direct Ask - Cameron .agency",,"","","False","","no_content_url"
"Mushroom","6ac67fd8cf68342f29a92e73","Mushroom Brands Multi-Channel Outbound - Oct 2026","published","f1280d4b-ac8f-4353-b3c1-f874f7202bdb","3dae1657-d2b4-4e61-95ea-84c7692306e4","Day 11 Email 3 - Proof - Cameron .agency",,"","","False","","no_content_url"
"Mushroom","6ac67fd8cf68342f29a92e73","Mushroom Brands Multi-Channel Outbound - Oct 2026","published","f1280d4b-ac8f-4353-b3c1-f874f7202bdb","85e59503-d273-4b9c-ac0c-fc400e6360d7","Day 5 Email 2 - How It Works - Cameron .agency",,"","","False","","no_content_url"
"Mushroom","6ac67fd8cf68342f29a92e73","Mushroom Brands Multi-Channel Outbound - Oct 2026","published","f1280d4b-ac8f-4353-b3c1-f874f7202bdb","27548aa6-27e8-4ee1-aa3c-04e1a0e24285","Day 1 Email 1 - Opener - Cameron .com",,"","","False","","no_content_url"
"Mushroom","6ac67fd8cf68342f29a92e73","Mushroom Brands Multi-Channel Outbound - Oct 2026","published","f1280d4b-ac8f-4353-b3c1-f874f7202bdb","a3bcf96a-efbb-4889-9af8-3e15114cde77","Day 23 Email 5 - Breakup - Cameron .co",,"","","False","","no_content_url"
"Mushroom","6ac67fd8cf68342f29a92e73","Mushroom Brands Multi-Channel Outbound - Oct 2026","published","f1280d4b-ac8f-4353-b3c1-f874f7202bdb","33c56432-637e-454d-acbc-eccb228e1098","Day 15 Email 4 - Direct Ask - Cameron .co",,"","","False","","no_content_url"
"Mushroom","6ac67fd8cf68342f29a92e73","Mushroom Brands Multi-Channel Outbound - Oct 2026","published","f1280d4b-ac8f-4353-b3c1-f874f7202bdb","1fbd1595-c9a2-47aa-a10f-4de5ef9241db","Day 11 Email 3 - Proof - Cameron .co",,"","","False","","no_content_url"
"Mushroom","6ac67fd8cf68342f29a92e73","Mushroom Brands Multi-Channel Outbound - Oct 2026","published","f1280d4b-ac8f-4353-b3c1-f874f7202bdb","282822dd-2554-48b7-ab61-4a0266054a7e","Day 5 Email 2 - How It Works - Cameron .co",,"","","False","","no_content_url"
"Mushroom","6ac67fd8cf68342f29a92e73","Mushroom Brands Multi-Channel Outbound - Oct 2026","published","f1280d4b-ac8f-4353-b3c1-f874f7202bdb","aadc93d4-eade-4c9f-a908-3c046314b759","Day 1 Email 1 - Opener - Cameron .co",,"","","False","","no_content_url"
"Mushroom","6ac67fd8cf68342f29a92e73","Mushroom Brands Multi-Channel Outbound - Oct 2026","published","f1280d4b-ac8f-4353-b3c1-f874f7202bdb","dcb211fc-a931-4e50-8198-7b7746dce1fc","Day 23 Email 5 - Breakup - Cameron .com",,"","","False","","no_content_url"
"Mushroom","6ac67fd8cf68342f29a92e73","Mushroom Brands Multi-Channel Outbound - Oct 2026","published","f1280d4b-ac8f-4353-b3c1-f874f7202bdb","c81a9034-43bc-462a-84eb-fe8665712769","Day 15 Email 4 - Direct Ask - Cameron .com",,"","","False","","no_content_url"
"Mushroom","6ac67fd8cf68342f29a92e73","Mushroom Brands Multi-Channel Outbound - Oct 2026","published","f1280d4b-ac8f-4353-b3c1-f874f7202bdb","de7daf50-f1ef-46a8-aaec-8f25d696dfa0","Day 11 Email 3 - Proof - Cameron .com",,"","","False","","no_content_url"
"Mushroom","6ac67fd8cf68342f29a92e73","Mushroom Brands Multi-Channel Outbound - Oct 2026","published","f1280d4b-ac8f-4353-b3c1-f874f7202bdb","04d18629-4db3-48ab-99eb-1b543dd303f0","Day 5 Email 2 - How It Works - Cameron .com",,"","","False","","no_content_url"
"Crypto","6ac896f6cf68342f29f2315a","Crypto Multi-Channel Outbound - Oct 2026","draft","0a79d683-4374-432d-bc64-6c8272540041","188066ea-2938-45e6-b5ba-6d7f09ceb165","Day 15 Email 4 - Direct Ask - Cameron .agency",,"","","False","","no_content_url"
"Crypto","6ac896f6cf68342f29f2315a","Crypto Multi-Channel Outbound - Oct 2026","draft","0a79d683-4374-432d-bc64-6c8272540041","deac767a-0b71-4ddd-9622-68c3b4e29aeb","Day 11 Email 3 - Proof - Cameron .org",,"","","False","","no_content_url"
"Crypto","6ac896f6cf68342f29f2315a","Crypto Multi-Channel Outbound - Oct 2026","draft","0a79d683-4374-432d-bc64-6c8272540041","824a432e-3f5e-471b-af6a-40e50865627d","Day 11 Email 3 - Proof - Cameron .agency",,"","","False","","no_content_url"
"Crypto","6ac896f6cf68342f29f2315a","Crypto Multi-Channel Outbound - Oct 2026","draft","0a79d683-4374-432d-bc64-6c8272540041","394123ba-0cf6-46bf-9d66-edd7bffe5d8f","Day 11 Email 3 - Proof - Cameron .co",,"","","False","","no_content_url"
"Crypto","6ac896f6cf68342f29f2315a","Crypto Multi-Channel Outbound - Oct 2026","draft","0a79d683-4374-432d-bc64-6c8272540041","9d59866b-2749-499b-a4d3-212e5aad4731","Day 11 Email 3 - Proof - Cameron .com",,"","","False","","no_content_url"
"Crypto","6ac896f6cf68342f29f2315a","Crypto Multi-Channel Outbound - Oct 2026","draft","0a79d683-4374-432d-bc64-6c8272540041","8696a7eb-c215-44f3-9bc2-403d6bf7a35a","Day 23 Email 5 - Breakup - Cameron .org",,"","","False","","no_content_url"
"Crypto","6ac896f6cf68342f29f2315a","Crypto Multi-Channel Outbound - Oct 2026","draft","0a79d683-4374-432d-bc64-6c8272540041","6a502ad0-d286-4743-82ed-cc21e02d541c","Day 15 Email 4 - Direct Ask - Cameron .org",,"","","False","","no_content_url"
"Crypto","6ac896f6cf68342f29f2315a","Crypto Multi-Channel Outbound - Oct 2026","draft","0a79d683-4374-432d-bc64-6c8272540041","abb2888c-cc8d-4ca1-baa2-0303a1943bd5","Day 5 Email 2 - How It Works - Cameron .org",,"","","False","","no_content_url"
"Crypto","6ac896f6cf68342f29f2315a","Crypto Multi-Channel Outbound - Oct 2026","draft","0a79d683-4374-432d-bc64-6c8272540041","be3b930b-69f2-4533-bfdc-fb1147e00c16","Day 1 Email 1 - Opener - Cameron .org",,"","","False","","no_content_url"
"Crypto","6ac896f6cf68342f29f2315a","Crypto Multi-Channel Outbound - Oct 2026","draft","0a79d683-4374-432d-bc64-6c8272540041","7fbfd4f8-25b6-48d3-8c6b-ca6131131a84","Day 23 Email 5 - Breakup - Cameron .agency",,"","","False","","no_content_url"
"Crypto","6ac896f6cf68342f29f2315a","Crypto Multi-Channel Outbound - Oct 2026","draft","0a79d683-4374-432d-bc64-6c8272540041","27548aa6-27e8-4ee1-aa3c-04e1a0e24285","Day 1 Email 1 - Opener - Cameron .com",,"","","False","","no_content_url"
"Crypto","6ac896f6cf68342f29f2315a","Crypto Multi-Channel Outbound - Oct 2026","draft","0a79d683-4374-432d-bc64-6c8272540041","85e59503-d273-4b9c-ac0c-fc400e6360d7","Day 5 Email 2 - How It Works - Cameron .agency",,"","","False","","no_content_url"
"Crypto","6ac896f6cf68342f29f2315a","Crypto Multi-Channel Outbound - Oct 2026","draft","0a79d683-4374-432d-bc64-6c8272540041","867da80c-be1b-4d05-b79b-87dc69634279","Day 1 Email 1 - Opener - Cameron .agency",,"","","False","","no_content_url"
"Crypto","6ac896f6cf68342f29f2315a","Crypto Multi-Channel Outbound - Oct 2026","draft","0a79d683-4374-432d-bc64-6c8272540041","a3bcf96a-efbb-4889-9af8-3e15114cde77","Day 23 Email 5 - Breakup - Cameron .co",,"","","False","","no_content_url"
"Crypto","6ac896f6cf68342f29f2315a","Crypto Multi-Channel Outbound - Oct 2026","draft","0a79d683-4374-432d-bc64-6c8272540041","33c56432-637e-454d-acbc-eccb228e1098","Day 15 Email 4 - Direct Ask - Cameron .co",,"","","False","","no_content_url"
"Crypto","6ac896f6cf68342f29f2315a","Crypto Multi-Channel Outbound - Oct 2026","draft","0a79d683-4374-432d-bc64-6c8272540041","282822dd-2554-48b7-ab61-4a0266054a7e","Day 5 Email 2 - How It Works - Cameron .co",,"","","False","","no_content_url"
"Crypto","6ac896f6cf68342f29f2315a","Crypto Multi-Channel Outbound - Oct 2026","draft","0a79d683-4374-432d-bc64-6c8272540041","aadc93d4-eade-4c9f-a908-3c046314b759","Day 1 Email 1 - Opener - Cameron .co",,"","","False","","no_content_url"
"Crypto","6ac896f6cf68342f29f2315a","Crypto Multi-Channel Outbound - Oct 2026","draft","0a79d683-4374-432d-bc64-6c8272540041","dcb211fc-a931-4e50-8198-7b7746dce1fc","Day 23 Email 5 - Breakup - Cameron .com",,"","","False","","no_content_url"
"Crypto","6ac896f6cf68342f29f2315a","Crypto Multi-Channel Outbound - Oct 2026","draft","0a79d683-4374-432d-bc64-6c8272540041","c81a9034-43bc-462a-84eb-fe8665712769","Day 15 Email 4 - Direct Ask - Cameron .com",,"","","False","","no_content_url"
"Crypto","6ac896f6cf68342f29f2315a","Crypto Multi-Channel Outbound - Oct 2026","draft","0a79d683-4374-432d-bc64-6c8272540041","04d18629-4db3-48ab-99eb-1b543dd303f0","Day 5 Email 2 - How It Works - Cameron .com",,"","","False","","no_content_url"
"Cannabis Dispensaries","6ac89709cf68342f29f23201","Cannabis Dispensaries Multi-Channel Outbound - Oct 2026","draft","365ecf51-d700-4c2d-8058-df20ad523538","188066ea-2938-45e6-b5ba-6d7f09ceb165","Day 15 Email 4 - Direct Ask - Cameron .agency",,"","","False","","no_content_url"
"Cannabis Dispensaries","6ac89709cf68342f29f23201","Cannabis Dispensaries Multi-Channel Outbound - Oct 2026","draft","365ecf51-d700-4c2d-8058-df20ad523538","deac767a-0b71-4ddd-9622-68c3b4e29aeb","Day 11 Email 3 - Proof - Cameron .org",,"","","False","","no_content_url"
"Cannabis Dispensaries","6ac89709cf68342f29f23201","Cannabis Dispensaries Multi-Channel Outbound - Oct 2026","draft","365ecf51-d700-4c2d-8058-df20ad523538","824a432e-3f5e-471b-af6a-40e50865627d","Day 11 Email 3 - Proof - Cameron .agency",,"","","False","","no_content_url"
"Cannabis Dispensaries","6ac89709cf68342f29f23201","Cannabis Dispensaries Multi-Channel Outbound - Oct 2026","draft","365ecf51-d700-4c2d-8058-df20ad523538","394123ba-0cf6-46bf-9d66-edd7bffe5d8f","Day 11 Email 3 - Proof - Cameron .co",,"","","False","","no_content_url"
"Cannabis Dispensaries","6ac89709cf68342f29f23201","Cannabis Dispensaries Multi-Channel Outbound - Oct 2026","draft","365ecf51-d700-4c2d-8058-df20ad523538","9d59866b-2749-499b-a4d3-212e5aad4731","Day 11 Email 3 - Proof - Cameron .com",,"","","False","","no_content_url"
"Cannabis Dispensaries","6ac89709cf68342f29f23201","Cannabis Dispensaries Multi-Channel Outbound - Oct 2026","draft","365ecf51-d700-4c2d-8058-df20ad523538","8696a7eb-c215-44f3-9bc2-403d6bf7a35a","Day 23 Email 5 - Breakup - Cameron .org",,"","","False","","no_content_url"
"Cannabis Dispensaries","6ac89709cf68342f29f23201","Cannabis Dispensaries Multi-Channel Outbound - Oct 2026","draft","365ecf51-d700-4c2d-8058-df20ad523538","6a502ad0-d286-4743-82ed-cc21e02d541c","Day 15 Email 4 - Direct Ask - Cameron .org",,"","","False","","no_content_url"
"Cannabis Dispensaries","6ac89709cf68342f29f23201","Cannabis Dispensaries Multi-Channel Outbound - Oct 2026","draft","365ecf51-d700-4c2d-8058-df20ad523538","abb2888c-cc8d-4ca1-baa2-0303a1943bd5","Day 5 Email 2 - How It Works - Cameron .org",,"","","False","","no_content_url"
"Cannabis Dispensaries","6ac89709cf68342f29f23201","Cannabis Dispensaries Multi-Channel Outbound - Oct 2026","draft","365ecf51-d700-4c2d-8058-df20ad523538","be3b930b-69f2-4533-bfdc-fb1147e00c16","Day 1 Email 1 - Opener - Cameron .org",,"","","False","","no_content_url"
"Cannabis Dispensaries","6ac89709cf68342f29f23201","Cannabis Dispensaries Multi-Channel Outbound - Oct 2026","draft","365ecf51-d700-4c2d-8058-df20ad523538","7fbfd4f8-25b6-48d3-8c6b-ca6131131a84","Day 23 Email 5 - Breakup - Cameron .agency",,"","","False","","no_content_url"
"Cannabis Dispensaries","6ac89709cf68342f29f23201","Cannabis Dispensaries Multi-Channel Outbound - Oct 2026","draft","365ecf51-d700-4c2d-8058-df20ad523538","27548aa6-27e8-4ee1-aa3c-04e1a0e24285","Day 1 Email 1 - Opener - Cameron .com",,"","","False","","no_content_url"
"Cannabis Dispensaries","6ac89709cf68342f29f23201","Cannabis Dispensaries Multi-Channel Outbound - Oct 2026","draft","365ecf51-d700-4c2d-8058-df20ad523538","85e59503-d273-4b9c-ac0c-fc400e6360d7","Day 5 Email 2 - How It Works - Cameron .agency",,"","","False","","no_content_url"
"Cannabis Dispensaries","6ac89709cf68342f29f23201","Cannabis Dispensaries Multi-Channel Outbound - Oct 2026","draft","365ecf51-d700-4c2d-8058-df20ad523538","867da80c-be1b-4d05-b79b-87dc69634279","Day 1 Email 1 - Opener - Cameron .agency",,"","","False","","no_content_url"
"Cannabis Dispensaries","6ac89709cf68342f29f23201","Cannabis Dispensaries Multi-Channel Outbound - Oct 2026","draft","365ecf51-d700-4c2d-8058-df20ad523538","a3bcf96a-efbb-4889-9af8-3e15114cde77","Day 23 Email 5 - Breakup - Cameron .co",,"","","False","","no_content_url"
"Cannabis Dispensaries","6ac89709cf68342f29f23201","Cannabis Dispensaries Multi-Channel Outbound - Oct 2026","draft","365ecf51-d700-4c2d-8058-df20ad523538","33c56432-637e-454d-acbc-eccb228e1098","Day 15 Email 4 - Direct Ask - Cameron .co",,"","","False","","no_content_url"
"Cannabis Dispensaries","6ac89709cf68342f29f23201","Cannabis Dispensaries Multi-Channel Outbound - Oct 2026","draft","365ecf51-d700-4c2d-8058-df20ad523538","282822dd-2554-48b7-ab61-4a0266054a7e","Day 5 Email 2 - How It Works - Cameron .co",,"","","False","","no_content_url"
"Cannabis Dispensaries","6ac89709cf68342f29f23201","Cannabis Dispensaries Multi-Channel Outbound - Oct 2026","draft","365ecf51-d700-4c2d-8058-df20ad523538","aadc93d4-eade-4c9f-a908-3c046314b759","Day 1 Email 1 - Opener - Cameron .co",,"","","False","","no_content_url"
"Cannabis Dispensaries","6ac89709cf68342f29f23201","Cannabis Dispensaries Multi-Channel Outbound - Oct 2026","draft","365ecf51-d700-4c2d-8058-df20ad523538","dcb211fc-a931-4e50-8198-7b7746dce1fc","Day 23 Email 5 - Breakup - Cameron .com",,"","","False","","no_content_url"
"Cannabis Dispensaries","6ac89709cf68342f29f23201","Cannabis Dispensaries Multi-Channel Outbound - Oct 2026","draft","365ecf51-d700-4c2d-8058-df20ad523538","c81a9034-43bc-462a-84eb-fe8665712769","Day 15 Email 4 - Direct Ask - Cameron .com",,"","","False","","no_content_url"
"Cannabis Dispensaries","6ac89709cf68342f29f23201","Cannabis Dispensaries Multi-Channel Outbound - Oct 2026","draft","365ecf51-d700-4c2d-8058-df20ad523538","04d18629-4db3-48ab-99eb-1b543dd303f0","Day 5 Email 2 - How It Works - Cameron .com",,"","","False","","no_content_url"
"Gambling","6ac8972acf68342f29f2340d","Gambling Multi-Channel Outbound - Oct 2026","draft","4a238825-61d2-49e6-a3d0-4acb3a19c674","188066ea-2938-45e6-b5ba-6d7f09ceb165","Day 15 Email 4 - Direct Ask - Cameron .agency",,"","","False","","no_content_url"
"Gambling","6ac8972acf68342f29f2340d","Gambling Multi-Channel Outbound - Oct 2026","draft","4a238825-61d2-49e6-a3d0-4acb3a19c674","deac767a-0b71-4ddd-9622-68c3b4e29aeb","Day 11 Email 3 - Proof - Cameron .org",,"","","False","","no_content_url"
"Gambling","6ac8972acf68342f29f2340d","Gambling Multi-Channel Outbound - Oct 2026","draft","4a238825-61d2-49e6-a3d0-4acb3a19c674","824a432e-3f5e-471b-af6a-40e50865627d","Day 11 Email 3 - Proof - Cameron .agency",,"","","False","","no_content_url"
"Gambling","6ac8972acf68342f29f2340d","Gambling Multi-Channel Outbound - Oct 2026","draft","4a238825-61d2-49e6-a3d0-4acb3a19c674","394123ba-0cf6-46bf-9d66-edd7bffe5d8f","Day 11 Email 3 - Proof - Cameron .co",,"","","False","","no_content_url"
"Gambling","6ac8972acf68342f29f2340d","Gambling Multi-Channel Outbound - Oct 2026","draft","4a238825-61d2-49e6-a3d0-4acb3a19c674","9d59866b-2749-499b-a4d3-212e5aad4731","Day 11 Email 3 - Proof - Cameron .com",,"","","False","","no_content_url"
"Gambling","6ac8972acf68342f29f2340d","Gambling Multi-Channel Outbound - Oct 2026","draft","4a238825-61d2-49e6-a3d0-4acb3a19c674","8696a7eb-c215-44f3-9bc2-403d6bf7a35a","Day 23 Email 5 - Breakup - Cameron .org",,"","","False","","no_content_url"
"Gambling","6ac8972acf68342f29f2340d","Gambling Multi-Channel Outbound - Oct 2026","draft","4a238825-61d2-49e6-a3d0-4acb3a19c674","6a502ad0-d286-4743-82ed-cc21e02d541c","Day 15 Email 4 - Direct Ask - Cameron .org",,"","","False","","no_content_url"
"Gambling","6ac8972acf68342f29f2340d","Gambling Multi-Channel Outbound - Oct 2026","draft","4a238825-61d2-49e6-a3d0-4acb3a19c674","abb2888c-cc8d-4ca1-baa2-0303a1943bd5","Day 5 Email 2 - How It Works - Cameron .org",,"","","False","","no_content_url"
"Gambling","6ac8972acf68342f29f2340d","Gambling Multi-Channel Outbound - Oct 2026","draft","4a238825-61d2-49e6-a3d0-4acb3a19c674","be3b930b-69f2-4533-bfdc-fb1147e00c16","Day 1 Email 1 - Opener - Cameron .org",,"","","False","","no_content_url"
"Gambling","6ac8972acf68342f29f2340d","Gambling Multi-Channel Outbound - Oct 2026","draft","4a238825-61d2-49e6-a3d0-4acb3a19c674","7fbfd4f8-25b6-48d3-8c6b-ca6131131a84","Day 23 Email 5 - Breakup - Cameron .agency",,"","","False","","no_content_url"
"Gambling","6ac8972acf68342f29f2340d","Gambling Multi-Channel Outbound - Oct 2026","draft","4a238825-61d2-49e6-a3d0-4acb3a19c674","27548aa6-27e8-4ee1-aa3c-04e1a0e24285","Day 1 Email 1 - Opener - Cameron .com",,"","","False","","no_content_url"
"Gambling","6ac8972acf68342f29f2340d","Gambling Multi-Channel Outbound - Oct 2026","draft","4a238825-61d2-49e6-a3d0-4acb3a19c674","85e59503-d273-4b9c-ac0c-fc400e6360d7","Day 5 Email 2 - How It Works - Cameron .agency",,"","","False","","no_content_url"
"Gambling","6ac8972acf68342f29f2340d","Gambling Multi-Channel Outbound - Oct 2026","draft","4a238825-61d2-49e6-a3d0-4acb3a19c674","867da80c-be1b-4d05-b79b-87dc69634279","Day 1 Email 1 - Opener - Cameron .agency",,"","","False","","no_content_url"
"Gambling","6ac8972acf68342f29f2340d","Gambling Multi-Channel Outbound - Oct 2026","draft","4a238825-61d2-49e6-a3d0-4acb3a19c674","a3bcf96a-efbb-4889-9af8-3e15114cde77","Day 23 Email 5 - Breakup - Cameron .co",,"","","False","","no_content_url"
"Gambling","6ac8972acf68342f29f2340d","Gambling Multi-Channel Outbound - Oct 2026","draft","4a238825-61d2-49e6-a3d0-4acb3a19c674","33c56432-637e-454d-acbc-eccb228e1098","Day 15 Email 4 - Direct Ask - Cameron .co",,"","","False","","no_content_url"
"Gambling","6ac8972acf68342f29f2340d","Gambling Multi-Channel Outbound - Oct 2026","draft","4a238825-61d2-49e6-a3d0-4acb3a19c674","282822dd-2554-48b7-ab61-4a0266054a7e","Day 5 Email 2 - How It Works - Cameron .co",,"","","False","","no_content_url"
"Gambling","6ac8972acf68342f29f2340d","Gambling Multi-Channel Outbound - Oct 2026","draft","4a238825-61d2-49e6-a3d0-4acb3a19c674","aadc93d4-eade-4c9f-a908-3c046314b759","Day 1 Email 1 - Opener - Cameron .co",,"","","False","","no_content_url"
"Gambling","6ac8972acf68342f29f2340d","Gambling Multi-Channel Outbound - Oct 2026","draft","4a238825-61d2-49e6-a3d0-4acb3a19c674","dcb211fc-a931-4e50-8198-7b7746dce1fc","Day 23 Email 5 - Breakup - Cameron .com",,"","","False","","no_content_url"
"Gambling","6ac8972acf68342f29f2340d","Gambling Multi-Channel Outbound - Oct 2026","draft","4a238825-61d2-49e6-a3d0-4acb3a19c674","c81a9034-43bc-462a-84eb-fe8665712769","Day 15 Email 4 - Direct Ask - Cameron .com",,"","","False","","no_content_url"
"Gambling","6ac8972acf68342f29f2340d","Gambling Multi-Channel Outbound - Oct 2026","draft","4a238825-61d2-49e6-a3d0-4acb3a19c674","04d18629-4db3-48ab-99eb-1b543dd303f0","Day 5 Email 2 - How It Works - Cameron .com",,"","","False","","no_content_url"
"Peptides","6ac89749cf68342f29f234b9","Peptides Multi-Channel Outbound - Oct 2026","draft","11a70375-d401-45d1-86c1-13e538528748","188066ea-2938-45e6-b5ba-6d7f09ceb165","Day 15 Email 4 - Direct Ask - Cameron .agency",,"","","False","","no_content_url"
"Peptides","6ac89749cf68342f29f234b9","Peptides Multi-Channel Outbound - Oct 2026","draft","11a70375-d401-45d1-86c1-13e538528748","deac767a-0b71-4ddd-9622-68c3b4e29aeb","Day 11 Email 3 - Proof - Cameron .org",,"","","False","","no_content_url"
"Peptides","6ac89749cf68342f29f234b9","Peptides Multi-Channel Outbound - Oct 2026","draft","11a70375-d401-45d1-86c1-13e538528748","824a432e-3f5e-471b-af6a-40e50865627d","Day 11 Email 3 - Proof - Cameron .agency",,"","","False","","no_content_url"
"Peptides","6ac89749cf68342f29f234b9","Peptides Multi-Channel Outbound - Oct 2026","draft","11a70375-d401-45d1-86c1-13e538528748","394123ba-0cf6-46bf-9d66-edd7bffe5d8f","Day 11 Email 3 - Proof - Cameron .co",,"","","False","","no_content_url"
"Peptides","6ac89749cf68342f29f234b9","Peptides Multi-Channel Outbound - Oct 2026","draft","11a70375-d401-45d1-86c1-13e538528748","9d59866b-2749-499b-a4d3-212e5aad4731","Day 11 Email 3 - Proof - Cameron .com",,"","","False","","no_content_url"
"Peptides","6ac89749cf68342f29f234b9","Peptides Multi-Channel Outbound - Oct 2026","draft","11a70375-d401-45d1-86c1-13e538528748","8696a7eb-c215-44f3-9bc2-403d6bf7a35a","Day 23 Email 5 - Breakup - Cameron .org",,"","","False","","no_content_url"
"Peptides","6ac89749cf68342f29f234b9","Peptides Multi-Channel Outbound - Oct 2026","draft","11a70375-d401-45d1-86c1-13e538528748","6a502ad0-d286-4743-82ed-cc21e02d541c","Day 15 Email 4 - Direct Ask - Cameron .org",,"","","False","","no_content_url"
"Peptides","6ac89749cf68342f29f234b9","Peptides Multi-Channel Outbound - Oct 2026","draft","11a70375-d401-45d1-86c1-13e538528748","abb2888c-cc8d-4ca1-baa2-0303a1943bd5","Day 5 Email 2 - How It Works - Cameron .org",,"","","False","","no_content_url"
"Peptides","6ac89749cf68342f29f234b9","Peptides Multi-Channel Outbound - Oct 2026","draft","11a70375-d401-45d1-86c1-13e538528748","be3b930b-69f2-4533-bfdc-fb1147e00c16","Day 1 Email 1 - Opener - Cameron .org",,"","","False","","no_content_url"
"Peptides","6ac89749cf68342f29f234b9","Peptides Multi-Channel Outbound - Oct 2026","draft","11a70375-d401-45d1-86c1-13e538528748","7fbfd4f8-25b6-48d3-8c6b-ca6131131a84","Day 23 Email 5 - Breakup - Cameron .agency",,"","","False","","no_content_url"
"Peptides","6ac89749cf68342f29f234b9","Peptides Multi-Channel Outbound - Oct 2026","draft","11a70375-d401-45d1-86c1-13e538528748","27548aa6-27e8-4ee1-aa3c-04e1a0e24285","Day 1 Email 1 - Opener - Cameron .com",,"","","False","","no_content_url"
"Peptides","6ac89749cf68342f29f234b9","Peptides Multi-Channel Outbound - Oct 2026","draft","11a70375-d401-45d1-86c1-13e538528748","85e59503-d273-4b9c-ac0c-fc400e6360d7","Day 5 Email 2 - How It Works - Cameron .agency",,"","","False","","no_content_url"
"Peptides","6ac89749cf68342f29f234b9","Peptides Multi-Channel Outbound - Oct 2026","draft","11a70375-d401-45d1-86c1-13e538528748","867da80c-be1b-4d05-b79b-87dc69634279","Day 1 Email 1 - Opener - Cameron .agency",,"","","False","","no_content_url"
"Peptides","6ac89749cf68342f29f234b9","Peptides Multi-Channel Outbound - Oct 2026","draft","11a70375-d401-45d1-86c1-13e538528748","a3bcf96a-efbb-4889-9af8-3e15114cde77","Day 23 Email 5 - Breakup - Cameron .co",,"","","False","","no_content_url"
"Peptides","6ac89749cf68342f29f234b9","Peptides Multi-Channel Outbound - Oct 2026","draft","11a70375-d401-45d1-86c1-13e538528748","33c56432-637e-454d-acbc-eccb228e1098","Day 15 Email 4 - Direct Ask - Cameron .co",,"","","False","","no_content_url"
"Peptides","6ac89749cf68342f29f234b9","Peptides Multi-Channel Outbound - Oct 2026","draft","11a70375-d401-45d1-86c1-13e538528748","282822dd-2554-48b7-ab61-4a0266054a7e","Day 5 Email 2 - How It Works - Cameron .co",,"","","False","","no_content_url"
"Peptides","6ac89749cf68342f29f234b9","Peptides Multi-Channel Outbound - Oct 2026","draft","11a70375-d401-45d1-86c1-13e538528748","aadc93d4-eade-4c9f-a908-3c046314b759","Day 1 Email 1 - Opener - Cameron .co",,"","","False","","no_content_url"
"Peptides","6ac89749cf68342f29f234b9","Peptides Multi-Channel Outbound - Oct 2026","draft","11a70375-d401-45d1-86c1-13e538528748","dcb211fc-a931-4e50-8198-7b7746dce1fc","Day 23 Email 5 - Breakup - Cameron .com",,"","","False","","no_content_url"
"Peptides","6ac89749cf68342f29f234b9","Peptides Multi-Channel Outbound - Oct 2026","draft","11a70375-d401-45d1-86c1-13e538528748","c81a9034-43bc-462a-84eb-fe8665712769","Day 15 Email 4 - Direct Ask - Cameron .com",,"","","False","","no_content_url"
"Peptides","6ac89749cf68342f29f234b9","Peptides Multi-Channel Outbound - Oct 2026","draft","11a70375-d401-45d1-86c1-13e538528748","04d18629-4db3-48ab-99eb-1b543dd303f0","Day 5 Email 2 - How It Works - Cameron .com",,"","","False","","no_content_url"
