"calendarId","calendarName","calendarType","active","widgetSlug","widgetUrl","inventorySource","readAtUtc","bookingLinkMapping"
"Cb09pRBQMwgoO15xuSlj","Kevin Lagudgud's Personal Calendar","personal","True","kevin-lagudgud-personal-calendar-0--qj8equ",,"GHL documented GET /calendars/","2026-10-09T12:48:35Z","not exposed by calendar-list payload; resolve through Trigger Link/email use"
"DVvS8Q9k5sAprWq3XbKS","Operations Manager Interview","personal","True","opsmanager3",,"GHL documented GET /calendars/","2026-10-09T12:48:35Z","not exposed by calendar-list payload; resolve through Trigger Link/email use"
"GLIjMunXk5cEo46hoSTR","Ed Cadorniga's Personal Calendar","personal","True","ed-cadorniga-personal-calendar-a0rqdvibb",,"GHL documented GET /calendars/","2026-10-09T12:48:35Z","not exposed by calendar-list payload; resolve through Trigger Link/email use"
"QRS1nsQsUlXFK3VXw0vV","Rochella Caguin's Personal Calendar","personal","True","rochella-caguin-personal-calendar-3iiz5f3lu",,"GHL documented GET /calendars/","2026-10-09T12:48:35Z","not exposed by calendar-list payload; resolve through Trigger Link/email use"
"SrtXcFVyea7pFl3nTiIK","Regulated Ads On Social/Search","personal","True","regulated-ads",,"GHL documented GET /calendars/","2026-10-09T12:48:35Z","not exposed by calendar-list payload; resolve through Trigger Link/email use"
"WS6lacfQK2XOhqN7mRaF","Book a demo","personal","True","book-a-demo-YLyfb",,"GHL documented GET /calendars/","2026-10-09T12:48:35Z","not exposed by calendar-list payload; resolve through Trigger Link/email use"
"Ywy16fhzCTkdJjrGUbOL","Interview - Media Buying","personal","True","interview-media-buying",,"GHL documented GET /calendars/","2026-10-09T12:48:35Z","not exposed by calendar-list payload; resolve through Trigger Link/email use"
"a5VRVUAXQQQw5hV3Iqd3","Cameron-1on1-30mins","personal","True","cameron-1on1",,"GHL documented GET /calendars/","2026-10-09T12:48:35Z","not exposed by calendar-list payload; resolve through Trigger Link/email use"
"aoofhOs8VNemyP9Tlhey","Sales Interview","personal","True","sales-interview-dQXZn",,"GHL documented GET /calendars/","2026-10-09T12:48:35Z","not exposed by calendar-list payload; resolve through Trigger Link/email use"
"fjTAz0iS4eSO9rvRd7Iy","Media Buyer-Presentation ","collective","True","media-buyer-presentation",,"GHL documented GET /calendars/","2026-10-09T12:48:35Z","not exposed by calendar-list payload; resolve through Trigger Link/email use"
"lkIvK0XzQVYy0HUTk9Eg","Mike deVries's Personal Calendar","personal","True","mike-devries-personal-calendar-kb7yp8ejq",,"GHL documented GET /calendars/","2026-10-09T12:48:35Z","not exposed by calendar-list payload; resolve through Trigger Link/email use"
"qYww5geFYT99NNiE4eCI","Cameron-1on1-15mins","personal","True","cameron-1on1-15",,"GHL documented GET /calendars/","2026-10-09T12:48:35Z","not exposed by calendar-list payload; resolve through Trigger Link/email use"
"rDruM4LMq3XWUTu1g2JF","Interview-Presentation","personal","True","interview-presentation",,"GHL documented GET /calendars/","2026-10-09T12:48:35Z","not exposed by calendar-list payload; resolve through Trigger Link/email use"
"w6lgGxG2zOKyw24LTpjD","Book 1:1 with Cameron","personal","True","book-11-with-cameron",,"GHL documented GET /calendars/","2026-10-09T12:48:35Z","not exposed by calendar-list payload; resolve through Trigger Link/email use"
