"triggerLinkId","name","mergeToken","redirectTo","destinationType","calendarId","calendarName","utmSource","utmMedium","utmCampaign","utmContent","utmTerm","candidateVerticalFromLinkName","activeWorkflowOrEmailUse","emailStep","redirectChain","inventoryReadAtUtc"
"2AI4WzTP6SenyUbsJWFU","Crypto_Deck_Outboundsequence","{{trigger_link.2AI4WzTP6SenyUbsJWFU}}","https://drive.google.com/file/d/1evR43W5R_ORLK6UCN7pzyrtlCBFbiB4a/view?usp=sharing","drive_file","","",,,,,,"Crypto","unverified; workflow definition unavailable","unverified","not tested","2026-10-09T12:48:35Z"
"7UI7BG20vv4l4VsNpYQj","Mushroom_Deck_Outbound","{{trigger_link.7UI7BG20vv4l4VsNpYQj}}","https://drive.google.com/file/d/1qL2hK2ZiQNQ8LEslijjC8EDnSCHf4u8s/view?usp=sharing","drive_file","","",,,,,,"Mushroom","unverified; workflow definition unavailable","unverified","not tested","2026-10-09T12:48:35Z"
"AVUpupC9Qa5hheYhsgJ3","WL Seq Cannabis Ads - Book Meeting","{{trigger_link.AVUpupC9Qa5hheYhsgJ3}}","https://api.leadconnectorhq.com/widget/booking/a5VRVUAXQQQw5hV3Iqd3?utm_source=email&utm_medium=outreach&utm_campaign=wl_seq_cannabis_ads&utm_content=book_meeting","calendar_booking","a5VRVUAXQQQw5hV3Iqd3","Cameron-1on1-30mins","email","outreach","wl_seq_cannabis_ads","book_meeting",,"Cannabis / legacy WL sequence","unverified; workflow definition unavailable","unverified","not tested","2026-10-09T12:48:35Z"
"bNK7txDSQJkvrgmmH9aZ","Dispensary Attribution Network - Brand Deck - Outbound emails","{{trigger_link.bNK7txDSQJkvrgmmH9aZ}}","https://drive.google.com/file/d/1L4G0nfXi6DggHLXSeJlmZHGUxWJvoXOG/view?usp=drive_link&utm_source=email&utm_medium=outbound&utm_campaign=dan_brands&utm_content=deck_download","drive_file","","","email","outbound","dan_brands","deck_download",,"Cannabis Dispensaries / DAN","unverified; workflow definition unavailable","unverified","not tested","2026-10-09T12:48:35Z"
"D9PMm4hmiv7yCsdatyw0","Cannabis_Deck_OutboundSequence","{{trigger_link.D9PMm4hmiv7yCsdatyw0}}","https://drive.google.com/file/d/1KvjcrvWwyYhn8VlV66rBTfpOP-6GU8q3/view?usp=sharing","drive_file","","",,,,,,"Cannabis / legacy WL sequence","unverified; workflow definition unavailable","unverified","not tested","2026-10-09T12:48:35Z"
"DDPOwxFCexuf3cYGOAPt","Dispensary Attribution Network - Dispensary Deck - Outbound emails","{{trigger_link.DDPOwxFCexuf3cYGOAPt}}","https://drive.google.com/file/d/1elglPoRkA0-DiGQPSL2v5WTLeuvqgTJ7/view?usp=drive_link&utm_source=email&utm_medium=outbound&utm_campaign=dan_dispensaries&utm_content=deck_download","drive_file","","","email","outbound","dan_dispensaries","deck_download",,"Cannabis Dispensaries / DAN","unverified; workflow definition unavailable","unverified","not tested","2026-10-09T12:48:35Z"
"dxi49iAhAFbdW5cXacD7","WL Seq Cannabis Ads - Visit Website","{{trigger_link.dxi49iAhAFbdW5cXacD7}}","https://livetransparent.com/?utm_source=email&utm_medium=outreach&utm_campaign=wl_seq_cannabis_ads&utm_content=visit_site","website","","","email","outreach","wl_seq_cannabis_ads","visit_site",,"Cannabis / legacy WL sequence","unverified; workflow definition unavailable","unverified","not tested","2026-10-09T12:48:35Z"
"egfi10VJpDEoSmwcnxQn","Peptides_Deck_Outboundsequence","{{trigger_link.egfi10VJpDEoSmwcnxQn}}","https://drive.google.com/file/d/1rypmtlVIDyxuN6Su1BVqm6uW9XnjbjvY/view?usp=sharing","drive_file","","",,,,,,"Peptides","unverified; workflow definition unavailable","unverified","not tested","2026-10-09T12:48:35Z"
"fRvpZgP1WOghlgY1ARiB","JohnWebsiteLinkInFollowups","{{trigger_link.fRvpZgP1WOghlgY1ARiB}}","https://livetransparent.com/?utm_source=email&utm_medium=outreach&utm_campaign=johnCannabis&utm_content=visit_site_john","website","","","email","outreach","johnCannabis","visit_site_john",,"Cannabis / legacy WL sequence","unverified; workflow definition unavailable","unverified","not tested","2026-10-09T12:48:35Z"
"nPzl7Eh9kT87aPqz8gIt","CannabisDispensery_Deck_OutboundSequence","{{trigger_link.nPzl7Eh9kT87aPqz8gIt}}","https://drive.google.com/file/d/1Nm0YiCcGo9EKalSYj-sY5V1UbSwGrvD9/view?usp=sharing","drive_file","","",,,,,,"Cannabis Dispensaries / DAN","unverified; workflow definition unavailable","unverified","not tested","2026-10-09T12:48:35Z"
"nqLFBlEsdm7qccr8Yyog","JohnBookingLink","{{trigger_link.nqLFBlEsdm7qccr8Yyog}}","https://api.leadconnectorhq.com/widget/booking/SrtXcFVyea7pFl3nTiIK?utm_source=email&utm_medium=outreach&utm_campaign=johnCannabis&utm_content=book_meeting_john","calendar_booking","SrtXcFVyea7pFl3nTiIK","Regulated Ads On Social/Search","email","outreach","johnCannabis","book_meeting_john",,"Cannabis / legacy WL sequence","unverified; workflow definition unavailable","unverified","not tested","2026-10-09T12:48:35Z"
"OZ2OqwKheg6opJI0hR86","Transparent eCom Website","{{trigger_link.OZ2OqwKheg6opJI0hR86}}","https://livetransparent.com/","website","","",,,,,,"","unverified; workflow definition unavailable","unverified","not tested","2026-10-09T12:48:35Z"
"QK1BzLSt58DtGPdXci3m","Gambling_Deck_OutboundSequence","{{trigger_link.QK1BzLSt58DtGPdXci3m}}","https://drive.google.com/file/d/1bBLXt1FWlcuu6unKkdGlOr1MiYP4rCoR/view?usp=sharing","drive_file","","",,,,,,"Gambling","unverified; workflow definition unavailable","unverified","not tested","2026-10-09T12:48:35Z"
"quqSUM8bckKaOIktVvgU","WL Seq Cannabis Ads - Book Regulated-Ads Meeting","{{trigger_link.quqSUM8bckKaOIktVvgU}}","https://api.leadconnectorhq.com/widget/booking/SrtXcFVyea7pFl3nTiIK?utm_source=email&utm_medium=outreach&utm_campaign=wl_seq_cannabis_ads&utm_content=book_meeting","calendar_booking","SrtXcFVyea7pFl3nTiIK","Regulated Ads On Social/Search","email","outreach","wl_seq_cannabis_ads","book_meeting",,"Cannabis / legacy WL sequence","unverified; workflow definition unavailable","unverified","not tested","2026-10-09T12:48:35Z"
"Vqyfr71neYZ0s3VyhQNS","Alcohol_Deck_Outboundsequence","{{trigger_link.Vqyfr71neYZ0s3VyhQNS}}","https://drive.google.com/file/d/1-xdvU50XenxwgNbF3rAn8p43xvSRbMq4/view?usp=sharing","drive_file","","",,,,,,"Alcohol","unverified; workflow definition unavailable","unverified","not tested","2026-10-09T12:48:35Z"
"wDSwphO1pOZgj8by70bA","Nicotine_Deck_Sequence","{{trigger_link.wDSwphO1pOZgj8by70bA}}","https://drive.google.com/file/d/1804gEUWiPrpexaRiGXu_fyFWK8LYA71d/view?usp=drive_link","drive_file","","",,,,,,"Nicotine","unverified; workflow definition unavailable","unverified","not tested","2026-10-09T12:48:35Z"
"ZxmZ3NnBju4K21p1xIYt","In-Store Data Case Study","{{trigger_link.ZxmZ3NnBju4K21p1xIYt}}","https://drive.google.com/file/d/1oy0I3AJEgUFA-jChzUDRqRpu1ZiHQCFs/view?usp=sharing","drive_file","","",,,,,,"","unverified; workflow definition unavailable","unverified","not tested","2026-10-09T12:48:35Z"
