"templateId","templateName","candidateVertical","href","triggerLinkId","bookingCalendarId","utm","workflowUse","readAtUtc"
"6ac8a0b522c8998f747cfd54","Crypto Brands - Email 3: The Proof","Crypto","https://api.leadconnectorhq.com/widget/booking/WS6lacfQK2XOhqN7mRaF?utm_source=cryptosequence","","WS6lacfQK2XOhqN7mRaF","utm_source=cryptosequence","not confirmed from workflow definition","2026-10-09T12:51:53Z"
"6ac8a0b71cdda3621d38b3eb","Crypto Brands - Email 5: The Breakup","Crypto","{{trigger_link.2AI4WzTP6SenyUbsJWFU}}","2AI4WzTP6SenyUbsJWFU","","","not confirmed from workflow definition","2026-10-09T12:51:53Z"
"6ac8a0b69ed784b5df3c4843","Crypto Brands - Email 4: The Direct Ask","Crypto","https://api.leadconnectorhq.com/widget/booking/WS6lacfQK2XOhqN7mRaF?utm_source=cryptosequence","","WS6lacfQK2XOhqN7mRaF","utm_source=cryptosequence","not confirmed from workflow definition","2026-10-09T12:51:54Z"
"6ac8a0b52991e7ab42619705","Crypto Brands - Email 2: How It Works","Crypto","{{trigger_link.2AI4WzTP6SenyUbsJWFU}}","2AI4WzTP6SenyUbsJWFU","","","not confirmed from workflow definition","2026-10-09T12:51:55Z"
"6ac8a0b52991e7ab42619705","Crypto Brands - Email 2: How It Works","Crypto","https://api.leadconnectorhq.com/widget/booking/WS6lacfQK2XOhqN7mRaF?utm_source=cryptosequence","","WS6lacfQK2XOhqN7mRaF","utm_source=cryptosequence","not confirmed from workflow definition","2026-10-09T12:51:55Z"
"6ac8a02b1cdda3621d38a9d6","Crypto Brands - Email 1: The Opener","Crypto","https://api.leadconnectorhq.com/widget/booking/WS6lacfQK2XOhqN7mRaF?utm_source=cryptosequence","","WS6lacfQK2XOhqN7mRaF","utm_source=cryptosequence","not confirmed from workflow definition","2026-10-09T12:51:56Z"
"6ac6bb429ed784b5df0ee312","Mushroom Brands - Email 5 - The Breakup","Mushroom","{{trigger_link.7UI7BG20vv4l4VsNpYQj}}","7UI7BG20vv4l4VsNpYQj","","","not confirmed from workflow definition","2026-10-09T12:51:57Z"
"6ac6ba1564b77b4db660c5b5","Mushroom Brands - Email 4 - The Direct Ask","Mushroom","https://api.leadconnectorhq.com/widget/booking/WS6lacfQK2XOhqN7mRaF?utm_source=mushroomemailcampaign","","WS6lacfQK2XOhqN7mRaF","utm_source=mushroomemailcampaign","not confirmed from workflow definition","2026-10-09T12:51:58Z"
"6ac6b8ea1a45a2bc8b2b7bca","Mushroom Brands - Email 3 - The Proof","Mushroom","https://api.leadconnectorhq.com/widget/booking/WS6lacfQK2XOhqN7mRaF?utm_source=mushroomemailcampaign","","WS6lacfQK2XOhqN7mRaF","utm_source=mushroomemailcampaign","not confirmed from workflow definition","2026-10-09T12:51:59Z"
"6ac6a19c1061d40a3a3d781a","Mushroom Brands - Email 2 - How It Works","Mushroom","{{trigger_link.7UI7BG20vv4l4VsNpYQj}}","7UI7BG20vv4l4VsNpYQj","","","not confirmed from workflow definition","2026-10-09T12:52:00Z"
"6ac6a19c1061d40a3a3d781a","Mushroom Brands - Email 2 - How It Works","Mushroom","https://api.leadconnectorhq.com/widget/booking/WS6lacfQK2XOhqN7mRaF?utm_source=mushroomemailcampaign","","WS6lacfQK2XOhqN7mRaF","utm_source=mushroomemailcampaign","not confirmed from workflow definition","2026-10-09T12:52:00Z"
"6ac69ed31ea8584cd76f300c","Mushroom Brands - Email 1 - The Opener","Mushroom","https://api.leadconnectorhq.com/widget/booking/WS6lacfQK2XOhqN7mRaF?utm_source=mushroomemailcampaign","","WS6lacfQK2XOhqN7mRaF","utm_source=mushroomemailcampaign","not confirmed from workflow definition","2026-10-09T12:52:01Z"
"69e0ddd0b021145bab3c4569","Jason - 06 - Cannabis Ads: Next Steps_EngagedMarketing","Cannabis","https://api.leadconnectorhq.com/widget/booking/WS6lacfQK2XOhqN7mRaF?utm_source=followupemails","","WS6lacfQK2XOhqN7mRaF","utm_source=followupemails","not confirmed from workflow definition","2026-10-09T12:52:02Z"
"69e0ddd0b021145bab3c4569","Jason - 06 - Cannabis Ads: Next Steps_EngagedMarketing","Cannabis","https://api.leadconnectorhq.com/widget/booking/WS6lacfQK2XOhqN7mRaF?utm_source=followupemails","","WS6lacfQK2XOhqN7mRaF","utm_source=followupemails","not confirmed from workflow definition","2026-10-09T12:52:02Z"
"69e0ddd0b021145bab3c4569","Jason - 06 - Cannabis Ads: Next Steps_EngagedMarketing","Cannabis","{{trigger_link.fRvpZgP1WOghlgY1ARiB}}","fRvpZgP1WOghlgY1ARiB","","","not confirmed from workflow definition","2026-10-09T12:52:02Z"
"69e0dcad8ffabf47b4d987c5","Jason - 05 - Cannabis Ads: Next Steps_EngagedExecutive","Cannabis","https://api.leadconnectorhq.com/widget/booking/WS6lacfQK2XOhqN7mRaF?utm_source=followupemails","","WS6lacfQK2XOhqN7mRaF","utm_source=followupemails","not confirmed from workflow definition","2026-10-09T12:52:03Z"
"69e0dcad8ffabf47b4d987c5","Jason - 05 - Cannabis Ads: Next Steps_EngagedExecutive","Cannabis","https://api.leadconnectorhq.com/widget/booking/WS6lacfQK2XOhqN7mRaF?utm_source=followupemails","","WS6lacfQK2XOhqN7mRaF","utm_source=followupemails","not confirmed from workflow definition","2026-10-09T12:52:03Z"
"69e0dcad8ffabf47b4d987c5","Jason - 05 - Cannabis Ads: Next Steps_EngagedExecutive","Cannabis","{{trigger_link.fRvpZgP1WOghlgY1ARiB}}","fRvpZgP1WOghlgY1ARiB","","","not confirmed from workflow definition","2026-10-09T12:52:03Z"
"69e0db27d6a707bbf190d022","Jason - 02 - Most Cannabis Brands Are Locked Out (Including You?)","Cannabis","https://api.leadconnectorhq.com/widget/booking/WS6lacfQK2XOhqN7mRaF?utm_source=followupemails","","WS6lacfQK2XOhqN7mRaF","utm_source=followupemails","not confirmed from workflow definition","2026-10-09T12:52:04Z"
"69e0db27d6a707bbf190d022","Jason - 02 - Most Cannabis Brands Are Locked Out (Including You?)","Cannabis","{{trigger_link.fRvpZgP1WOghlgY1ARiB}}","fRvpZgP1WOghlgY1ARiB","","","not confirmed from workflow definition","2026-10-09T12:52:04Z"
"6ac63d811a45a2bc8b1b8e7a","Nicotine Brands - Email 5 - The Breakup","Nicotine","{{trigger_link.wDSwphO1pOZgj8by70bA}}","wDSwphO1pOZgj8by70bA","","","not confirmed from workflow definition","2026-10-09T12:52:05Z"
"6ac63ca6f94e3d0736b558fb","Nicotine Brands - Email 4 - The Direct Ask","Nicotine","https://api.leadconnectorhq.com/widget/booking/WS6lacfQK2XOhqN7mRaF?utm_source=nicotinesequence","","WS6lacfQK2XOhqN7mRaF","utm_source=nicotinesequence","not confirmed from workflow definition","2026-10-09T12:52:06Z"
"6ac63bde647447b57a57151f","Nicotine Brands - Email 3 - The Proof","Nicotine","https://api.leadconnectorhq.com/widget/booking/WS6lacfQK2XOhqN7mRaF?utm_source=nicotinesequence","","WS6lacfQK2XOhqN7mRaF","utm_source=nicotinesequence","not confirmed from workflow definition","2026-10-09T12:52:07Z"
"6ac63add647447b57a5700cd","Nicotine Brands - Email 2 - How It Works","Nicotine","{{trigger_link.wDSwphO1pOZgj8by70bA}}","wDSwphO1pOZgj8by70bA","","","not confirmed from workflow definition","2026-10-09T12:52:08Z"
"6ac63add647447b57a5700cd","Nicotine Brands - Email 2 - How It Works","Nicotine","https://api.leadconnectorhq.com/widget/booking/WS6lacfQK2XOhqN7mRaF?utm_source=nicotinesequence","","WS6lacfQK2XOhqN7mRaF","utm_source=nicotinesequence","not confirmed from workflow definition","2026-10-09T12:52:08Z"
"6ac6356a7a16a0bf6ec53d6e","Nicotine Brands - Email 1 - The Opener","Nicotine","https://api.leadconnectorhq.com/widget/booking/WS6lacfQK2XOhqN7mRaF?utm_source=nicotinesequence","","WS6lacfQK2XOhqN7mRaF","utm_source=nicotinesequence","not confirmed from workflow definition","2026-10-09T12:52:09Z"
"6a4f6fdf525ebffbb911d88c","DAN - Brand 1 - Quick Question","Cannabis Dispensaries / DAN","{{trigger_link.quqSUM8bckKaOIktVvgU}}","quqSUM8bckKaOIktVvgU","","","not confirmed from workflow definition","2026-10-09T12:52:10Z"
"6a4f6fdf525ebffbb911d88c","DAN - Brand 1 - Quick Question","Cannabis Dispensaries / DAN","{{trigger_link.OZ2OqwKheg6opJI0hR86}}","OZ2OqwKheg6opJI0hR86","","","not confirmed from workflow definition","2026-10-09T12:52:10Z"
"6a4f6fdf525ebffbb911d88c","DAN - Brand 1 - Quick Question","Cannabis Dispensaries / DAN","{{trigger_link.OZ2OqwKheg6opJI0hR86}}","OZ2OqwKheg6opJI0hR86","","","not confirmed from workflow definition","2026-10-09T12:52:10Z"
"6a4f6fe71ad559bda2294793","DAN - Dispensary 5 - Closing","Cannabis Dispensaries / DAN","{{trigger_link.DDPOwxFCexuf3cYGOAPt}}","DDPOwxFCexuf3cYGOAPt","","","not confirmed from workflow definition","2026-10-09T12:52:11Z"
"6a4f6fe71ad559bda2294793","DAN - Dispensary 5 - Closing","Cannabis Dispensaries / DAN","{{trigger_link.quqSUM8bckKaOIktVvgU}}","quqSUM8bckKaOIktVvgU","","","not confirmed from workflow definition","2026-10-09T12:52:11Z"
"6a4f6fe71ad559bda2294793","DAN - Dispensary 5 - Closing","Cannabis Dispensaries / DAN","{{trigger_link.OZ2OqwKheg6opJI0hR86}}","OZ2OqwKheg6opJI0hR86","","","not confirmed from workflow definition","2026-10-09T12:52:11Z"
"6a4f6fe71ad559bda2294793","DAN - Dispensary 5 - Closing","Cannabis Dispensaries / DAN","{{trigger_link.OZ2OqwKheg6opJI0hR86}}","OZ2OqwKheg6opJI0hR86","","","not confirmed from workflow definition","2026-10-09T12:52:11Z"
"6a4f6fe6f74b73e4b5b9ad8d","DAN - Dispensary 4 - Founding Partner","Cannabis Dispensaries / DAN","{{trigger_link.quqSUM8bckKaOIktVvgU}}","quqSUM8bckKaOIktVvgU","","","not confirmed from workflow definition","2026-10-09T12:52:12Z"
"6a4f6fe6f74b73e4b5b9ad8d","DAN - Dispensary 4 - Founding Partner","Cannabis Dispensaries / DAN","{{trigger_link.OZ2OqwKheg6opJI0hR86}}","OZ2OqwKheg6opJI0hR86","","","not confirmed from workflow definition","2026-10-09T12:52:12Z"
"6a4f6fe6f74b73e4b5b9ad8d","DAN - Dispensary 4 - Founding Partner","Cannabis Dispensaries / DAN","{{trigger_link.OZ2OqwKheg6opJI0hR86}}","OZ2OqwKheg6opJI0hR86","","","not confirmed from workflow definition","2026-10-09T12:52:12Z"
"6a4f6fe55e7d25184dafed8a","DAN - Dispensary 3 - Housing Works","Cannabis Dispensaries / DAN","{{trigger_link.quqSUM8bckKaOIktVvgU}}","quqSUM8bckKaOIktVvgU","","","not confirmed from workflow definition","2026-10-09T12:52:13Z"
"6a4f6fe55e7d25184dafed8a","DAN - Dispensary 3 - Housing Works","Cannabis Dispensaries / DAN","{{trigger_link.OZ2OqwKheg6opJI0hR86}}","OZ2OqwKheg6opJI0hR86","","","not confirmed from workflow definition","2026-10-09T12:52:13Z"
"6a4f6fe55e7d25184dafed8a","DAN - Dispensary 3 - Housing Works","Cannabis Dispensaries / DAN","{{trigger_link.OZ2OqwKheg6opJI0hR86}}","OZ2OqwKheg6opJI0hR86","","","not confirmed from workflow definition","2026-10-09T12:52:13Z"
"6a4f6fe41ad559bda229477d","DAN - Dispensary 2 - How It Works","Cannabis Dispensaries / DAN","{{trigger_link.quqSUM8bckKaOIktVvgU}}","quqSUM8bckKaOIktVvgU","","","not confirmed from workflow definition","2026-10-09T12:52:14Z"
"6a4f6fe41ad559bda229477d","DAN - Dispensary 2 - How It Works","Cannabis Dispensaries / DAN","{{trigger_link.OZ2OqwKheg6opJI0hR86}}","OZ2OqwKheg6opJI0hR86","","","not confirmed from workflow definition","2026-10-09T12:52:14Z"
"6a4f6fe41ad559bda229477d","DAN - Dispensary 2 - How It Works","Cannabis Dispensaries / DAN","{{trigger_link.OZ2OqwKheg6opJI0hR86}}","OZ2OqwKheg6opJI0hR86","","","not confirmed from workflow definition","2026-10-09T12:52:14Z"
"6a4f6fe4890f1fb4ac750680","DAN - Dispensary 1 - Foot Traffic","Cannabis Dispensaries / DAN","{{trigger_link.quqSUM8bckKaOIktVvgU}}","quqSUM8bckKaOIktVvgU","","","not confirmed from workflow definition","2026-10-09T12:52:15Z"
"6a4f6fe4890f1fb4ac750680","DAN - Dispensary 1 - Foot Traffic","Cannabis Dispensaries / DAN","{{trigger_link.OZ2OqwKheg6opJI0hR86}}","OZ2OqwKheg6opJI0hR86","","","not confirmed from workflow definition","2026-10-09T12:52:15Z"
"6a4f6fe4890f1fb4ac750680","DAN - Dispensary 1 - Foot Traffic","Cannabis Dispensaries / DAN","{{trigger_link.OZ2OqwKheg6opJI0hR86}}","OZ2OqwKheg6opJI0hR86","","","not confirmed from workflow definition","2026-10-09T12:52:15Z"
"6a4f6fe3890f1fb4ac750664","DAN - Brand 5 - Closing","Cannabis Dispensaries / DAN","{{trigger_link.bNK7txDSQJkvrgmmH9aZ}}","bNK7txDSQJkvrgmmH9aZ","","","not confirmed from workflow definition","2026-10-09T12:52:16Z"
"6a4f6fe3890f1fb4ac750664","DAN - Brand 5 - Closing","Cannabis Dispensaries / DAN","{{trigger_link.quqSUM8bckKaOIktVvgU}}","quqSUM8bckKaOIktVvgU","","","not confirmed from workflow definition","2026-10-09T12:52:16Z"
"6a4f6fe3890f1fb4ac750664","DAN - Brand 5 - Closing","Cannabis Dispensaries / DAN","{{trigger_link.OZ2OqwKheg6opJI0hR86}}","OZ2OqwKheg6opJI0hR86","","","not confirmed from workflow definition","2026-10-09T12:52:16Z"
"6a4f6fe3890f1fb4ac750664","DAN - Brand 5 - Closing","Cannabis Dispensaries / DAN","{{trigger_link.OZ2OqwKheg6opJI0hR86}}","OZ2OqwKheg6opJI0hR86","","","not confirmed from workflow definition","2026-10-09T12:52:16Z"
"6a4f6fe2525ebffbb911d899","DAN - Brand 4 - Short Version","Cannabis Dispensaries / DAN","{{trigger_link.quqSUM8bckKaOIktVvgU}}","quqSUM8bckKaOIktVvgU","","","not confirmed from workflow definition","2026-10-09T12:52:17Z"
"6a4f6fe2525ebffbb911d899","DAN - Brand 4 - Short Version","Cannabis Dispensaries / DAN","{{trigger_link.OZ2OqwKheg6opJI0hR86}}","OZ2OqwKheg6opJI0hR86","","","not confirmed from workflow definition","2026-10-09T12:52:17Z"
"6a4f6fe2525ebffbb911d899","DAN - Brand 4 - Short Version","Cannabis Dispensaries / DAN","{{trigger_link.OZ2OqwKheg6opJI0hR86}}","OZ2OqwKheg6opJI0hR86","","","not confirmed from workflow definition","2026-10-09T12:52:17Z"
"6a4f6fe15e7d25184dafed44","DAN - Brand 3 - Housing Works","Cannabis Dispensaries / DAN","{{trigger_link.quqSUM8bckKaOIktVvgU}}","quqSUM8bckKaOIktVvgU","","","not confirmed from workflow definition","2026-10-09T12:52:18Z"
"6a4f6fe15e7d25184dafed44","DAN - Brand 3 - Housing Works","Cannabis Dispensaries / DAN","{{trigger_link.OZ2OqwKheg6opJI0hR86}}","OZ2OqwKheg6opJI0hR86","","","not confirmed from workflow definition","2026-10-09T12:52:18Z"
"6a4f6fe15e7d25184dafed44","DAN - Brand 3 - Housing Works","Cannabis Dispensaries / DAN","{{trigger_link.OZ2OqwKheg6opJI0hR86}}","OZ2OqwKheg6opJI0hR86","","","not confirmed from workflow definition","2026-10-09T12:52:18Z"
"6a4f6fe0f34b953ec0cfcf5d","DAN - Brand 2 - How It Works","Cannabis Dispensaries / DAN","{{trigger_link.quqSUM8bckKaOIktVvgU}}","quqSUM8bckKaOIktVvgU","","","not confirmed from workflow definition","2026-10-09T12:52:19Z"
"6a4f6fe0f34b953ec0cfcf5d","DAN - Brand 2 - How It Works","Cannabis Dispensaries / DAN","{{trigger_link.OZ2OqwKheg6opJI0hR86}}","OZ2OqwKheg6opJI0hR86","","","not confirmed from workflow definition","2026-10-09T12:52:19Z"
"6a4f6fe0f34b953ec0cfcf5d","DAN - Brand 2 - How It Works","Cannabis Dispensaries / DAN","{{trigger_link.OZ2OqwKheg6opJI0hR86}}","OZ2OqwKheg6opJI0hR86","","","not confirmed from workflow definition","2026-10-09T12:52:19Z"
"69d8cca59d3c3334b384f671","MSO Executive - Reliable Meta Access for Cannabis Brands","Cannabis","{{trigger_link.quqSUM8bckKaOIktVvgU}}","quqSUM8bckKaOIktVvgU","","","not confirmed from workflow definition","2026-10-09T12:52:20Z"
"69d8cca59d3c3334b384f671","MSO Executive - Reliable Meta Access for Cannabis Brands","Cannabis","{{trigger_link.dxi49iAhAFbdW5cXacD7}}","dxi49iAhAFbdW5cXacD7","","","not confirmed from workflow definition","2026-10-09T12:52:20Z"
"69d8cca59d3c3334b384f671","MSO Executive - Reliable Meta Access for Cannabis Brands","Cannabis","{{trigger_link.quqSUM8bckKaOIktVvgU}}","quqSUM8bckKaOIktVvgU","","","not confirmed from workflow definition","2026-10-09T12:52:20Z"
"69d8cca59d3c3334b384f671","MSO Executive - Reliable Meta Access for Cannabis Brands","Cannabis","{{trigger_link.dxi49iAhAFbdW5cXacD7}}","dxi49iAhAFbdW5cXacD7","","","not confirmed from workflow definition","2026-10-09T12:52:20Z"
"699496f3513c7b5b99358956","3. Breakthrough Alert: Cannabis/Mushroom Advertising on Meta!","Mushroom","{{trigger_link.dxi49iAhAFbdW5cXacD7}}","dxi49iAhAFbdW5cXacD7","","","not confirmed from workflow definition","2026-10-09T12:52:21Z"
"699496f3513c7b5b99358956","3. Breakthrough Alert: Cannabis/Mushroom Advertising on Meta!","Mushroom","{{trigger_link.dxi49iAhAFbdW5cXacD7}}","dxi49iAhAFbdW5cXacD7","","","not confirmed from workflow definition","2026-10-09T12:52:21Z"
"699496f3513c7b5b99358956","3. Breakthrough Alert: Cannabis/Mushroom Advertising on Meta!","Mushroom","{{trigger_link.quqSUM8bckKaOIktVvgU}}","quqSUM8bckKaOIktVvgU","","","not confirmed from workflow definition","2026-10-09T12:52:21Z"
"699496f3513c7b5b99358956","3. Breakthrough Alert: Cannabis/Mushroom Advertising on Meta!","Mushroom","{{trigger_link.dxi49iAhAFbdW5cXacD7}}","dxi49iAhAFbdW5cXacD7","","","not confirmed from workflow definition","2026-10-09T12:52:21Z"
"699497089b6d05513f8e69f7","1. Say Goodbye To Censored Cannabis Ads On Meta","Cannabis","{{trigger_link.dxi49iAhAFbdW5cXacD7}}","dxi49iAhAFbdW5cXacD7","","","not confirmed from workflow definition","2026-10-09T12:52:22Z"
"699497089b6d05513f8e69f7","1. Say Goodbye To Censored Cannabis Ads On Meta","Cannabis","{{trigger_link.quqSUM8bckKaOIktVvgU}}","quqSUM8bckKaOIktVvgU","","","not confirmed from workflow definition","2026-10-09T12:52:22Z"
"699497089b6d05513f8e69f7","1. Say Goodbye To Censored Cannabis Ads On Meta","Cannabis","{{trigger_link.dxi49iAhAFbdW5cXacD7}}","dxi49iAhAFbdW5cXacD7","","","not confirmed from workflow definition","2026-10-09T12:52:22Z"
"699497089b6d05513f8e69f7","1. Say Goodbye To Censored Cannabis Ads On Meta","Cannabis","{{trigger_link.quqSUM8bckKaOIktVvgU}}","quqSUM8bckKaOIktVvgU","","","not confirmed from workflow definition","2026-10-09T12:52:22Z"
"699497089b6d05513f8e69f7","1. Say Goodbye To Censored Cannabis Ads On Meta","Cannabis","{{trigger_link.dxi49iAhAFbdW5cXacD7}}","dxi49iAhAFbdW5cXacD7","","","not confirmed from workflow definition","2026-10-09T12:52:22Z"
"69945c58bb780b319e1da46e","05 - Cannabis Ads-4-V1 - Save $200k On EBITA","Cannabis","{{trigger_link.dxi49iAhAFbdW5cXacD7}}","dxi49iAhAFbdW5cXacD7","","","not confirmed from workflow definition","2026-10-09T12:52:23Z"
"69945c58bb780b319e1da46e","05 - Cannabis Ads-4-V1 - Save $200k On EBITA","Cannabis","{{trigger_link.quqSUM8bckKaOIktVvgU}}","quqSUM8bckKaOIktVvgU","","","not confirmed from workflow definition","2026-10-09T12:52:23Z"
"69945c58bb780b319e1da46e","05 - Cannabis Ads-4-V1 - Save $200k On EBITA","Cannabis","{{trigger_link.dxi49iAhAFbdW5cXacD7}}","dxi49iAhAFbdW5cXacD7","","","not confirmed from workflow definition","2026-10-09T12:52:23Z"
"69945c589b6d0572758ac782","04 - Cannabis Ads-5-V1 - Let's Talk About Failure","Cannabis","{{trigger_link.quqSUM8bckKaOIktVvgU}}","quqSUM8bckKaOIktVvgU","","","not confirmed from workflow definition","2026-10-09T12:52:24Z"
"69945c589b6d0572758ac782","04 - Cannabis Ads-5-V1 - Let's Talk About Failure","Cannabis","{{trigger_link.dxi49iAhAFbdW5cXacD7}}","dxi49iAhAFbdW5cXacD7","","","not confirmed from workflow definition","2026-10-09T12:52:24Z"
"69945c589b6d0572758ac782","04 - Cannabis Ads-5-V1 - Let's Talk About Failure","Cannabis","{{trigger_link.quqSUM8bckKaOIktVvgU}}","quqSUM8bckKaOIktVvgU","","","not confirmed from workflow definition","2026-10-09T12:52:24Z"
"69945c589b6d0572758ac782","04 - Cannabis Ads-5-V1 - Let's Talk About Failure","Cannabis","{{trigger_link.dxi49iAhAFbdW5cXacD7}}","dxi49iAhAFbdW5cXacD7","","","not confirmed from workflow definition","2026-10-09T12:52:24Z"
"69945c572d86464f4f3729f9","03 - Cannabis Ads-1-V1 - Breakthrough Alert","Cannabis","{{trigger_link.dxi49iAhAFbdW5cXacD7}}","dxi49iAhAFbdW5cXacD7","","","not confirmed from workflow definition","2026-10-09T12:52:25Z"
"69945c572d86464f4f3729f9","03 - Cannabis Ads-1-V1 - Breakthrough Alert","Cannabis","{{trigger_link.dxi49iAhAFbdW5cXacD7}}","dxi49iAhAFbdW5cXacD7","","","not confirmed from workflow definition","2026-10-09T12:52:25Z"
"69945c572d86464f4f3729f9","03 - Cannabis Ads-1-V1 - Breakthrough Alert","Cannabis","{{trigger_link.quqSUM8bckKaOIktVvgU}}","quqSUM8bckKaOIktVvgU","","","not confirmed from workflow definition","2026-10-09T12:52:25Z"
"69945c572d86464f4f3729f9","03 - Cannabis Ads-1-V1 - Breakthrough Alert","Cannabis","{{trigger_link.dxi49iAhAFbdW5cXacD7}}","dxi49iAhAFbdW5cXacD7","","","not confirmed from workflow definition","2026-10-09T12:52:25Z"
"69945c56f951eb275cefd7b5","02 - Cannabis Ads-3-V5 - Why Do Ad Agencies Suck","Cannabis","{{trigger_link.quqSUM8bckKaOIktVvgU}}","quqSUM8bckKaOIktVvgU","","","not confirmed from workflow definition","2026-10-09T12:52:26Z"
"69945c56f951eb275cefd7b5","02 - Cannabis Ads-3-V5 - Why Do Ad Agencies Suck","Cannabis","{{trigger_link.dxi49iAhAFbdW5cXacD7}}","dxi49iAhAFbdW5cXacD7","","","not confirmed from workflow definition","2026-10-09T12:52:26Z"
"69945c56f951eb275cefd7b5","02 - Cannabis Ads-3-V5 - Why Do Ad Agencies Suck","Cannabis","{{trigger_link.dxi49iAhAFbdW5cXacD7}}","dxi49iAhAFbdW5cXacD7","","","not confirmed from workflow definition","2026-10-09T12:52:26Z"
"69945c56f951eb275cefd7b5","02 - Cannabis Ads-3-V5 - Why Do Ad Agencies Suck","Cannabis","{{trigger_link.quqSUM8bckKaOIktVvgU}}","quqSUM8bckKaOIktVvgU","","","not confirmed from workflow definition","2026-10-09T12:52:26Z"
"69945c56f951eb275cefd7b5","02 - Cannabis Ads-3-V5 - Why Do Ad Agencies Suck","Cannabis","{{trigger_link.dxi49iAhAFbdW5cXacD7}}","dxi49iAhAFbdW5cXacD7","","","not confirmed from workflow definition","2026-10-09T12:52:26Z"
"69945c55970c5901d8304fc3","01 - Cannabis Ads-1-V5 - Say Goodbye To Censored Cannabis Ads On Meta","Cannabis","{{trigger_link.dxi49iAhAFbdW5cXacD7}}","dxi49iAhAFbdW5cXacD7","","","not confirmed from workflow definition","2026-10-09T12:52:27Z"
"69945c55970c5901d8304fc3","01 - Cannabis Ads-1-V5 - Say Goodbye To Censored Cannabis Ads On Meta","Cannabis","{{trigger_link.quqSUM8bckKaOIktVvgU}}","quqSUM8bckKaOIktVvgU","","","not confirmed from workflow definition","2026-10-09T12:52:27Z"
"69945c55970c5901d8304fc3","01 - Cannabis Ads-1-V5 - Say Goodbye To Censored Cannabis Ads On Meta","Cannabis","{{trigger_link.dxi49iAhAFbdW5cXacD7}}","dxi49iAhAFbdW5cXacD7","","","not confirmed from workflow definition","2026-10-09T12:52:27Z"
"69945c55970c5901d8304fc3","01 - Cannabis Ads-1-V5 - Say Goodbye To Censored Cannabis Ads On Meta","Cannabis","{{trigger_link.quqSUM8bckKaOIktVvgU}}","quqSUM8bckKaOIktVvgU","","","not confirmed from workflow definition","2026-10-09T12:52:27Z"
"69945c55970c5901d8304fc3","01 - Cannabis Ads-1-V5 - Say Goodbye To Censored Cannabis Ads On Meta","Cannabis","{{trigger_link.dxi49iAhAFbdW5cXacD7}}","dxi49iAhAFbdW5cXacD7","","","not confirmed from workflow definition","2026-10-09T12:52:27Z"
